﻿#;Рег. Номер;Оригинал *;Согласие;Сумма;Тип;Математика;Предмет 2;Русский язык;Индивидуальное достижение;Выбранный предмет 2;Общежитие;Признак *;Приоритетное;Индивидуальные предпочтения;Примечания;Статус
;;;;;;;;;;;;;право;;;
8;162-719-094 75;;;300;ЕГЭ;92;98;100;10;Информатика и ИКТ;+;;;3;;Подано
9;205-189-153 50;;;297;ЕГЭ;96;98;96;7;Информатика и ИКТ;;;;1;;Подано
10;158-008-092 56;;;297;ЕГЭ;94;95;100;8;Информатика и ИКТ;+;;;3;;Подано
11;173-696-954 30;;;296;ЕГЭ;92;100;94;10;Физика;+;;;2;;Подано
12;166-195-374 96;+;;293;ЕГЭ;90;99;96;8;Информатика и ИКТ;+;;;6;;Подано
13;206-705-102 26;;;293;ЕГЭ;100;98;85;10;Информатика и ИКТ;+;;;1;;Подано
14;165-847-831 17;;;293;ЕГЭ;88;97;98;10;Физика;+;;;1;;Подано
15;171-590-758 85;;;291;ЕГЭ;100;100;91;;Физика;+;;;1;;Подано
16;145-122-410 13;;;291;ЕГЭ;90;100;96;5;Информатика и ИКТ;;;+;1;;Подано
17;153-004-380 10;;;290;ЕГЭ;96;98;96;;Информатика и ИКТ;+;;;2;;Подано
18;163-419-290 66;+;+;289;ЕГЭ;90;93;96;10;Информатика и ИКТ;+;;;1;;Подано
19;170-131-774 28;;;288;ЕГЭ;100;93;85;10;Информатика и ИКТ;+;;;1;;Подано
20;200-599-805 57;;;287;ЕГЭ;92;87;98;10;Физика;+;;;1;;Подано
21;133-894-593 98;;;287;ЕГЭ;88;100;89;10;Информатика и ИКТ;+;;+;1;;Подано
22;192-491-743 99;;;287;ЕГЭ;88;93;96;10;Информатика и ИКТ;+;;;1;;Подано
23;180-187-925 82;;;286;ЕГЭ;94;93;94;5;Информатика и ИКТ;+;;;2;;Подано
24;175-673-789 27;;;285;ЕГЭ;96;93;96;;Информатика и ИКТ;+;;;1;;Подано
25;155-967-242 10;;;285;ЕГЭ;82;100;98;5;Информатика и ИКТ;+;;;1;;Подано
26;145-972-496 07;;;285;ЕГЭ;92;98;85;10;Информатика и ИКТ;+;;;1;;Подано
27;165-517-623 79;+;+;285;ЕГЭ;88;100;87;10;Информатика и ИКТ;+;;;1;;Подано
28;191-689-475 29;;;284;ЕГЭ;94;89;96;5;Физика;+;;;1;;Подано
29;181-319-047 53;;;284;ЕГЭ;92;93;94;5;Физика;+;;;2;;Подано
30;165-045-651 60;;;284;ЕГЭ;90;95;89;10;Информатика и ИКТ;+;;;4;;Подано
31;173-391-699 97;;;283;ЕГЭ;90;97;91;5;Физика;;;;1;;Подано
32;162-761-094 68;;;283;ЕГЭ;94;87;96;6;Физика;+;;;3;;Подано
33;183-256-920 85;;;283;ЕГЭ;92;90;94;7;Информатика и ИКТ;+;;;1;;Подано
34;164-619-366 88;;;283;ЕГЭ;84;100;89;10;Физика;+;;;3;;Подано
35;165-486-150 92;+;+;282;ЕГЭ;90;100;87;5;Информатика и ИКТ;+;;;1;;Подано
36;173-980-654 10;;;282;ЕГЭ;86;100;89;7;Информатика и ИКТ;+;;;1;;Подано
37;151-728-284 65;;;282;ЕГЭ;88;88;96;10;Информатика и ИКТ;+;;;1;;Подано
38;189-256-150 08;;;281;ЕГЭ;90;100;89;2;Физика;+;;;2;;Подано
39;142-966-350 81;;;281;ЕГЭ;92;95;89;5;Информатика и ИКТ;+;;;1;;Подано
40;166-582-270 96;;;281;ЕГЭ;84;89;98;10;Физика;;;;2;;Подано
41;165-637-617 97;;;281;ЕГЭ;82;93;96;10;Физика;+;;;2;;Подано
42;152-905-269 63;;;281;ЕГЭ;80;95;96;10;Физика;+;;;2;;Подано
43;143-712-556 47;;;280;ЕГЭ;94;95;89;2;Информатика и ИКТ;+;;;1;;Подано
44;164-785-031 93;;;280;ЕГЭ;92;98;85;5;Информатика и ИКТ;+;;;1;;Подано
45;145-963-983 16;;;280;ЕГЭ;90;98;87;5;Информатика и ИКТ;+;;;1;;Подано
46;165-486-154 96;;;280;ЕГЭ;88;93;94;5;Физика;+;;;1;;Подано
47;165-132-188 47;;;280;ЕГЭ;86;93;96;5;Информатика и ИКТ;+;;;3;;Подано
48;154-389-206 82;;;280;ЕГЭ;86;93;96;5;Информатика и ИКТ;+;;+;1;;Подано
49;200-505-456 96;;;280;ЕГЭ;92;93;89;6;Информатика и ИКТ;+;;;1;;Подано
50;166-172-793 89;;;280;ЕГЭ;100;85;85;10;Информатика и ИКТ;+;;;1;;Подано
51;175-987-614 44;;;280;ЕГЭ;88;100;82;10;Информатика и ИКТ;+;;;2;;Подано
52;150-729-145 52;;;280;ЕГЭ;84;95;91;10;Информатика и ИКТ;+;;;8;;Подано
53;171-618-959 90;;;279;ЕГЭ;98;90;91;;Информатика и ИКТ;+;;;2;;Подано
54;175-058-367 84;;;279;ЕГЭ;90;93;96;;Информатика и ИКТ;;;;5;;Подано
55;173-377-011 69;;;279;ЕГЭ;88;95;96;;Информатика и ИКТ;;;;1;;Подано
56;206-681-027 50;+;+;279;ЕГЭ;88;90;96;5;Информатика и ИКТ;+;;;1;;Подано
57;159-416-445 89;;;279;ЕГЭ;78;100;94;7;Информатика и ИКТ;+;;;1;;Подано
58;170-464-213 45;;;279;ЕГЭ;84;93;94;8;Информатика и ИКТ;+;;;1;;Подано
59;202-552-780 31;;;279;ЕГЭ;78;91;100;10;Физика;+;;;4;;Подано
60;194-905-134 95;;;278;ЕГЭ;90;90;98;;Информатика и ИКТ;+;;;1;;Подано
61;169-148-937 16;;;278;ЕГЭ;88;85;100;5;Информатика и ИКТ;+;;;1;;Подано
62;147-152-237 47;+;;278;ЕГЭ;84;90;96;8;Информатика и ИКТ;+;;;1;;Подано
63;133-040-186 99;;;278;ЕГЭ;92;87;89;10;Физика;+;;+;5;;Подано
64;181-744-369 87;;;278;ЕГЭ;88;89;91;10;Физика;;;;1;;Подано
65;136-191-297 60;;;278;ЕГЭ;82;95;91;10;Физика;+;;;2;;Подано
66;164-769-893 36;;;278;ЕГЭ;82;95;91;10;Информатика и ИКТ;+;;;2;;Подано
67;197-197-339 31;+;+;278;ЕГЭ;82;88;98;10;Информатика и ИКТ;+;;;1;;Подано
68;160-543-170 35;;;277;ЕГЭ;86;95;96;;Информатика и ИКТ;+;;;1;;Подано
69;151-313-276 16;;;277;ЕГЭ;88;93;91;5;Информатика и ИКТ;+;;;1;;Подано
70;175-692-680 21;;;277;ЕГЭ;88;90;94;5;Информатика и ИКТ;+;;;1;;Подано
71;146-379-166 92;;;277;ЕГЭ;86;90;96;5;Информатика и ИКТ;+;;+;2;;Подано
72;162-789-599 29;+;+;277;ЕГЭ;84;90;98;5;Информатика и ИКТ;+;;;1;;Подано
73;175-805-601 86;ЕПГУ;+;277;ЕГЭ;84;88;100;5;Информатика и ИКТ;+;;;3;;Подано
74;183-539-031 81;;;277;ЕГЭ;88;90;91;8;Информатика и ИКТ;;;;2;;Подано
75;173-746-592 05;;;277;ЕГЭ;92;90;85;10;Информатика и ИКТ;+;;;1;;Подано
76;185-891-702 26;+;+;277;ЕГЭ;86;85;96;10;Информатика и ИКТ;;;;1;;Подано
77;167-909-356 19;+;;277;ЕГЭ;86;85;96;10;Информатика и ИКТ;+;;;2;;Подано
78;159-736-417 12;+;+;276;ЕГЭ;92;88;91;5;Информатика и ИКТ;+;;;1;;Подано
79;165-820-223 62;;;276;ЕГЭ;84;100;87;5;Физика;+;;;1;;Подано
80;158-840-082 90;;;276;ЕГЭ;90;90;89;7;Информатика и ИКТ;+;;;1;;Подано
81;166-829-776 32;;;276;ЕГЭ;80;95;94;7;Физика;+;;;4;;Подано
82;142-106-539 14;ЕПГУ;+;276;ЕГЭ;88;93;87;8;Информатика и ИКТ;+;;;5;;Подано
83;165-252-083 55;;+;276;ЕГЭ;86;98;82;10;Информатика и ИКТ;+;;;1;;Подано
84;169-699-397 69;;+;276;ЕГЭ;84;95;87;10;Физика;+;;;1;;Подано
85;195-165-521 91;;;276;ЕГЭ;84;95;87;10;Информатика и ИКТ;+;;;1;;Подано
86;177-633-469 08;;;276;ЕГЭ;84;88;94;10;Информатика и ИКТ;;;;2;;Подано
87;176-435-820 93;;;276;ЕГЭ;80;90;96;10;Информатика и ИКТ;+;;;2;;Подано
88;174-164-751 76;;;276;ЕГЭ;78;88;100;10;Информатика и ИКТ;+;;;5;;Подано
89;170-967-643 04;;;275;ЕГЭ;88;93;94;;Физика;;;;3;;Подано
90;155-323-090 41;ЕПГУ;+;275;ЕГЭ;82;93;100;;Информатика и ИКТ;+;;;1;;Подано
91;151-819-677 83;;;275;ЕГЭ;88;95;87;5;Физика;+;;;3;;Подано
92;193-500-948 74;;;275;ЕГЭ;86;95;89;5;Информатика и ИКТ;+;;;1;;Подано
93;160-357-595 65;;;275;ЕГЭ;86;93;91;5;Информатика и ИКТ;+;;;1;;Подано
94;149-556-959 27;;;275;ЕГЭ;86;88;96;5;Информатика и ИКТ;+;;;2;;Подано
95;180-318-094 49;;;275;ЕГЭ;82;95;91;7;Информатика и ИКТ;+;;;1;;Подано
96;158-992-317 28;;;275;ЕГЭ;88;83;96;8;Информатика и ИКТ;+;;;3;;Подано
97;206-717-438 60;ЕПГУ;+;275;ЕГЭ;82;98;87;8;Информатика и ИКТ;+;;;1;;Подано
98;141-400-176 95;;;275;ЕГЭ;76;95;96;8;Информатика и ИКТ;+;;;2;;Подано
99;191-680-929 02;+;;275;ЕГЭ;90;90;85;10;Информатика и ИКТ;+;;;2;;Подано
100;158-395-708 15;;+;275;ЕГЭ;84;90;91;10;Информатика и ИКТ;+;;;1;;Подано
101;144-541-098 48;+;;275;ЕГЭ;84;85;96;10;Физика;+;;;2;;Подано
102;173-501-864 59;;;275;ЕГЭ;80;87;98;10;Физика;;;;4;;Подано
103;170-744-311 54;;;274;ЕГЭ;92;95;87;;Информатика и ИКТ;;;;1;;Подано
104;167-405-910 78;;;274;ЕГЭ;90;97;87;;Физика;+;;;1;;Подано
105;184-345-486 92;;;274;ЕГЭ;90;93;91;+;Информатика и ИКТ;+;;;2;;Подано
106;164-153-001 28;;;274;ЕГЭ;86;88;100;;Информатика и ИКТ;;;;2;;Подано
107;204-914-304 33;;;274;ЕГЭ;84;91;94;5;Физика;+;;;4;;Подано
108;191-225-867 72;+;+;274;ЕГЭ;80;93;96;5;Информатика и ИКТ;+;;;1;;Подано
109;164-601-068 44;;;274;ЕГЭ;86;83;98;7;Информатика и ИКТ;+;;;2;;Подано
110;165-192-587 88;+;+;274;ЕГЭ;80;90;96;8;Информатика и ИКТ;+;;;1;;Подано
111;173-381-002 49;;;274;ЕГЭ;88;85;91;10;Физика;+;;;1;;Подано
112;184-349-119 88;;;274;ЕГЭ;84;98;82;10;Информатика и ИКТ;+;;;1;;Подано
113;164-752-455 86;;;274;ЕГЭ;84;89;91;10;Физика;+;;;3;;Подано
114;164-152-330 38;;;273;ЕГЭ;82;100;91;;Информатика и ИКТ;;;;2;;Подано
115;164-998-379 46;;;273;ЕГЭ;90;87;91;5;Физика;+;;;5;;Подано
116;158-378-445 13;;;273;ЕГЭ;86;95;87;5;Информатика и ИКТ;+;;;1;;Подано
117;164-515-906 72;;;273;ЕГЭ;86;93;89;5;Информатика и ИКТ;+;;;1;;Подано
118;199-792-523 59;;;273;ЕГЭ;84;88;96;5;Информатика и ИКТ;+;;;4;;Подано
119;195-698-033 36;+;;273;ЕГЭ;86;90;89;8;Информатика и ИКТ;+;;;5;;Подано
120;157-626-216 81;;;273;ЕГЭ;86;83;96;8;Информатика и ИКТ;;;;1;;Подано
121;171-259-932 79;;;273;ЕГЭ;90;93;80;10;Физика;+;;;3;;Подано
122;155-669-216 99;;;273;ЕГЭ;86;99;78;10;Физика;+;;;4;;Подано
123;154-864-170 87;;;273;ЕГЭ;86;90;87;10;Информатика и ИКТ;+;;;1;;Подано
124;160-162-844 36;+;;273;ЕГЭ;86;88;89;10;Информатика и ИКТ;+;;;3;;Подано
125;166-221-438 50;;;273;ЕГЭ;78;98;87;10;Информатика и ИКТ;+;;;1;;Подано
126;180-574-805 82;;;272;ЕГЭ;96;85;91;;Информатика и ИКТ;+;;;2;;Подано
127;163-789-182 15;+;+;272;ЕГЭ;90;93;89;;Информатика и ИКТ;+;;;3;;Подано
128;186-001-635 47;;;272;ЕГЭ;88;90;94;;Информатика и ИКТ;+;;;1;;Подано
129;126-546-472 68;;;272;ЕГЭ;80;94;98;;Физика;;;;5;;Подано
130;201-862-796 55;;;272;ЕГЭ;80;88;96;8;Информатика и ИКТ;+;;;1;;Подано
131;189-187-493 41;+;+;272;ЕГЭ;94;88;80;10;Информатика и ИКТ;;;;1;;Подано
132;209-529-343 76;;+;272;ЕГЭ;92;70;100;10;Информатика и ИКТ;;;;1;;Подано
133;175-437-641 93;+;+;272;ЕГЭ;84;93;85;10;Информатика и ИКТ;+;;;2;;Подано
134;195-772-825 32;+;+;272;ЕГЭ;84;80;98;10;Физика;+;;;1;;Подано
135;172-375-313 65;;;272;ЕГЭ;80;100;82;10;Физика;+;;;1;;Подано
136;169-442-007 78;;;272;ЕГЭ;78;95;89;10;Информатика и ИКТ;+;;;3;;Подано
137;185-094-592 02;;;271;ЕГЭ;90;90;91;;Информатика и ИКТ;+;;;1;;Подано
138;155-494-042 78;;;271;ЕГЭ;88;89;94;;Физика;+;;;2;;Подано
139;173-870-984 14;;;271;ЕГЭ;84;93;94;;Информатика и ИКТ;+;;;3;;Подано
140;133-564-928 68;;;271;ЕГЭ;82;98;91;;Информатика и ИКТ;;;;1;;Подано
141;167-329-667 05;+;;271;ЕГЭ;82;93;96;;Информатика и ИКТ;+;;;5;;Подано
142;134-731-719 53;;;271;ЕГЭ;82;91;98;;Физика;+;;;4;;Подано
143;172-435-271 58;;;271;ЕГЭ;80;93;98;;Информатика и ИКТ;+;;;3;;Подано
144;208-941-650 79;;;271;ЕГЭ;94;83;89;5;Информатика и ИКТ;;;;3;;Подано
145;166-776-445 23;;;271;ЕГЭ;82;93;91;5;Информатика и ИКТ;+;;;4;;Подано
146;158-550-217 74;;;271;ЕГЭ;82;93;91;5;Информатика и ИКТ;+;;;2;;Подано
147;184-120-704 41;;;271;ЕГЭ;92;83;89;7;Информатика и ИКТ;;;;1;;Подано
148;158-215-219 58;;;271;ЕГЭ;82;91;91;7;Физика;+;;;1;;Подано
149;158-572-611 98;;;271;ЕГЭ;78;90;96;7;Информатика и ИКТ;+;;;1;;Подано
150;172-778-683 23;+;;271;ЕГЭ;94;91;76;10;Физика;+;;;2;;Подано
151;164-832-454 81;+;+;271;ЕГЭ;90;89;82;10;Физика;+;;;1;;Подано
152;154-756-612 89;+;;271;ЕГЭ;82;90;89;10;Информатика и ИКТ;;;;2;;Подано
153;185-124-468 71;+;+;271;ЕГЭ;80;90;91;10;Информатика и ИКТ;;;;1;;Подано
154;158-596-452 26;;;271;ЕГЭ;80;90;91;10;Информатика и ИКТ;+;;;5;;Подано
155;165-938-539 21;;;270;ЕГЭ;100;85;85;+;Информатика и ИКТ;+;;;1;;Подано
156;174-531-141 53;+;+;270;ЕГЭ;90;91;89;;Физика;+;;;2;;Подано
157;133-683-076 61;;;270;ЕГЭ;88;88;94;;Информатика и ИКТ;+;;+;1;;Подано
158;133-803-665 48;+;;270;ЕГЭ;86;93;91;;Информатика и ИКТ;+;;;2;;Подано
159;167-016-457 63;;;270;ЕГЭ;86;90;94;;Информатика и ИКТ;;;;1;;Подано
160;186-584-367 27;;;270;ЕГЭ;84;95;91;;Информатика и ИКТ;+;;;2;;Подано
161;158-208-991 94;;;270;ЕГЭ;82;90;98;;Информатика и ИКТ;+;;;2;;Подано
162;132-699-671 96;;;270;ЕГЭ;82;90;98;;Информатика и ИКТ;+;;+;1;;Подано
163;141-538-613 47;;;270;ЕГЭ;78;98;94;;Информатика и ИКТ;+;;;1;;Подано
164;147-385-753 00;;;270;ЕГЭ;86;93;89;2;Информатика и ИКТ;+;;;1;;Подано
165;201-590-561 27;;;270;ЕГЭ;88;90;87;5;Информатика и ИКТ;+;;;4;;Подано
166;167-082-348 78;;;270;ЕГЭ;86;90;89;5;Информатика и ИКТ;+;;;1;;Подано
167;153-513-601 35;;;270;ЕГЭ;86;90;89;5;Информатика и ИКТ;+;;;1;;Подано
168;186-030-145 45;;;270;ЕГЭ;86;88;91;5;Информатика и ИКТ;;;;1;;Подано
169;160-913-482 57;;;270;ЕГЭ;86;88;91;5;Информатика и ИКТ;+;;;3;;Подано
170;176-119-370 76;;;270;ЕГЭ;86;85;94;5;Физика;+;;;1;;Подано
171;165-276-815 93;;;270;ЕГЭ;84;85;96;5;Информатика и ИКТ;+;;;3;;Подано
172;200-750-188 11;ЕПГУ;+;270;ЕГЭ;78;93;94;5;Информатика и ИКТ;+;;;3;;Подано
173;161-365-346 54;;;270;ЕГЭ;78;93;94;5;Информатика и ИКТ;+;;;1;;Подано
174;130-864-924 61;;;270;ЕГЭ;82;83;98;7;Физика;+;;+;1;;Подано
175;189-258-523 25;;;270;ЕГЭ;82;91;89;8;Физика;+;;;1;;Подано
176;169-477-565 37;;;270;ЕГЭ;78;90;94;8;Информатика и ИКТ;+;;;3;;Подано
177;165-469-313 95;;;270;ЕГЭ;90;85;85;10;Информатика и ИКТ;+;;;3;;Подано
178;156-681-912 00;+;+;270;ЕГЭ;86;83;91;10;Информатика и ИКТ;;;;1;;Подано
179;168-377-066 10;;;270;ЕГЭ;78;88;94;10;Информатика и ИКТ;;;;4;;Подано
180;195-701-157 81;;;270;ЕГЭ;76;93;91;10;Информатика и ИКТ;;;;5;;Подано
181;204-181-190 16;;;270;ЕГЭ;74;90;96;10;Информатика и ИКТ;+;;;1;;Подано
182;158-715-116 82;;;270;ЕГЭ;72;90;98;10;Информатика и ИКТ;+;;;5;;Подано
183;150-830-865 52;;;269;ЕГЭ;94;91;84;;Физика;+;;;3;;Подано
184;160-404-703 20;;;269;ЕГЭ;88;93;88;;Информатика и ИКТ;+;;;3;;Подано
185;167-587-406 20;;;269;ЕГЭ;90;83;91;5;Информатика и ИКТ;+;;;1;;Подано
186;164-480-964 91;;;269;ЕГЭ;82;93;89;5;Информатика и ИКТ;+;;;1;;Подано
187;154-329-827 75;;;269;ЕГЭ;80;90;94;5;Информатика и ИКТ;;;;1;;Подано
188;173-399-310 95;;;269;ЕГЭ;78;95;91;5;Информатика и ИКТ;+;;;2;;Подано
189;161-689-201 82;;;269;ЕГЭ;78;88;98;5;Информатика и ИКТ;+;;;1;;Подано
190;189-064-327 00;;;269;ЕГЭ;76;92;96;5;Информатика и ИКТ;+;;;3;;Подано
191;164-314-833 56;;;269;ЕГЭ;90;85;87;7;Информатика и ИКТ;+;;;1;;Подано
192;157-433-943 86;;;269;ЕГЭ;92;85;82;10;Информатика и ИКТ;+;;;2;;Подано
193;159-934-692 33;;;269;ЕГЭ;90;93;76;10;Информатика и ИКТ;;;;2;;Подано
194;165-446-377 89;;;269;ЕГЭ;80;90;89;10;Информатика и ИКТ;+;;;1;;Подано
195;152-681-793 84;;;269;ЕГЭ;80;85;94;10;Физика;+;;;3;;Подано
196;170-522-411 27;;;268;ЕГЭ;96;99;73;;Физика;+;;;3;;Подано
197;176-321-580 69;;;268;ЕГЭ;86;93;89;;Физика;+;;;2;;Подано
198;167-533-614 86;;;268;ЕГЭ;84;93;91;;Информатика и ИКТ;+;;;1;;Подано
199;196-481-521 09;;;268;ЕГЭ;84;90;94;;Информатика и ИКТ;+;;;1;;Подано
200;165-414-630 60;+;+;268;ЕГЭ;80;88;100;;Информатика и ИКТ;+;;;1;;Подано
201;185-457-001 85;;;268;ЕГЭ;88;89;89;2;Физика;;;;4;;Подано
202;203-738-072 43;;;268;ЕГЭ;82;93;91;2;Информатика и ИКТ;+;;;2;;Подано
203;195-815-157 07;;;268;ЕГЭ;84;88;91;5;Информатика и ИКТ;;;;2;;Подано
204;143-324-908 40;;;268;ЕГЭ;82;93;88;5;Информатика и ИКТ;+;;;5;;Подано
205;164-208-870 66;;;268;ЕГЭ;82;90;91;5;Информатика и ИКТ;+;;;5;;Подано
206;176-981-325 21;+;;268;ЕГЭ;82;83;98;5;Физика;;;;2;;Подано
207;192-063-721 62;;;268;ЕГЭ;78;91;94;5;Физика;+;;;1;;Подано
208;167-331-512 61;;;268;ЕГЭ;74;93;96;5;Информатика и ИКТ;+;;;8;;Подано
209;159-204-390 66;;;268;ЕГЭ;86;95;80;7;Информатика и ИКТ;+;;;2;;Подано
210;159-529-789 32;;;268;ЕГЭ;82;88;91;7;Информатика и ИКТ;+;;;2;;Подано
211;157-659-796 38;;;268;ЕГЭ;80;93;87;8;Информатика и ИКТ;+;;;1;;Подано
212;157-250-649 69;+;;268;ЕГЭ;74;95;91;8;Информатика и ИКТ;+;;;3;;Подано
213;171-173-236 42;;;268;ЕГЭ;90;97;71;10;Физика;+;;;1;;Подано
214;177-442-681 00;;;268;ЕГЭ;90;83;85;10;Информатика и ИКТ;;;;5;;Подано
215;181-334-350 47;+;;268;ЕГЭ;88;88;82;10;Информатика и ИКТ;+;;;3;;Подано
216;176-855-494 32;;;268;ЕГЭ;80;91;87;10;Физика;+;;;1;;Подано
217;176-437-136 88;;;268;ЕГЭ;78;93;87;10;Информатика и ИКТ;;;;7;;Подано
218;166-215-839 74;;;268;ЕГЭ;74;90;94;10;Информатика и ИКТ;+;;;1;;Подано
219;190-560-404 56;+;;267;ЕГЭ;90;90;87;;Информатика и ИКТ;+;;;2;;Подано
220;169-656-098 29;;;267;ЕГЭ;86;90;91;;Информатика и ИКТ;+;;;1;;Подано
221;165-073-098 64;;;267;ЕГЭ;86;87;94;;Физика;+;;;1;;Подано
222;183-925-569 12;;;267;ЕГЭ;86;85;96;;Информатика и ИКТ;+;;;4;;Подано
223;147-900-726 74;;;267;ЕГЭ;80;93;94;;Информатика и ИКТ;+;;;2;;Подано
224;162-241-537 34;;;267;ЕГЭ;78;93;96;;Информатика и ИКТ;+;;;1;;Подано
225;159-411-633 71;;;267;ЕГЭ;88;83;91;5;Информатика и ИКТ;+;;;3;;Подано
226;149-904-767 12;+;+;267;ЕГЭ;82;83;96;6;Информатика и ИКТ;;;;1;;Подано
227;185-267-080 93;;;267;ЕГЭ;80;87;94;6;Физика;;;;5;;Подано
228;166-416-707 79;;;267;ЕГЭ;86;85;89;7;Физика;+;;;1;;Подано
229;186-093-210 79;+;+;267;ЕГЭ;84;93;82;8;Информатика и ИКТ;;;;1;;Подано
230;187-992-374 54;;;267;ЕГЭ;84;88;87;8;Информатика и ИКТ;;;;5;;Подано
231;158-927-645 26;;;267;ЕГЭ;70;90;98;9;Информатика и ИКТ;+;;;1;;Подано
232;185-651-421 89;;+;267;ЕГЭ;94;85;78;10;Физика;+;;;3;;Подано
233;168-310-833 68;;;267;ЕГЭ;78;85;94;10;Информатика и ИКТ;+;;;1;;Подано
234;194-913-298 10;+;+;266;ЕГЭ;82;95;89;;Информатика и ИКТ;+;;;1;;Подано
235;201-681-067 23;;;266;ЕГЭ;82;88;96;;Информатика и ИКТ;;;;1;;Подано
236;166-257-305 77;+;+;266;ЕГЭ;78;90;98;;Информатика и ИКТ;+;;;1;;Подано
237;162-700-367 40;;;266;ЕГЭ;82;93;89;2;Информатика и ИКТ;+;;;1;;Подано
238;166-251-992 86;;;266;ЕГЭ;80;93;91;2;Информатика и ИКТ;+;;;2;;Подано
239;161-957-827 04;;;266;ЕГЭ;90;95;76;5;Физика;+;;;3;;Подано
240;153-166-849 70;;;266;ЕГЭ;86;93;82;5;Физика;+;;;1;;Подано
241;158-280-206 68;;;266;ЕГЭ;84;90;87;5;Информатика и ИКТ;+;;;5;;Подано
242;166-198-274 04;;;266;ЕГЭ;80;90;91;5;Информатика и ИКТ;+;;;5;;Подано
243;157-303-287 56;;;266;ЕГЭ;80;90;91;5;Информатика и ИКТ;+;;;2;;Подано
244;168-356-216 93;;;266;ЕГЭ;80;85;96;5;Информатика и ИКТ;+;;;2;;Подано
245;70419;;;266;ВИ;90;90;80;6;Информатика и ИКТ;+;;;1;;Подано
246;162-823-974 85;+;+;266;ЕГЭ;86;85;87;8;Физика;+;;;1;;Подано
247;195-412-288 82;;;266;ЕГЭ;88;83;85;10;Информатика и ИКТ;+;;;2;;Подано
248;194-041-741 62;;;266;ЕГЭ;86;76;94;10;Физика;+;;;3;;Подано
249;166-175-391 87;;;266;ЕГЭ;82;85;89;10;Информатика и ИКТ;;;;3;;Подано
250;185-502-072 61;+;+;266;ЕГЭ;80;80;96;10;Информатика и ИКТ;;;;1;;Подано
251;165-140-166 38;ЕПГУ;+;266;ЕГЭ;78;87;91;10;Физика;+;;;1;;Подано
252;143-082-183 31;;;266;ЕГЭ;74;88;94;10;Информатика и ИКТ;+;;;1;;Подано
253;158-596-610 22;+;+;265;ЕГЭ;90;90;85;;Информатика и ИКТ;+;;;3;;Подано
254;151-307-523 23;;;265;ЕГЭ;90;90;85;;Информатика и ИКТ;+;;;2;;Подано
255;164-575-889 17;;;265;ЕГЭ;86;88;91;+;Информатика и ИКТ;+;;;4;;Подано
256;165-536-768 00;;;265;ЕГЭ;86;88;91;+;Информатика и ИКТ;+;;;4;;Подано
257;169-910-883 20;;;265;ЕГЭ;84;90;91;;Информатика и ИКТ;+;;;3;;Подано
258;164-124-230 28;;;265;ЕГЭ;80;91;94;+;Физика;+;;;1;;Подано
259;177-440-876 00;;;265;ЕГЭ;80;91;94;;Физика;+;;;3;;Подано
260;153-532-448 50;;;265;ЕГЭ;78;93;94;;Информатика и ИКТ;+;;;3;;Подано
261;159-596-297 40;;;265;ЕГЭ;76;95;94;;Информатика и ИКТ;+;;;3;;Подано
262;157-872-159 09;;;265;ЕГЭ;74;95;96;;Информатика и ИКТ;+;;;1;;Подано
263;191-693-797 25;;;265;ЕГЭ;88;93;82;2;Информатика и ИКТ;+;;;1;;Подано
264;209-127-933 60;;;265;ЕГЭ;82;90;91;2;Информатика и ИКТ;+;;;2;;Подано
265;167-174-250 78;;;265;ЕГЭ;90;90;80;5;Физика;+;;;3;;Подано
266;166-140-410 38;;;265;ЕГЭ;86;85;89;5;Информатика и ИКТ;+;;;1;;Подано
267;165-972-067 06;+;+;265;ЕГЭ;86;74;100;5;Физика;+;;;3;;Подано
268;156-686-065 06;;;265;ЕГЭ;84;85;91;5;Информатика и ИКТ;+;;;1;;Подано
269;166-316-077 66;;;265;ЕГЭ;84;80;96;5;Информатика и ИКТ;;;;3;;Подано
270;165-728-239 96;;;265;ЕГЭ;80;95;85;5;Информатика и ИКТ;+;;;1;;Подано
271;198-480-322 14;;;265;ЕГЭ;80;93;87;5;Физика;+;;;2;;Подано
272;153-673-467 83;;;265;ЕГЭ;78;87;94;6;Физика;+;;;2;;Подано
273;164-577-894 22;;;265;ЕГЭ;78;98;82;7;Информатика и ИКТ;+;;;4;;Подано
274;166-806-875 12;;;265;ЕГЭ;88;91;78;8;Физика;+;;;4;;Подано
275;190-299-538 01;+;+;265;ЕГЭ;80;88;89;8;Информатика и ИКТ;+;;;1;;Подано
276;154-469-627 95;;;265;ЕГЭ;92;85;78;10;Информатика и ИКТ;+;;;4;;Подано
277;160-716-071 42;+;+;265;ЕГЭ;92;85;78;10;Информатика и ИКТ;+;;;1;;Подано
278;183-452-930 83;+;;265;ЕГЭ;88;89;78;10;Физика;;;;2;;Подано
279;195-635-681 20;;;265;ЕГЭ;84;91;80;10;Физика;+;;;5;;Подано
280;178-902-486 15;+;+;265;ЕГЭ;80;90;85;10;Информатика и ИКТ;;;;2;;Подано
281;191-979-885 56;;;265;ЕГЭ;80;88;87;10;Информатика и ИКТ;;;;1;;Подано
282;198-049-305 05;;;265;ЕГЭ;78;90;87;10;Информатика и ИКТ;+;;;1;;Подано
283;204-768-225 64;;;265;ЕГЭ;76;85;94;10;Информатика и ИКТ;+;;;5;;Подано
284;184-509-464 94;;;265;ЕГЭ;74;83;98;10;Физика;+;;;1;;Подано
285;142-079-152 40;;;265;ЕГЭ;74;83;98;10;Информатика и ИКТ;;;;3;;Подано
286;168-326-024 72;;;264;ЕГЭ;90;85;89;;Информатика и ИКТ;+;;;1;;Подано
287;141-837-949 82;;;264;ЕГЭ;88;80;96;;Информатика и ИКТ;+;;;2;;Подано
288;134-183-146 35;;;264;ЕГЭ;86;93;85;;Информатика и ИКТ;;;;5;;Подано
289;159-324-945 95;;;264;ЕГЭ;84;95;85;;Информатика и ИКТ;;;;3;;Подано
290;154-438-714 74;;+;264;ЕГЭ;84;95;85;;Информатика и ИКТ;+;;;1;;Подано
291;183-968-714 35;+;;264;ЕГЭ;82;97;85;;Информатика и ИКТ;;;;3;;Подано
292;164-502-055 37;;;264;ЕГЭ;80;95;89;;Информатика и ИКТ;+;;;1;;Подано
293;201-994-410 53;+;;264;ЕГЭ;80;93;91;;Информатика и ИКТ;+;;;2;;Подано
294;203-833-949 57;;;264;ЕГЭ;80;90;94;;Информатика и ИКТ;+;;;1;;Подано
295;165-849-085 15;;;264;ЕГЭ;78;88;98;;Информатика и ИКТ;+;;;1;;Подано
296;175-536-128 83;;;264;ЕГЭ;78;88;98;;Информатика и ИКТ;+;;;1;;Подано
297;205-320-237 00;;;264;ЕГЭ;76;88;100;;Информатика и ИКТ;+;;;3;;Подано
298;159-262-050 71;+;;264;ЕГЭ;74;99;91;;Физика;+;;;2;;Подано
299;145-617-994 93;;;264;ЕГЭ;90;90;82;2;Информатика и ИКТ;+;;;1;;Подано
300;194-486-598 36;;;264;ЕГЭ;84;91;87;2;Физика;+;;;3;;Подано
301;175-912-595 03;;;264;ЕГЭ;82;89;91;2;Физика;+;;;1;;Подано
302;155-487-207 88;;;264;ЕГЭ;80;95;87;2;Информатика и ИКТ;+;;;2;;Подано
303;199-461-283 25;;;264;ЕГЭ;80;88;94;2;Информатика и ИКТ;+;;;4;;Подано
304;206-870-391 70;;;264;ЕГЭ;86;75;98;5;Информатика и ИКТ;+;;;4;;Подано
305;158-013-626 49;;;264;ЕГЭ;84;97;78;5;Физика;+;;;2;;Подано
306;158-685-039 14;;;264;ЕГЭ;84;88;87;5;Информатика и ИКТ;+;;;1;;Подано
307;166-519-448 97;;;264;ЕГЭ;82;88;89;5;Информатика и ИКТ;+;;;3;;Подано
308;161-073-941 46;;;264;ЕГЭ;80;83;96;5;Информатика и ИКТ;+;;;3;;Подано
309;189-907-174 37;;+;264;ЕГЭ;86;93;78;7;Информатика и ИКТ;+;;;1;;Подано
310;168-470-572 01;;;264;ЕГЭ;82;90;85;7;Информатика и ИКТ;+;;;1;;Подано
311;188-224-053 79;;;264;ЕГЭ;78;85;94;7;Информатика и ИКТ;+;;;1;;Подано
312;197-125-698 08;;;264;ЕГЭ;90;93;73;8;Физика;+;;;1;;Подано
313;166-173-381 77;;;264;ЕГЭ;84;83;89;8;Информатика и ИКТ;+;;;3;;Подано
314;167-403-037 54;;;264;ЕГЭ;84;83;89;8;Информатика и ИКТ;+;;;1;;Подано
315;137-211-987 52;;;264;ЕГЭ;100;88;66;10;Информатика и ИКТ;+;;;1;;Подано
316;165-782-410 95;;;264;ЕГЭ;86;83;85;10;Информатика и ИКТ;+;;;1;;Подано
317;192-650-550 80;;;264;ЕГЭ;86;81;87;10;Физика;+;;;1;;Подано
318;184-191-825 88;;;264;ЕГЭ;84;83;87;10;Физика;;;;5;;Подано
319;164-962-726 06;+;+;264;ЕГЭ;82;83;89;10;Информатика и ИКТ;+;;;1;;Подано
320;182-453-644 77;;;264;ЕГЭ;80;85;89;10;Информатика и ИКТ;;;;9;;Подано
321;134-488-570 85;;;264;ЕГЭ;78;80;96;10;Информатика и ИКТ;+;;;3;;Подано
322;165-309-275 70;;;264;ЕГЭ;76;78;100;10;Информатика и ИКТ;;;;4;;Подано
323;186-187-005 93;+;+;264;ЕГЭ;74;95;85;10;Информатика и ИКТ;;;;2;;Подано
324;157-512-856 80;;;263;ЕГЭ;84;90;89;+;Информатика и ИКТ;+;;;1;;Подано
325;148-080-394 67;;;263;ЕГЭ;84;89;90;;Физика;+;;;1;;Подано
326;167-662-719 10;;;263;ЕГЭ;80;95;88;;Информатика и ИКТ;+;;;1;;Подано
327;166-221-679 65;;;263;ЕГЭ;78;93;92;;Информатика и ИКТ;+;;;1;;Подано
328;178-131-567 79;;;263;ЕГЭ;76;93;94;;Информатика и ИКТ;+;;;1;;Подано
329;173-711-825 69;;;263;ЕГЭ;86;83;89;5;Физика;+;;;3;;Подано
330;190-626-215 63;;;263;ЕГЭ;86;72;100;5;Информатика и ИКТ;+;;;1;;Подано
331;142-376-750 62;;;263;ЕГЭ;84;80;94;5;Информатика и ИКТ;+;;;1;;Подано
332;164-521-797 74;;;263;ЕГЭ;80;90;88;5;Информатика и ИКТ;+;;;4;;Подано
333;197-976-335 61;;;263;ЕГЭ;78;93;87;5;Информатика и ИКТ;+;;;2;;Подано
334;178-355-134 96;;;263;ЕГЭ;74;95;89;5;Информатика и ИКТ;+;;;2;;Подано
335;135-255-992 71;;;263;ЕГЭ;70;88;100;5;Информатика и ИКТ;+;;;2;;Подано
336;72421;;;263;ВИ;78;100;79;6;Информатика и ИКТ;+;;;1;;Подано
337;164-771-522 86;;;263;ЕГЭ;84;83;89;7;Информатика и ИКТ;+;;;2;;Подано
338;149-344-818 91;+;+;263;ЕГЭ;84;78;94;7;Информатика и ИКТ;+;;;1;;Подано
339;169-709-196 23;;;263;ЕГЭ;76;95;85;7;Информатика и ИКТ;+;;;4;;Подано
340;187-357-500 06;;;263;ЕГЭ;78;88;89;8;Информатика и ИКТ;;;;5;;Подано
341;166-926-757 23;;;263;ЕГЭ;88;83;82;10;Информатика и ИКТ;;;;1;;Подано
342;167-261-689 94;;;263;ЕГЭ;88;83;82;10;Информатика и ИКТ;+;;;3;;Подано
343;197-595-980 66;ЕПГУ;+;263;ЕГЭ;82;93;78;10;Физика;+;;;1;;Подано
344;165-700-102 38;;;263;ЕГЭ;80;100;73;10;Информатика и ИКТ;+;;;1;;Подано
345;165-253-502 57;+;+;263;ЕГЭ;80;88;85;10;Информатика и ИКТ;+;;;2;;Подано
346;179-283-956 33;;;263;ЕГЭ;80;88;85;10;Информатика и ИКТ;+;;;3;;Подано
347;164-611-456 57;+;;263;ЕГЭ;80;88;85;10;Информатика и ИКТ;+;;;4;;Подано
348;188-231-781 97;+;;263;ЕГЭ;76;95;82;10;Информатика и ИКТ;+;;;2;;Подано
349;156-739-855 21;ЕПГУ;+;263;ЕГЭ;76;90;87;10;Информатика и ИКТ;+;;;2;;Подано
350;171-209-113 27;;;263;ЕГЭ;76;90;87;10;Информатика и ИКТ;+;;;1;;Подано
351;204-820-937 43;+;+;262;ЕГЭ;92;85;85;;Информатика и ИКТ;+;;;1;;Подано
352;167-398-415 18;;;262;ЕГЭ;90;85;87;+;Информатика и ИКТ;+;;;2;;Подано
353;157-875-808 31;;;262;ЕГЭ;86;91;85;;Физика;+;;;2;;Подано
354;149-672-498 19;;;262;ЕГЭ;86;85;91;;Информатика и ИКТ;+;;;1;;Подано
355;181-919-744 06;;;262;ЕГЭ;84;93;85;;Информатика и ИКТ;+;;;1;;Подано
356;158-150-283 60;;+;262;ЕГЭ;84;93;85;;Информатика и ИКТ;+;;;1;;Подано
357;150-316-769 37;;;262;ЕГЭ;84;89;89;;Физика;+;;;1;;Подано
358;164-918-023 82;;;262;ЕГЭ;82;100;80;;Информатика и ИКТ;+;;;4;;Подано
359;190-485-487 99;;;262;ЕГЭ;80;93;89;;Информатика и ИКТ;;;;1;;Подано
360;166-342-870 82;;;262;ЕГЭ;80;93;89;;Информатика и ИКТ;+;;;1;;Подано
361;202-639-380 43;;;262;ЕГЭ;80;93;89;;Информатика и ИКТ;+;;;1;;Подано
362;195-425-511 87;;;262;ЕГЭ;78;88;96;+;Информатика и ИКТ;+;;;4;;Подано
363;158-698-190 37;;;262;ЕГЭ;76;90;96;;Информатика и ИКТ;+;;;1;;Подано
364;201-185-432 10;;;262;ЕГЭ;84;87;89;2;Физика;+;;;1;;Подано
365;167-185-924 05;+;+;262;ЕГЭ;80;93;87;2;Физика;+;;;1;;Подано
366;175-893-414 21;;;262;ЕГЭ;82;83;94;3;Информатика и ИКТ;+;;;4;;Подано
367;148-435-548 86;;;262;ЕГЭ;74;93;91;4;Информатика и ИКТ;+;;;4;;Подано
368;151-685-436 75;;;262;ЕГЭ;92;93;72;5;Информатика и ИКТ;+;;;1;;Подано
369;197-036-586 04;;;262;ЕГЭ;88;96;73;5;Информатика и ИКТ;+;;;2;;Подано
370;189-175-635 24;;;262;ЕГЭ;82;88;87;5;Информатика и ИКТ;;;;1;;Подано
371;186-731-640 00;;;262;ЕГЭ;80;90;87;5;Информатика и ИКТ;+;;;1;;Подано
372;182-894-706 21;;;262;ЕГЭ;80;90;87;5;Информатика и ИКТ;+;;;1;;Подано
373;159-221-920 68;+;+;262;ЕГЭ;80;88;89;5;Информатика и ИКТ;+;;;1;;Подано
374;145-897-993 43;;;262;ЕГЭ;80;81;96;5;Физика;+;;;1;;Подано
375;175-420-077 54;;;262;ЕГЭ;78;90;89;5;Информатика и ИКТ;+;;;1;;Подано
376;187-238-818 13;;;262;ЕГЭ;78;88;91;5;Информатика и ИКТ;+;;;4;;Подано
377;148-032-391 47;;;262;ЕГЭ;78;85;94;5;Информатика и ИКТ;;;;4;;Подано
378;158-759-799 54;;;262;ЕГЭ;78;85;94;5;Информатика и ИКТ;+;;;4;;Подано
379;165-334-587 78;;;262;ЕГЭ;84;89;82;7;Физика;+;;;1;;Подано
380;184-317-003 54;;;262;ЕГЭ;84;75;96;7;Информатика и ИКТ;;;;1;;Подано
381;141-138-473 29;;;262;ЕГЭ;78;83;94;7;Информатика и ИКТ;+;;;3;;Подано
382;134-307-512 25;;;262;ЕГЭ;84;90;78;10;Информатика и ИКТ;+;;+;3;;Подано
383;180-229-164 49;;;262;ЕГЭ;84;72;96;10;Информатика и ИКТ;;;;3;;Подано
384;146-058-902 68;;;262;ЕГЭ;82;90;80;10;Информатика и ИКТ;+;;;4;;Подано
385;178-275-808 18;+;+;262;ЕГЭ;82;88;82;10;Информатика и ИКТ;+;;;1;;Подано
386;207-374-819 70;+;+;262;ЕГЭ;82;85;85;10;Информатика и ИКТ;+;;;2;;Подано
387;205-844-815 67;;;262;ЕГЭ;76;80;96;10;Информатика и ИКТ;;;;1;;Подано
388;153-760-257 64;;;262;ЕГЭ;74;93;85;10;Информатика и ИКТ;+;;;2;;Подано
