﻿№,СНИЛС/уникальный номер,Согласие на зачисление,Наличие подлинника/отметки о подлиннике с ЕПГУ,Потребность в общежитии,Оценки,Сумма баллов за ВИ,Балл за ИД,Сумма баллов,Примечание
",,,,,""Математика, Информатика и ИКТ, Русский язык"",,,,,,,,,,,,,",,,,,,,,,
1,153-261-982-60,нет,нет,требуется,100 99 98,297,10,307,
2,178-357-310-01,нет,нет,не требуется,100 100 94,294,10,304,
3,182-916-241-84,нет,нет,не требуется,100 100 94,294,10,304,
4,190-618-645-84,нет,нет,не требуется,100 100 91,291,10,301,
5,187-748-418-36,нет,нет,не требуется,94 100 96,290,10,300,
6,180-818-843-92,нет,нет,не требуется,100 91 98,289,10,299,
7,170-576-494-87,нет,нет,не требуется,96 97 96,289,10,299,
8,156-089-453-91,нет,нет,требуется,94 98 96,288,10,298,Преим. право
9,166-953-762-23,нет,нет,требуется,96 93 98,287,10,297,
10,173-576-543-00,нет,нет,не требуется,96 93 96,285,10,295,
11,195-330-113-56,нет,нет,не требуется,96 89 100,285,10,295,
12,149-055-693-87,нет,нет,не требуется,90 97 98,285,10,295,
13,183-221-937-59,нет,нет,требуется,88 98 98,284,10,294,
14,167-564-966-25,нет,да,не требуется,100 90 98,288,5,293,Согласие на др. конкурсе
15,176-089-894-27,нет,нет,не требуется,92 95 96,283,10,293,
16,169-029-521-85,нет,нет,не требуется,90 99 94,283,10,293,
17,202-458-894-58,нет,нет,не требуется,100 100 82,282,10,292,
18,158-378-759-28,нет,нет,требуется,96 99 87,282,10,292,
19,176-018-329-65,нет,нет,требуется,92 95 94,281,10,291,
20,188-600-779-07,нет,нет,требуется,90 100 91,281,10,291,
21,159-529-715-14,нет,да,требуется,90 95 96,281,10,291,Согласие на др. конкурсе
22,194-756-024-06,нет,нет,требуется,90 95 96,281,10,291,
23,163-690-716-87,нет,нет,требуется,90 91 100,281,10,291,
24,164-909-680-07,нет,нет,требуется,90 99 91,280,10,290,
25,195-472-247-02,нет,да,не требуется,90 90 100,280,10,290,Согласие на др. конкурсе
26,195-096-575-17,нет,нет,не требуется,86 100 94,280,10,290,
27,199-519-608-39,да,да,требуется,86 98 96,280,10,290,Рассматривается к зачислению
28,170-721-004-24,нет,нет,не требуется,100 95 94,289,0,289,
29,181-298-757-05,нет,нет,требуется,90 93 96,279,10,289,
30,174-404-587-70,нет,нет,не требуется,90 89 100,279,10,289,
31,136-308-211-33,нет,нет,требуется,88 93 98,279,10,289,
32,199-501-399-12,нет,нет,не требуется,86 95 98,279,10,289,
33,166-787-831-38,нет,нет,требуется,84 95 100,279,10,289,
34,171-272-630-50,нет,нет,требуется,96 95 94,285,3,288,
35,180-678-537-02,нет,нет,требуется,88 90 100,278,10,288,
36,184-301-959-68,нет,нет,не требуется,82 100 96,278,10,288,
37,166-860-298-07,нет,нет,требуется,100 95 82,277,10,287,
38,142-312-839-24,нет,нет,требуется,100 88 89,277,10,287,
39,173-710-292-58,нет,нет,не требуется,98 93 96,287,0,287,
40,200-599-805-57,нет,нет,требуется,92 87 98,277,10,287,
41,163-735-494-88,нет,да,не требуется,88 98 98,284,3,287,Согласие на др. конкурсе
42,154-352-787-71,нет,нет,требуется,88 95 94,277,10,287,
43,147-343-732-68,нет,да,не требуется,88 93 96,277,10,287,Согласие на др. конкурсе
44,202-301-452-78,нет,нет,требуется,82 95 100,277,10,287,
45,142-681-253-53,нет,нет,требуется,88 90 98,276,10,286,
46,175-207-617-66,нет,нет,требуется,88 90 98,276,10,286,
47,201-837-098-41,нет,да,не требуется,86 90 100,276,10,286,Согласие на др. конкурсе
48,184-842-075-95,нет,нет,не требуется,92 95 98,285,0,285,
49,169-386-982-45,нет,да,требуется,90 85 100,275,10,285,Согласие на др. конкурсе
50,160-516-884-59,нет,нет,"требуется, отказано",86 100 89,275,10,285,
51,186-345-965-15,нет,нет,не требуется,86 100 89,275,10,285,
52,183-559-738-18,нет,нет,не требуется,86 98 96,280,5,285,
53,154-389-206-82,нет,нет,требуется,86 93 96,275,10,285,Преим. право
54,184-304-039-49,нет,нет,не требуется,96 90 88,274,10,284,
55,174-325-691-77,нет,нет,требуется,92 95 87,274,10,284,
56,190-539-907-95,нет,нет,не требуется,90 90 98,278,6,284,
57,199-736-142-36,нет,нет,не требуется,90 90 94,274,10,284,
58,188-076-446-12,нет,нет,не требуется,90 88 96,274,10,284,
59,158-827-869-34,нет,нет,требуется,88 99 87,274,10,284,
60,167-361-453-82,нет,да,не требуется,88 98 98,284,0,284,Согласие на др. конкурсе
61,203-695-236-57,нет,нет,"требуется, отказано",88 90 96,274,10,284,
62,165-159-989-09,нет,да,не требуется,90 90 98,278,5,283,Согласие на др. конкурсе
63,165-606-029-64,нет,нет,требуется,86 89 98,273,10,283,
64,164-619-366-88,нет,нет,требуется,84 100 89,273,10,283,
65,175-160-509-59,нет,нет,не требуется,82 97 94,273,10,283,
66,157-099-091-97,нет,нет,требуется,78 97 98,273,10,283,
67,186-448-438-15,нет,нет,не требуется,100 90 82,272,10,282,
68,171-365-076-59,нет,нет,не требуется,96 97 89,282,0,282,
69,184-350-142-56,нет,да,не требуется,94 87 91,272,10,282,Согласие на др. конкурсе
70,147-238-325-66,нет,нет,требуется,90 93 89,272,10,282,
71,165-974-239-16,нет,да,не требуется,90 88 94,272,10,282,Согласие на др. конкурсе
72,159-483-755-22,нет,нет,требуется,88 93 91,272,10,282,
73,168-349-260-03,нет,нет,требуется,88 90 94,272,10,282,Согласие на др. конкурсе
74,202-671-067-25,нет,нет,требуется,88 88 96,272,10,282,
75,194-379-725-26,нет,нет,не требуется,86 95 91,272,10,282,
76,171-276-843-77,нет,нет,требуется,86 90 96,272,10,282,
77,181-789-280-18,нет,нет,не требуется,86 90 96,272,10,282,
78,194-243-304-65,нет,нет,не требуется,86 90 96,272,10,282,
79,190-071-763-55,нет,нет,не требуется,86 88 98,272,10,282,
80,157-992-305-17,нет,нет,не требуется,84 90 100,274,8,282,
81,145-336-048-48,нет,нет,требуется,98 95 78,271,10,281,
82,161-756-246-74,нет,нет,требуется,94 88 89,271,10,281,
83,198-128-561-11,нет,нет,требуется,94 83 94,271,10,281,
84,187-732-724-14,нет,нет,требуется,92 90 89,271,10,281,
85,159-736-417-12,нет,нет,требуется,92 88 91,271,10,281,
86,180-661-642-70,нет,нет,не требуется,92 85 94,271,10,281,
87,202-311-265-82,нет,нет,требуется,88 89 94,271,10,281,
88,166-334-948-90,нет,нет,не требуется,88 85 98,271,10,281,
89,156-814-587-97,нет,да,требуется,86 87 98,271,10,281,Согласие на др. конкурсе
90,143-969-977-28,нет,нет,требуется,84 93 94,271,10,281,
91,178-301-396-75,нет,да,требуется,84 93 94,271,10,281,Согласие на др. конкурсе
92,161-288-011-50,нет,нет,требуется,82 95 94,271,10,281,
93,179-538-528-30,нет,нет,требуется,82 95 94,271,10,281,
94,190-983-948-28,нет,да,не требуется,82 95 94,271,10,281,Согласие на др. конкурсе
95,142-810-071-22,нет,нет,требуется,80 95 96,271,10,281,
96,165-163-646-71,нет,нет,требуется,100 83 87,270,10,280,
97,185-762-632-12,нет,да,не требуется,92 94 94,280,0,280,Согласие на др. конкурсе
98,195-284-646-14,нет,нет,не требуется,90 89 91,270,10,280,
99,161-770-256-62,нет,да,требуется,88 93 96,277,3,280,Согласие на др. конкурсе
100,196-017-080-71,нет,да,не требуется,86 98 91,275,5,280,Согласие на др. конкурсе
101,174-245-684-82,нет,нет,требуется,86 95 89,270,10,280,
102,187-316-758-06,да,да,не требуется,86 93 91,270,10,280,Рассматривается к зачислению
103,184-552-404-79,нет,да,не требуется,86 90 94,270,10,280,Согласие на др. конкурсе
104,166-206-117-46,нет,нет,не требуется,84 99 94,277,3,280,
105,183-452-795-94,нет,да,не требуется,84 95 91,270,10,280,Согласие на др. конкурсе
106,167-060-167-57,нет,да,требуется,94 88 87,269,10,279,Согласие на др. конкурсе
107,157-071-665-71,нет,нет,требуется,90 99 87,276,3,279,
108,159-326-757-00,нет,нет,требуется,90 89 90,269,10,279,
109,169-544-728-17,нет,нет,"требуется, отказано",88 97 94,279,0,279,
110,164-484-432-84,нет,нет,"требуется, отказано",88 93 94,275,4,279,
111,199-508-707-32,нет,нет,"требуется, отказано",88 85 96,269,10,279,
112,168-086-636-05,нет,нет,не требуется,88 83 98,269,10,279,
113,157-558-078-05,да,да,требуется,86 85 98,269,10,279,Рассматривается к зачислению
114,164-557-781-04,нет,нет,требуется,86 83 100,269,10,279,
115,158-313-899-90,нет,нет,требуется,82 93 94,269,10,279,
116,159-879-335-49,нет,нет,требуется,82 91 96,269,10,279,
117,160-549-449-71,нет,нет,требуется,82 87 100,269,10,279,
118,159-925-755-30,нет,нет,требуется,96 93 89,278,0,278,
119,183-137-729-76,нет,нет,требуется,94 85 89,268,10,278,Согласие на др. конкурсе
120,181-794-160-97,нет,нет,не требуется,94 80 94,268,10,278,
121,136-194-825-74,нет,нет,"требуется, отказано",92 89 87,268,10,278,
122,170-319-481-52,нет,нет,"требуется, отказано",92 85 91,268,10,278,
123,170-994-404-95,нет,нет,требуется,90 93 85,268,10,278,
124,179-223-226-77,нет,да,не требуется,86 100 82,268,10,278,Уже зачислен на др. конкурсе
125,152-041-571-16,нет,нет,требуется,86 91 91,268,10,278,
126,172-577-582-03,нет,да,требуется,84 95 96,275,3,278,Согласие на др. конкурсе
127,176-385-576-18,нет,да,не требуется,84 90 94,268,10,278,Согласие на др. конкурсе
128,136-191-297-60,нет,нет,требуется,82 95 91,268,10,278,
129,180-484-541-76,нет,нет,требуется,82 95 91,268,10,278,
130,186-297-358-25,нет,нет,требуется,82 90 96,268,10,278,
131,175-698-361-33,нет,нет,требуется,78 100 100,278,0,278,
132,184-529-340-93,нет,нет,не требуется,94 95 78,267,10,277,
133,184-826-958-26,нет,нет,не требуется,92 89 96,277,0,277,
134,204-984-419-78,нет,нет,требуется,90 93 94,277,0,277,
135,161-785-325-83,нет,нет,требуется,88 85 94,267,10,277,
136,193-987-406-40,нет,да,не требуется,86 87 94,267,10,277,Согласие на др. конкурсе
137,197-379-248-39,нет,да,требуется,86 85 96,267,10,277,Согласие на др. конкурсе
138,166-464-744-00,нет,да,не требуется,86 83 98,267,10,277,Согласие на др. конкурсе
139,153-874-715-96,нет,нет,требуется,80 91 96,267,10,277,
140,166-263-164-71,нет,нет,требуется,94 83 89,266,10,276,
141,159-934-692-33,нет,нет,"требуется, отказано",90 100 76,266,10,276,
142,167-191-014-66,нет,нет,требуется,90 91 85,266,10,276,
143,175-526-412-79,да,да,требуется,88 91 87,266,10,276,Рассматривается к зачислению
144,162-311-931-31,нет,да,требуется,88 80 98,266,10,276,Согласие на др. конкурсе
145,199-497-807-70,нет,нет,требуется,86 95 85,266,10,276,
146,187-622-800-99,нет,нет,"требуется, отказано",86 93 87,266,10,276,
147,157-494-931-15,нет,нет,требуется,86 91 89,266,10,276,
148,160-289-736-77,нет,да,требуется,84 93 94,271,5,276,Согласие на др. конкурсе
149,173-011-639-27,нет,нет,не требуется,84 91 91,266,10,276,
150,167-388-939-36,нет,нет,требуется,84 90 92,266,10,276,
151,186-564-344-10,нет,да,не требуется,84 88 94,266,10,276,Согласие на др. конкурсе
152,166-037-588-80,нет,нет,требуется,82 95 89,266,10,276,
153,158-961-794-34,нет,нет,требуется,82 93 91,266,10,276,
154,155-776-855-22,нет,нет,не требуется,82 90 94,266,10,276,
155,174-164-751-76,нет,да,требуется,78 88 100,266,10,276,Согласие на др. конкурсе
156,189-293-936-42,нет,нет,требуется,100 83 82,265,10,275,
157,163-254-738-65,нет,нет,требуется,94 89 82,265,10,275,
158,195-230-562-71,нет,да,не требуется,90 90 85,265,10,275,Согласие на др. конкурсе
159,202-620-486-11,нет,нет,не требуется,88 91 96,275,0,275,
160,158-167-079-91,нет,нет,требуется,86 93 96,275,0,275,
161,185-388-085-17,нет,нет,не требуется,86 88 91,265,10,275,
162,158-709-424-01,нет,нет,требуется,84 95 96,275,0,275,
163,161-869-767-16,нет,нет,требуется,84 93 98,275,0,275,
164,129-520-253-46,нет,нет,требуется,84 89 92,265,10,275,Преим. право
165,167-662-792-19,нет,нет,не требуется,84 85 96,265,10,275,
166,181-919-911-03,нет,нет,не требуется,84 81 100,265,10,275,
167,166-091-679-88,нет,нет,требуется,82 83 100,265,10,275,
168,146-900-201-43,нет,да,требуется,80 91 94,265,10,275,Согласие на др. конкурсе
169,149-575-821-16,нет,нет,требуется,80 87 98,265,10,275,
170,192-519-665-00,нет,нет,не требуется,78 93 94,265,10,275,
171,162-363-942-67,нет,нет,требуется,76 91 98,265,10,275,
172,190-624-026-52,да,да,не требуется,74 93 98,265,10,275,Рассматривается к зачислению
173,165-403-798-74,нет,нет,требуется,92 93 89,274,0,274,
174,170-316-184-34,нет,нет,требуется,92 88 94,274,0,274,
175,186-284-004-86,нет,нет,не требуется,92 76 96,264,10,274,
176,200-147-243-89,нет,нет,требуется,90 76 98,264,10,274,
177,161-788-145-93,нет,нет,требуется,88 91 85,264,10,274,
178,183-539-031-81,нет,нет,не требуется,88 90 91,269,5,274,Согласие на др. конкурсе
179,195-117-032-62,нет,нет,требуется,84 95 85,264,10,274,
180,194-074-213-70,нет,да,требуется,82 88 94,264,10,274,Согласие на др. конкурсе
181,196-702-300-81,нет,нет,требуется,80 95 89,264,10,274,
182,154-329-827-75,нет,да,не требуется,80 90 94,264,10,274,Согласие на др. конкурсе
183,169-660-983-30,нет,нет,не требуется,80 90 94,264,10,274,
184,136-209-887-69,нет,да,требуется,78 90 96,264,10,274,Согласие на др. конкурсе
,,,,,,,,,Преим. право
185,130-729-960-59,нет,нет,требуется,78 88 98,264,10,274,Преим. право
186,166-194-680-99,нет,нет,требуется,76 97 91,264,10,274,
187,170-431-270-27,нет,нет,не требуется,96 83 91,270,3,273,
188,184-078-266-91,нет,нет,не требуется,92 90 91,273,0,273,
189,175-446-007-74,нет,нет,"требуется, отказано",90 93 80,263,10,273,
190,176-159-425-94,нет,нет,требуется,90 88 85,263,10,273,Преим. право
191,157-529-465-01,нет,нет,требуется,90 87 96,273,0,273,
192,161-056-829-49,нет,нет,требуется,90 85 98,273,0,273,
193,175-689-946-51,нет,нет,требуется,88 87 88,263,10,273,
194,165-314-655-63,нет,нет,требуется,88 81 94,263,10,273,
195,184-339-964-11,нет,нет,не требуется,86 95 87,268,5,273,
196,175-239-247-83,нет,нет,не требуется,86 88 96,270,3,273,
197,180-903-220-48,нет,нет,не требуется,86 88 89,263,10,273,
198,156-130-227-28,нет,нет,"требуется, отказано",84 100 89,273,0,273,
199,165-653-040-72,нет,да,требуется,84 95 91,270,3,273,Согласие на др. конкурсе
200,185-549-025-01,нет,да,требуется,84 88 91,263,10,273,Согласие на др. конкурсе
201,187-508-947-24,нет,нет,не требуется,84 88 91,263,10,273,
202,132-608-227-31,нет,нет,требуется,80 98 85,263,10,273,
203,160-263-341-28,нет,нет,требуется,80 95 94,269,4,273,
204,156-560-131-60,нет,нет,требуется,100 78 84,262,10,272,
205,188-227-004-82,нет,нет,требуется,92 91 89,272,0,272,
206,165-623-609-76,нет,да,требуется,90 95 87,272,0,272,Согласие на др. конкурсе
207,189-440-799-26,нет,нет,требуется,90 93 89,272,0,272,
208,165-823-621-84,нет,нет,требуется,88 95 89,272,0,272,Согласие на др. конкурсе
209,193-759-178-28,нет,нет,"требуется, отказано",88 88 96,272,0,272,
210,170-855-837-94,нет,нет,не требуется,88 80 94,262,10,272,
211,195-866-103-22,нет,нет,"требуется, отказано",88 80 94,262,10,272,
212,199-120-293-86,нет,нет,требуется,88 78 96,262,10,272,
213,184-318-461-80,нет,да,не требуется,86 85 91,262,10,272,Согласие на др. конкурсе
214,185-124-960-78,нет,нет,не требуется,86 85 91,262,10,272,
215,147-152-237-47,нет,нет,требуется,84 90 96,270,2,272,
216,175-927-890-32,нет,да,требуется,84 89 89,262,10,272,Согласие на др. конкурсе
217,207-102-766-19,нет,да,требуется,84 80 98,262,10,272,Согласие на др. конкурсе
218,188-534-963-30,нет,нет,не требуется,82 95 85,262,10,272,
219,172-375-313-65,нет,нет,"требуется, отказано",80 100 82,262,10,272,
220,179-297-247-32,нет,нет,не требуется,80 88 94,262,10,272,
221,186-615-650-02,нет,нет,не требуется,96 88 87,271,0,271,
222,166-094-858-00,нет,нет,требуется,96 85 80,261,10,271,Согласие на др. конкурсе
223,174-976-448-32,нет,нет,не требуется,90 93 78,261,10,271,
224,201-832-901-23,нет,нет,не требуется,88 90 85,263,8,271,
225,157-275-862-01,нет,да,требуется,88 85 98,271,0,271,Согласие на др. конкурсе
226,157-341-755-75,нет,да,требуется,86 88 87,261,10,271,Согласие на др. конкурсе
227,166-531-644-77,нет,нет,требуется,84 93 91,268,3,271,
228,167-099-164-04,нет,нет,не требуется,84 90 89,263,8,271,
229,158-020-145-30,нет,нет,требуется,84 90 87,261,10,271,
230,179-532-954-20,нет,да,не требуется,84 88 89,261,10,271,Согласие на др. конкурсе
231,195-997-542-66,нет,нет,не требуется,82 93 91,266,5,271,
232,192-584-754-14,нет,нет,требуется,82 91 98,271,0,271,
233,164-903-528-77,нет,нет,требуется,78 95 98,271,0,271,
234,195-268-810-14,нет,нет,требуется,78 83 100,261,10,271,
235,159-640-813-96,нет,нет,требуется,100 83 87,270,0,270,
236,173-953-225-91,нет,да,не требуется,88 100 82,270,0,270,Уже зачислен на др. конкурсе
237,2224759,нет,нет,требуется,86 93 91,270,0,270,
238,187-016-626-78,нет,нет,не требуется,86 90 94,270,0,270,
239,167-213-502-51,нет,нет,не требуется,84 89 94,267,3,270,
240,157-786-217-17,нет,нет,требуется,84 87 89,260,10,270,
241,199-775-313-53,нет,нет,требуется,80 95 89,264,6,270,
242,198-480-322-14,нет,нет,требуется,80 93 87,260,10,270,
243,199-461-283-25,нет,да,не требуется,80 88 94,262,8,270,Согласие на др. конкурсе
244,143-251-610-22,нет,нет,требуется,78 93 89,260,10,270,
245,161-894-147-90,нет,нет,требуется,78 91 91,260,10,270,
246,166-175-300-68,нет,нет,требуется,76 90 94,260,10,270,
247,172-371-055-50,нет,да,требуется,76 88 96,260,10,270,
248,150-811-203-14,нет,нет,не требуется,74 95 91,260,10,270,
249,158-715-116-82,нет,нет,требуется,72 90 98,260,10,270,
250,179-487-814-48,нет,нет,не требуется,94 88 87,269,0,269,
251,142-280-516-29,нет,нет,не требуется,88 95 76,259,10,269,
252,166-327-026-64,нет,нет,требуется,88 89 82,259,10,269,
253,158-140-485-63,нет,нет,требуется,88 80 91,259,10,269,
254,177-518-553-07,нет,нет,требуется,86 91 82,259,10,269,
255,187-481-552-15,нет,нет,не требуется,84 93 82,259,10,269,
256,195-804-741-08,нет,нет,не требуется,84 89 96,269,0,269,
257,135-597-632-96,нет,нет,требуется,82 95 82,259,10,269,
258,202-875-606-58,нет,нет,требуется,82 93 94,269,0,269,
259,159-685-385-36,нет,нет,требуется,80 90 96,266,3,269,
260,165-446-377-89,нет,нет,требуется,80 90 89,259,10,269,
261,201-572-652-27,нет,нет,не требуется,80 90 89,259,10,269,
262,158-970-746-27,нет,нет,требуется,80 88 91,259,10,269,
263,158-862-699-34,нет,нет,требуется,80 85 94,259,10,269,
264,187-579-027-32,нет,нет,не требуется,80 85 94,259,10,269,
265,189-146-234-00,нет,нет,не требуется,80 85 94,259,10,269,
266,195-870-062-11,нет,да,не требуется,80 83 96,259,10,269,Согласие на др. конкурсе
267,158-720-779-00,нет,нет,требуется,78 90 91,259,10,269,
268,181-192-360-59,нет,нет,не требуется,76 89 94,259,10,269,
269,187-193-732-12,нет,нет,требуется,76 87 96,259,10,269,
270,187-270-178-93,нет,нет,не требуется,94 98 76,268,0,268,
271,196-748-702-38,нет,нет,требуется,92 72 94,258,10,268,
272,160-102-849-11,нет,да,требуется,90 88 85,263,5,268,
273,186-436-157-97,нет,нет,не требуется,88 95 85,268,0,268,
274,188-534-962-29,нет,нет,не требуется,88 93 87,268,0,268,
275,174-101-093-23,нет,нет,требуется,88 74 96,258,10,268,
276,205-664-086-56,нет,нет,"требуется, отказано",88 72 98,258,10,268,
277,200-638-503-18,нет,да,не требуется,86 88 94,268,0,268,Согласие на др. конкурсе
278,205-073-357-25,нет,нет,не требуется,86 85 87,258,10,268,
279,153-873-102-69,нет,нет,требуется,86 83 89,258,10,268,
280,194-950-324-03,нет,нет,не требуется,84 90 91,265,3,268,
281,184-959-592-49,нет,да,не требуется,84 89 85,258,10,268,Согласие на др. конкурсе
282,182-409-335-66,нет,да,требуется,84 85 89,258,10,268,
283,202-543-765-31,нет,да,не требуется,84 85 89,258,10,268,Согласие на др. конкурсе
284,183-158-314-71,нет,нет,требуется,84 76 98,258,10,268,
285,168-363-766-10,нет,нет,не требуется,84 74 100,258,10,268,
286,182-027-329-46,нет,нет,не требуется,82 88 98,268,0,268,
287,171-245-097-48,нет,нет,требуется,82 85 91,258,10,268,
288,204-672-767-64,нет,нет,не требуется,82 80 96,258,10,268,
289,167-130-285-53,нет,нет,не требуется,82 78 98,258,10,268,
290,158-271-761-89,нет,нет,требуется,80 89 89,258,10,268,
291,142-764-628-72,нет,нет,требуется,78 91 89,258,10,268,Преим. право
292,144-881-922-93,нет,нет,не требуется,78 89 91,258,10,268,
293,135-721-083-42,нет,нет,требуется,76 93 89,258,10,268,
294,199-623-082-18,нет,нет,не требуется,76 93 89,258,10,268,
295,189-099-151-29,нет,нет,не требуется,76 88 94,258,10,268,
296,182-748-782-18,нет,да,не требуется,74 90 94,258,10,268,Согласие на др. конкурсе
297,158-927-645-26,нет,нет,требуется,70 90 98,258,10,268,
298,165-352-614-66,нет,нет,"требуется, отказано",100 75 82,257,10,267,
299,163-405-533-45,нет,нет,требуется,90 85 82,257,10,267,
300,149-324-206-59,нет,нет,требуется,90 82 85,257,10,267,
301,185-016-980-79,нет,нет,не требуется,90 80 94,264,3,267,
302,195-266-192-03,нет,нет,требуется,88 91 78,257,10,267,
303,197-946-993-74,нет,нет,не требуется,88 88 91,267,0,267,
304,165-073-098-64,нет,нет,требуется,86 87 94,267,0,267,
305,165-883-601-09,да,да,требуется,86 80 91,257,10,267,Рассматривается к зачислению
306,184-049-526-81,нет,нет,не требуется,86 80 91,257,10,267,
307,207-181-231-29,нет,нет,требуется,86 80 91,257,10,267,
308,159-749-923-42,нет,нет,требуется,82 95 80,257,10,267,
309,196-371-964-21,нет,нет,не требуется,82 90 85,257,10,267,Преим. право
310,167-145-201-58,нет,нет,не требуется,82 88 94,264,3,267,
311,187-760-198-21,нет,нет,не требуется,82 81 96,259,8,267,
312,160-395-910-68,нет,нет,требуется,82 81 94,257,10,267,
313,161-782-798-00,да,да,не требуется,82 81 94,257,10,267,Рассматривается к зачислению
314,186-188-537-19,нет,да,не требуется,80 88 89,257,10,267,Согласие на др. конкурсе
315,191-889-974-55,нет,нет,требуется,78 95 94,267,0,267,
316,165-132-197-48,нет,нет,не требуется,78 90 89,257,10,267,
317,158-759-799-54,нет,да,требуется,78 85 94,257,10,267,
318,206-305-423-16,нет,нет,требуется,78 85 94,257,10,267,
319,133-933-706-61,нет,нет,требуется,78 83 96,257,10,267,
320,150-154-060-07,нет,нет,требуется,78 83 96,257,10,267,
321,146-814-019-62,нет,нет,требуется,76 90 91,257,10,267,Согласие на др. конкурсе
322,191-292-212-62,нет,да,не требуется,76 90 91,257,10,267,Согласие на др. конкурсе
323,169-771-388-32,нет,нет,не требуется,96 85 85,266,0,266,
324,174-325-351-60,нет,нет,не требуется,92 95 76,263,3,266,
325,201-383-456-22,нет,нет,"требуется, отказано",92 91 80,263,3,266,
326,175-077-082-80,нет,нет,не требуется,90 78 98,266,0,266,
327,169-012-842-66,нет,нет,требуется,88 86 82,256,10,266,
328,181-238-530-59,нет,нет,требуется,88 85 90,263,3,266,
329,195-412-288-82,нет,нет,не требуется,88 83 85,256,10,266,
330,141-242-581-19,да,да,требуется,86 97 80,263,3,266,Рассматривается к зачислению
331,184-021-275-39,нет,нет,не требуется,86 85 85,256,10,266,
332,176-307-505-72,нет,нет,не требуется,86 72 98,256,10,266,
333,165-799-045-26,нет,нет,не требуется,84 97 85,266,0,266,
334,169-567-995-56,нет,нет,"требуется, отказано",84 93 89,266,0,266,
335,153-730-186-51,нет,нет,требуется,84 90 82,256,10,266,
336,165-479-466-15,нет,нет,требуется,84 88 91,263,3,266,
337,180-647-125-68,нет,нет,не требуется,84 88 91,263,3,266,
338,162-250-996-58,нет,нет,не требуется,84 85 87,256,10,266,
339,165-518-055-73,нет,нет,требуется,84 85 87,256,10,266,
340,187-942-885-47,нет,нет,не требуется,84 85 87,256,10,266,
341,169-319-217-93,нет,да,не требуется,84 83 94,261,5,266,Согласие на др. конкурсе
342,166-173-381-77,нет,нет,требуется,84 83 89,256,10,266,
343,194-139-027-76,нет,нет,не требуется,84 83 89,256,10,266,
344,172-158-017-50,нет,нет,требуется,84 78 94,256,10,266,
345,176-288-456-17,нет,нет,не требуется,82 95 89,266,0,266,
346,187-383-327-10,нет,нет,не требуется,82 80 94,256,10,266,
347,204-131-734-01,нет,нет,не требуется,80 97 89,266,0,266,
348,203-352-671-22,нет,нет,требуется,80 88 98,266,0,266,
349,188-342-704-99,нет,нет,не требуется,80 85 91,256,10,266,
350,200-199-168-27,нет,нет,не требуется,76 89 91,256,10,266,
351,175-547-282-00,нет,нет,не требуется,72 90 94,256,10,266,
352,176-359-509-08,нет,нет,не требуется,92 93 80,265,0,265,
353,162-081-901-42,нет,нет,требуется,92 83 80,255,10,265,
354,197-289-913-48,нет,нет,требуется,90 90 85,265,0,265,
355,159-282-469-03,нет,нет,требуется,88 90 87,265,0,265,
356,196-952-616-34,нет,нет,не требуется,88 90 87,265,0,265,
357,173-498-631-10,нет,нет,не требуется,88 85 89,262,3,265,
358,151-722-409-36,нет,нет,требуется,88 78 89,255,10,265,
359,186-527-454-07,нет,нет,"требуется, отказано",88 76 91,255,10,265,
360,183-587-602-10,нет,да,не требуется,86 90 89,265,0,265,Согласие на др. конкурсе
361,165-536-768-00,нет,нет,требуется,86 88 91,265,0,265,Согласие на др. конкурсе
362,182-760-788-02,нет,нет,не требуется,86 88 91,265,0,265,
363,189-717-290-33,нет,нет,требуется,86 88 91,265,0,265,
364,168-340-913-82,нет,нет,не требуется,86 78 91,255,10,265,
365,194-486-598-36,нет,нет,требуется,84 91 87,262,3,265,
366,175-912-595-03,нет,нет,требуется,82 89 91,262,3,265,
367,156-788-028-15,нет,нет,не требуется,80 88 87,255,10,265,
368,186-548-342-14,нет,нет,не требуется,80 88 87,255,10,265,
369,184-301-589-62,нет,нет,не требуется,78 98 89,265,0,265,
370,174-664-328-95,нет,нет,не требуется,78 83 94,255,10,265,
371,161-668-410-75,нет,нет,требуется,76 95 84,255,10,265,
372,161-923-286-67,нет,нет,"требуется, отказано",94 85 85,264,0,264,
373,182-546-057-77,нет,да,не требуется,90 93 78,261,3,264,Уже зачислен на др. конкурсе
374,169-475-196-24,нет,да,не требуется,88 93 73,254,10,264,Согласие на др. конкурсе
375,187-334-636-00,нет,нет,не требуется,86 87 91,264,0,264,
376,190-154-990-72,нет,да,не требуется,86 78 91,255,9,264,Согласие на др. конкурсе
377,207-047-138-31,нет,да,не требуется,84 93 87,264,0,264,Согласие на др. конкурсе
378,190-603-692-66,нет,нет,не требуется,84 90 80,254,10,264,
379,182-822-393-82,нет,нет,требуется,84 85 85,254,10,264,Преим. право
380,169-177-918-24,нет,нет,требуется,84 85 85,254,10,264,
381,166-051-355-51,нет,нет,требуется,84 76 94,254,10,264,
382,190-249-714-75,нет,нет,не требуется,82 93 89,264,0,264,
383,188-421-851-00,нет,нет,не требуется,82 90 82,254,10,264,
384,168-767-437-36,нет,нет,не требуется,82 87 85,254,10,264,
385,192-341-319-56,нет,нет,не требуется,82 85 87,254,10,264,
386,149-904-767-12,нет,нет,"требуется, отказано",82 83 96,261,3,264,
387,199-054-811-10,нет,да,не требуется,82 78 94,254,10,264,Согласие на др. конкурсе
388,175-773-873-28,нет,нет,требуется,82 76 96,254,10,264,
389,189-178-817-40,нет,нет,не требуется,80 90 94,264,0,264,
390,160-300-534-00,нет,нет,требуется,80 88 96,264,0,264,
391,186-951-499-35,нет,да,"требуется, отказано",80 88 96,264,0,264,Согласие на др. конкурсе
392,183-761-497-05,нет,нет,не требуется,80 88 91,259,5,264,
393,187-059-113-90,нет,нет,не требуется,80 87 87,254,10,264,
394,158-034-850-69,нет,да,не требуется,80 85 89,254,10,264,Согласие на др. конкурсе
395,161-009-627-28,нет,нет,требуется,80 85 89,254,10,264,
396,158-215-036-53,нет,нет,требуется,80 78 96,254,10,264,
397,172-396-072-81,нет,нет,"требуется, отказано",80 76 98,254,10,264,
398,178-288-011-06,нет,нет,требуется,78 85 91,254,10,264,
399,185-115-837-75,нет,нет,требуется,78 85 91,254,10,264,
400,203-248-244-20,нет,нет,требуется,78 80 96,254,10,264,
401,187-769-323-44,нет,да,не требуется,76 78 100,254,10,264,Уже зачислен на др. конкурсе
402,166-457-441-96,нет,нет,требуется,74 95 85,254,10,264,
403,198-539-061-29,нет,нет,не требуется,74 95 85,254,10,264,
404,166-204-826-60,нет,нет,требуется,88 90 85,263,0,263,
405,166-944-845-24,нет,нет,требуется,88 88 87,263,0,263,
406,158-699-060-32,нет,нет,требуется,88 87 88,263,0,263,
407,145-035-172-29,нет,нет,требуется,88 85 80,253,10,263,
408,137-949-754-25,нет,да,требуется,88 78 94,260,3,263,Согласие на др. конкурсе
409,165-249-837-96,нет,нет,не требуется,88 78 87,253,10,263,
410,143-274-143-38,нет,нет,не требуется,86 95 82,263,0,263,
411,161-497-164-79,нет,нет,требуется,86 88 89,263,0,263,
412,173-492-033-71,нет,нет,не требуется,86 83 94,263,0,263,
413,191-280-375-67,нет,нет,не требуется,84 90 89,263,0,263,
414,180-650-409-54,нет,нет,не требуется,84 85 94,263,0,263,
415,168-995-274-54,да,да,требуется,84 78 91,253,10,263,Рассматривается к зачислению
416,173-308-473-64,нет,нет,требуется,82 95 76,253,10,263,
417,168-293-171-99,нет,нет,не требуется,82 85 96,263,0,263,
418,181-321-558-44,нет,нет,требуется,82 80 91,253,10,263,
419,170-722-031-31,нет,нет,не требуется,80 90 91,261,2,263,
420,190-835-258-87,нет,нет,не требуется,80 83 100,263,0,263,
421,179-261-746-07,нет,да,не требуется,78 100 82,260,3,263,Согласие на др. конкурсе
422,163-493-856-98,нет,нет,требуется,78 90 85,253,10,263,
423,200-369-288-31,нет,нет,требуется,78 88 87,253,10,263,
424,143-993-836-07,нет,да,"требуется, отказано",76 88 91,255,8,263,Согласие на др. конкурсе
425,166-358-275-98,нет,нет,требуется,76 88 89,253,10,263,
426,188-596-106-35,нет,нет,не требуется,76 88 89,253,10,263,
427,169-498-305-33,нет,нет,требуется,74 88 91,253,10,263,
428,189-194-769-43,нет,да,не требуется,74 85 94,253,10,263,Согласие на др. конкурсе
429,199-665-447-55,нет,да,не требуется,72 90 91,253,10,263,Согласие на др. конкурсе
430,207-023-780-25,нет,нет,не требуется,72 90 91,253,10,263,
431,201-594-456-43,нет,да,не требуется,94 90 78,262,0,262,Согласие на др. конкурсе
432,143-082-571-39,нет,нет,не требуется,92 87 73,252,10,262,
433,184-632-882-00,нет,да,не требуется,90 83 89,262,0,262,Согласие на др. конкурсе
434,173-721-249-64,нет,нет,не требуется,88 91 80,259,3,262,
435,168-057-289-96,нет,нет,требуется,88 85 89,262,0,262,
436,175-092-743-84,нет,нет,требуется,88 83 91,262,0,262,
437,175-767-051-09,нет,нет,"требуется, отказано",88 76 96,260,2,262,
438,160-330-301-00,нет,нет,требуется,86 95 78,259,3,262,
439,198-544-040-09,да,да,"требуется, отказано",86 93 78,257,5,262,Рассматривается к зачислению
440,157-875-808-31,нет,нет,требуется,86 91 85,262,0,262,
441,151-711-390-33,нет,нет,не требуется,86 85 91,262,0,262,
442,170-733-213-44,нет,нет,требуется,86 81 85,252,10,262,
443,176-346-434-90,нет,нет,не требуется,86 81 85,252,10,262,
444,159-892-584-46,нет,нет,требуется,84 93 85,262,0,262,
445,190-291-487-76,нет,нет,не требуется,84 83 87,254,8,262,
446,185-388-021-01,нет,нет,не требуется,84 81 87,252,10,262,
447,166-175-297-90,нет,нет,требуется,84 80 98,262,0,262,
448,179-016-275-81,нет,нет,требуется,84 80 98,262,0,262,
449,185-540-537-85,нет,нет,не требуется,82 93 87,262,0,262,
450,202-296-145-28,нет,нет,требуется,82 85 85,252,10,262,
451,189-619-225-26,нет,нет,не требуется,82 81 89,252,10,262,
452,190-485-487-99,нет,нет,не требуется,80 93 89,262,0,262,
453,160-529-580-63,нет,да,не требуется,80 90 89,259,3,262,Согласие на др. конкурсе
454,157-275-813-93,нет,нет,требуется,80 90 82,252,10,262,
455,156-997-376-45,нет,нет,требуется,80 85 87,252,10,262,
456,191-047-822-65,нет,нет,требуется,80 85 87,252,10,262,
457,165-664-522-94,нет,нет,требуется,78 93 91,262,0,262,
458,169-691-602-23,нет,нет,требуется,78 89 85,252,10,262,
459,185-105-973-77,нет,нет,не требуется,78 88 96,262,0,262,
460,153-157-476-60,нет,нет,не требуется,78 85 91,254,8,262,
461,207-125-155-20,нет,нет,требуется,78 85 89,252,10,262,
462,175-671-192-97,нет,нет,не требуется,78 83 91,252,10,262,
463,171-397-307-78,нет,нет,не требуется,78 78 96,252,10,262,
464,165-902-804-81,нет,нет,требуется,76 95 91,262,0,262,
465,173-171-906-63,нет,нет,требуется,76 88 98,262,0,262,
466,158-574-853-21,да,да,требуется,76 87 89,252,10,262,Рассматривается к зачислению
467,142-460-955-50,да,да,требуется,76 78 98,252,10,262,Рассматривается к зачислению
468,149-638-819-20,нет,нет,требуется,74 87 91,252,10,262,
469,146-973-786-25,нет,нет,"требуется, отказано",74 80 98,252,10,262,
470,203-145-915-18,нет,нет,не требуется,92 90 76,258,3,261,
471,201-597-099-54,нет,нет,"требуется, отказано",90 74 94,258,3,261,
472,189-839-529-61,нет,да,"требуется, отказано",88 95 78,261,0,261,Согласие на др. конкурсе
473,178-151-992-01,нет,нет,не требуется,88 91 82,261,0,261,
474,173-403-465-50,нет,нет,требуется,88 88 85,261,0,261,
475,180-558-153-75,нет,нет,не требуется,88 80 91,259,2,261,
476,178-465-397-27,нет,нет,требуется,88 75 98,261,0,261,
477,165-868-192-23,нет,нет,требуется,86 85 87,258,3,261,
478,169-654-499-34,нет,нет,требуется,86 85 80,251,10,261,
479,186-830-287-05,нет,нет,не требуется,86 83 89,258,3,261,
480,193-883-385-30,да,да,не требуется,86 78 87,251,10,261,Рассматривается к зачислению
481,202-862-568-52,нет,нет,не требуется,86 78 87,251,10,261,
482,157-603-379-77,нет,нет,не требуется,86 76 89,251,10,261,
483,158-758-380-27,нет,нет,требуется,84 95 82,261,0,261,
484,160-698-038-83,нет,нет,не требуется,84 90 87,261,0,261,
485,152-354-435-44,нет,да,не требуется,84 88 89,261,0,261,Уже зачислен на др. конкурсе
486,159-806-019-94,нет,нет,требуется,84 88 89,261,0,261,
487,201-781-453-35,нет,нет,"требуется, отказано",84 85 82,251,10,261,
488,146-511-710-44,нет,нет,не требуется,84 78 89,251,10,261,
489,185-908-247-13,нет,нет,требуется,84 78 89,251,10,261,Согласие на др. конкурсе
490,187-692-291-34,нет,нет,не требуется,82 90 89,261,0,261,
491,149-185-880-08,нет,да,не требуется,82 83 96,261,0,261,
492,145-025-952-44,нет,нет,не требуется,82 80 89,251,10,261,
493,199-037-996-36,нет,нет,не требуется,80 95 76,251,10,261,Согласие на др. конкурсе
494,191-151-415-41,да,да,не требуется,80 83 98,261,0,261,Рассматривается к зачислению
495,188-464-639-30,нет,нет,не требуется,80 80 91,251,10,261,
496,201-668-819-57,нет,нет,не требуется,80 80 91,251,10,261,
497,148-297-430-99,нет,нет,не требуется,78 75 98,251,10,261,Преим. право
498,159-955-481-38,нет,да,требуется,76 93 82,251,10,261,Согласие на др. конкурсе
499,157-755-710-06,нет,нет,требуется,76 90 85,251,10,261,
500,160-329-098-46,нет,нет,требуется,76 87 98,261,0,261,
501,165-680-717-97,нет,нет,требуется,74 95 82,251,10,261,
502,164-575-022-75,нет,нет,требуется,72 85 94,251,10,261,
503,164-883-289-14,да,да,не требуется,72 85 94,251,10,261,Рассматривается к зачислению
504,200-749-044-27,нет,нет,не требуется,72 83 96,251,10,261,
505,145-318-496-66,да,да,требуется,70 83 98,251,10,261,Рассматривается к зачислению
506,188-526-776-32,да,да,не требуется,90 78 82,250,10,260,Рассматривается к зачислению
507,164-269-118-75,нет,нет,требуется,88 88 80,256,4,260,
508,168-937-994-57,нет,нет,требуется,86 87 87,260,0,260,
509,173-502-407-42,нет,нет,не требуется,84 93 78,255,5,260,
510,190-883-875-22,нет,нет,не требуется,84 91 85,260,0,260,
511,143-019-665-37,нет,нет,не требуется,84 85 91,260,0,260,
512,204-876-493-85,нет,нет,требуется,84 85 91,260,0,260,
513,166-056-922-80,нет,нет,не требуется,84 78 98,260,0,260,
514,167-154-297-83,нет,нет,не требуется,84 75 91,250,10,260,
515,184-624-508-85,нет,да,не требуется,84 72 94,250,10,260,Согласие на др. конкурсе
516,151-812-027-27,нет,да,не требуется,82 95 80,257,3,260,Согласие на др. конкурсе
517,168-576-673-35,нет,нет,требуется,82 88 87,257,3,260,
518,154-075-921-63,нет,нет,не требуется,82 83 85,250,10,260,Преим. право
519,159-036-985-98,нет,нет,требуется,82 83 85,250,10,260,
520,187-036-692-98,нет,нет,требуется,82 72 96,250,10,260,
521,157-460-728-84,нет,нет,требуется,80 93 87,260,0,260,
522,202-131-997-08,нет,нет,не требуется,80 93 82,255,5,260,
523,169-118-365-88,нет,да,не требуется,80 90 90,260,0,260,Согласие на др. конкурсе
524,167-957-326-30,нет,нет,"требуется, отказано",80 74 96,250,10,260,
525,188-786-276-59,нет,нет,не требуется,78 95 87,260,0,260,
526,164-564-142-73,нет,нет,требуется,78 85 87,250,10,260,
527,190-791-376-00,нет,нет,требуется,78 85 87,250,10,260,
528,165-891-107-98,нет,да,не требуется,78 83 91,252,8,260,Согласие на др. конкурсе
529,201-725-604-18,нет,нет,"требуется, отказано",78 83 89,250,10,260,
530,203-248-275-27,нет,нет,требуется,78 83 89,250,10,260,
531,144-265-677-69,нет,нет,требуется,78 81 91,250,10,260,
532,162-006-161-10,нет,да,не требуется,76 99 85,260,0,260,Согласие на др. конкурсе
533,188-094-293-15,нет,нет,не требуется,76 90 91,257,3,260,
534,170-391-684-69,нет,нет,требуется,76 88 96,260,0,260,
535,158-873-983-44,нет,да,требуется,74 85 91,250,10,260,Уже зачислен на др. конкурсе
536,181-233-619-47,нет,нет,требуется,74 85 91,250,10,260,
537,152-932-658-75,нет,нет,не требуется,100 80 69,249,10,259,
538,202-672-840-42,нет,нет,не требуется,94 80 85,259,0,259,
539,189-593-876-65,нет,нет,требуется,90 83 76,249,10,259,
540,186-259-739-22,да,да,не требуется,90 80 89,259,0,259,Рассматривается к зачислению
541,178-987-876-85,нет,нет,не требуется,88 95 76,259,0,259,
542,142-946-358-79,нет,нет,не требуется,88 80 91,259,0,259,
543,157-011-073-23,нет,нет,не требуется,86 85 78,249,10,259,
544,166-189-263-00,нет,да,не требуется,84 88 82,254,5,259,Согласие на др. конкурсе
545,196-688-596-68,нет,нет,требуется,84 78 89,251,8,259,
546,177-627-617-13,нет,нет,требуется,84 76 89,249,10,259,
547,196-172-806-00,да,да,не требуется,82 90 87,259,0,259,Рассматривается к зачислению
548,183-977-379-41,нет,нет,не требуется,82 87 80,249,10,259,
549,200-103-877-81,нет,нет,не требуется,82 85 87,254,5,259,
550,199-349-255-37,нет,нет,"требуется, отказано",82 85 82,249,10,259,
551,159-746-073-13,нет,нет,не требуется,82 83 94,259,0,259,
552,166-829-795-35,нет,нет,не требуется,82 83 94,259,0,259,
553,194-731-720-94,нет,нет,требуется,80 93 76,249,10,259,Согласие на др. конкурсе
554,186-675-429-29,нет,нет,не требуется,80 90 89,259,0,259,
555,160-538-113-41,нет,нет,требуется,80 90 87,257,2,259,
556,186-807-349-15,нет,нет,не требуется,80 89 90,259,0,259,
557,190-576-987-18,нет,нет,не требуется,80 85 91,256,3,259,
558,145-901-315-49,да,да,не требуется,80 78 91,249,10,259,Рассматривается к зачислению
559,187-908-609-33,нет,нет,не требуется,80 78 91,249,10,259,
560,187-372-658-17,нет,нет,требуется,80 75 94,249,10,259,
561,159-346-612-95,нет,нет,требуется,78 90 91,259,0,259,
562,190-681-619-89,нет,нет,не требуется,78 90 91,259,0,259,
563,172-661-508-71,да,да,требуется,78 80 91,249,10,259,Рассматривается к зачислению
564,153-614-570-55,нет,нет,не требуется,76 95 78,249,10,259,
565,164-778-546-21,нет,нет,требуется,76 95 78,249,10,259,Согласие на др. конкурсе
566,143-082-183-31,нет,да,не требуется,74 88 94,256,3,259,Согласие на др. конкурсе
567,196-327-597-17,нет,нет,требуется,74 88 94,256,3,259,
568,205-761-810-54,нет,нет,требуется,74 88 87,249,10,259,
569,211-254-408-05,нет,нет,требуется,72 93 94,259,0,259,
570,142-088-754-61,нет,нет,не требуется,70 85 100,255,4,259,
571,133-260-715-23,нет,нет,требуется,92 88 78,258,0,258,Преим. право
572,180-294-878-91,нет,нет,не требуется,90 85 73,248,10,258,
573,166-258-926-03,нет,нет,не требуется,90 81 87,258,0,258,
574,157-230-528-51,нет,нет,не требуется,90 78 80,248,10,258,
575,179-331-284-90,нет,да,требуется,88 90 80,258,0,258,Согласие на др. конкурсе
576,186-938-961-54,нет,нет,не требуется,88 85 82,255,3,258,
577,165-429-846-99,нет,нет,требуется,86 90 82,258,0,258,
578,185-264-268-91,нет,нет,не требуется,86 87 80,253,5,258,
579,162-823-974-85,нет,нет,требуется,86 85 87,258,0,258,
580,191-394-811-93,нет,нет,не требуется,86 75 94,255,3,258,
581,165-605-946-88,нет,нет,не требуется,86 68 94,248,10,258,
582,135-094-552-55,нет,нет,не требуется,84 93 76,253,5,258,
583,145-764-674-99,нет,нет,требуется,84 80 94,258,0,258,
584,160-229-073-31,нет,нет,не требуется,84 78 96,258,0,258,
585,164-034-971-57,нет,нет,требуется,82 90 76,248,10,258,
586,162-454-954-76,нет,да,не требуется,82 88 85,255,3,258,Согласие на др. конкурсе
587,166-235-458-75,нет,да,"требуется, отказано",82 88 85,255,3,258,Согласие на др. конкурсе
588,167-473-924-10,нет,нет,не требуется,82 85 91,258,0,258,
589,184-435-697-01,нет,нет,не требуется,82 85 91,258,0,258,
590,165-053-941-64,нет,нет,требуется,82 78 98,258,0,258,
591,164-918-809-07,нет,нет,не требуется,80 95 80,255,3,258,
592,197-705-017-00,нет,нет,не требуется,80 88 87,255,3,258,Согласие на др. конкурсе
593,150-535-340-30,нет,нет,не требуется,80 83 85,248,10,258,
594,178-635-219-07,нет,нет,"требуется, отказано",80 81 87,248,10,258,
595,179-439-928-40,нет,да,не требуется,80 81 87,248,10,258,Согласие на др. конкурсе
596,151-511-219-11,нет,да,не требуется,78 88 89,255,3,258,Согласие на др. конкурсе
597,172-184-195-66,нет,нет,не требуется,78 83 94,255,3,258,
598,162-081-092-34,нет,нет,требуется,78 83 87,248,10,258,
599,193-577-016-01,нет,нет,требуется,78 76 94,248,10,258,
600,174-028-976-81,нет,нет,требуется,76 93 89,258,0,258,
601,202-855-074-42,нет,нет,требуется,76 91 91,258,0,258,
602,159-181-609-88,нет,нет,требуется,76 85 94,255,3,258,
603,140-185-122-15,нет,нет,требуется,76 85 87,248,10,258,Согласие на др. конкурсе
604,191-915-903-96,нет,нет,не требуется,76 78 94,248,10,258,Согласие на др. конкурсе
605,161-637-617-69,нет,нет,требуется,74 90 94,258,0,258,Согласие на др. конкурсе
606,165-774-112-91,нет,нет,"требуется, отказано",74 90 94,258,0,258,
607,181-581-381-79,нет,нет,не требуется,74 88 86,248,10,258,
608,203-248-167-24,нет,нет,требуется,74 83 91,248,10,258,
609,190-567-884-11,нет,нет,не требуется,100 77 80,257,0,257,
610,173-851-937-01,нет,нет,не требуется,94 81 82,257,0,257,
611,164-255-263-62,нет,нет,"требуется, отказано",88 83 76,247,10,257,
612,124-541-412-22,нет,нет,требуется,88 73 96,257,0,257,
613,189-297-106-28,нет,нет,требуется,86 93 78,257,0,257,
614,165-327-553-75,нет,нет,не требуется,86 85 86,257,0,257,
615,168-397-597-42,нет,нет,требуется,86 81 80,247,10,257,
616,206-639-239-67,нет,нет,не требуется,84 95 78,257,0,257,
617,160-536-079-48,нет,нет,требуется,84 88 82,254,3,257,
618,185-354-841-99,да,да,не требуется,84 88 82,254,3,257,Рассматривается к зачислению
619,205-494-494-71,нет,да,требуется,84 88 82,254,3,257,Согласие на др. конкурсе
620,174-154-725-69,нет,нет,требуется,84 83 80,247,10,257,
621,159-370-115-74,нет,нет,требуется,84 76 87,247,10,257,
622,178-143-787-01,нет,нет,требуется,82 88 87,257,0,257,
623,189-800-116-94,нет,нет,требуется,80 95 82,257,0,257,
624,158-337-046-79,нет,нет,"требуется, отказано",80 90 87,257,0,257,
625,208-910-651-61,нет,да,требуется,80 88 89,257,0,257,Согласие на др. конкурсе
626,158-035-109-51,нет,нет,требуется,80 85 82,247,10,257,
627,188-459-242-28,нет,нет,требуется,80 83 94,257,0,257,
628,175-445-482-93,нет,нет,требуется,80 76 91,247,10,257,
629,166-207-080-54,нет,нет,требуется,78 90 89,257,0,257,
630,139-846-928-25,нет,нет,"требуется, отказано",78 88 91,257,0,257,
631,188-425-036-94,нет,нет,не требуется,78 88 91,257,0,257,
632,163-660-745-77,нет,да,требуется,78 88 89,255,2,257,Согласие на др. конкурсе
633,165-676-373-11,нет,нет,требуется,78 83 96,257,0,257,
634,172-558-232-79,нет,да,не требуется,78 80 89,247,10,257,
635,194-006-885-77,нет,нет,не требуется,78 80 89,247,10,257,
636,203-359-002-19,нет,да,требуется,74 85 98,257,0,257,Согласие на др. конкурсе
637,182-388-422-94,нет,нет,не требуется,86 88 82,256,0,256,
638,158-031-990-68,нет,нет,требуется,86 81 89,256,0,256,
639,167-003-760-50,нет,нет,требуется,86 70 100,256,0,256,
640,179-880-280-36,нет,да,не требуется,84 93 76,253,3,256,Согласие на др. конкурсе
641,165-895-128-18,нет,нет,требуется,84 90 82,256,0,256,
642,198-081-060-92,нет,нет,требуется,84 90 82,256,0,256,
643,153-860-388-80,нет,нет,не требуется,84 85 87,256,0,256,
644,170-967-369-05,да,да,не требуется,84 85 87,256,0,256,Рассматривается к зачислению
645,169-464-993-36,нет,нет,не требуется,84 80 82,246,10,256,
646,180-813-733-67,нет,нет,не требуется,82 85 82,249,7,256,Согласие на др. конкурсе
647,185-417-970-04,нет,нет,не требуется,82 83 91,256,0,256,
648,187-041-840-77,нет,да,не требуется,82 83 91,256,0,256,Согласие на др. конкурсе
649,185-157-894-11,нет,нет,не требуется,82 80 94,256,0,256,Согласие на др. конкурсе
650,165-926-719-10,нет,нет,не требуется,82 78 96,256,0,256,
651,166-025-343-48,да,да,не требуется,82 78 86,246,10,256,Рассматривается к зачислению
,,,,,,,,,
,,,,,,,,,Преим. право
652,164-948-906-22,нет,нет,требуется,80 85 91,256,0,256,
653,201-929-808-56,нет,нет,не требуется,80 72 94,246,10,256,
654,202-007-614-84,нет,да,не требуется,76 90 80,246,10,256,
655,164-717-292-85,нет,да,не требуется,76 88 89,253,3,256,Согласие на др. конкурсе
656,166-007-150-39,нет,нет,требуется,76 88 82,246,10,256,
657,162-520-899-61,нет,нет,требуется,74 83 89,246,10,256,
658,197-438-412-15,нет,нет,требуется,74 80 92,246,10,256,
659,203-681-207-31,нет,да,требуется,74 78 94,246,10,256,Согласие на др. конкурсе
660,175-221-137-41,нет,да,не требуется,72 85 89,246,10,256,Согласие на др. конкурсе
661,203-495-246-47,нет,да,требуется,72 85 89,246,10,256,Согласие на др. конкурсе
662,165-655-471-99,нет,нет,не требуется,92 83 80,255,0,255,
663,204-858-210-58,да,да,требуется,86 78 91,255,0,255,Рассматривается к зачислению
664,174-736-960-11,нет,нет,требуется,86 75 94,255,0,255,
665,149-129-567-89,нет,нет,требуется,86 75 87,248,7,255,
666,193-440-026-55,нет,нет,"требуется, отказано",84 85 76,245,10,255,Преим. право
667,167-685-490-30,нет,нет,не требуется,84 80 91,255,0,255,
668,165-722-830-81,нет,да,требуется,84 70 91,245,10,255,Согласие на др. конкурсе
669,165-684-063-98,нет,нет,требуется,82 95 78,255,0,255,
670,185-804-789-16,нет,нет,не требуется,82 88 85,255,0,255,
671,165-649-114-92,нет,нет,не требуется,82 80 91,253,2,255,
672,148-607-941-96,нет,нет,требуется,82 76 87,245,10,255,
673,185-223-585-77,нет,нет,требуется,82 74 96,252,3,255,
674,158-594-460-18,нет,нет,не требуется,82 72 91,245,10,255,
675,177-334-337-84,нет,да,не требуется,82 67 96,245,10,255,Согласие на др. конкурсе
676,182-932-943-00,нет,нет,не требуется,80 93 82,255,0,255,
677,159-656-387-27,нет,нет,требуется,80 88 87,255,0,255,
678,174-913-162-80,нет,нет,не требуется,80 83 89,252,3,255,
679,162-342-653-47,нет,да,не требуется,80 83 82,245,10,255,Согласие на др. конкурсе
680,170-834-729-77,нет,нет,требуется,80 76 96,252,3,255,
681,194-738-801-21,нет,нет,требуется,78 90 87,255,0,255,
682,171-276-815-73,нет,нет,требуется,78 88 89,255,0,255,
683,179-499-096-55,нет,нет,требуется,78 88 89,255,0,255,
684,177-654-975-35,нет,нет,не требуется,78 78 89,245,10,255,
685,202-989-266-85,нет,нет,требуется,76 85 94,255,0,255,Преим. право
686,178-312-020-55,нет,нет,требуется,76 85 94,255,0,255,
687,159-070-869-91,нет,нет,требуется,76 85 91,252,3,255,
688,166-393-049-90,нет,нет,требуется,76 78 91,245,10,255,
689,179-355-775-29,нет,нет,требуется,76 78 91,245,10,255,
690,149-861-446-10,нет,нет,требуется,76 75 94,245,10,255,
691,177-591-603-12,нет,да,не требуется,76 75 94,245,10,255,
692,178-868-346-52,нет,нет,требуется,76 75 94,245,10,255,
693,167-478-823-26,нет,нет,не требуется,76 73 96,245,10,255,
694,168-185-168-00,нет,нет,требуется,74 85 96,255,0,255,
695,175-053-870-74,нет,нет,требуется,74 75 96,245,10,255,
696,144-871-953-95,нет,да,требуется,88 93 73,254,0,254,Согласие на др. конкурсе
697,199-336-969-47,да,да,не требуется,86 88 80,254,0,254,Рассматривается к зачислению
698,194-627-288-11,нет,да,не требуется,86 83 82,251,3,254,Согласие на др. конкурсе
699,207-323-587-44,нет,нет,не требуется,86 80 85,251,3,254,
700,186-986-772-68,нет,да,не требуется,86 80 78,244,10,254,Согласие на др. конкурсе
701,190-347-137-62,да,да,не требуется,84 85 85,254,0,254,Рассматривается к зачислению
702,191-156-196-69,нет,нет,требуется,84 85 85,254,0,254,
703,185-808-184-09,нет,нет,требуется,82 90 82,254,0,254,
704,188-495-365-42,нет,нет,не требуется,82 90 82,254,0,254,
705,178-980-263-34,нет,нет,не требуется,82 85 87,254,0,254,
706,168-201-168-51,нет,нет,требуется,82 62 100,244,10,254,
707,185-210-097-49,да,нет,не требуется,80 78 96,254,0,254,
708,180-011-214-94,нет,нет,требуется,78 93 80,251,3,254,
709,185-634-851-08,нет,нет,не требуется,78 90 76,244,10,254,
710,169-660-928-23,нет,нет,не требуется,78 78 98,254,0,254,
711,189-925-562-47,нет,нет,не требуется,78 78 98,254,0,254,
712,164-185-717-80,нет,нет,не требуется,78 75 91,244,10,254,
713,157-484-726-07,нет,нет,требуется,74 93 87,254,0,254,
714,190-862-548-97,нет,нет,требуется,74 88 92,254,0,254,
715,180-191-016-35,нет,нет,не требуется,74 83 94,251,3,254,
716,170-934-988-00,нет,нет,не требуется,72 93 89,254,0,254,
717,144-511-837-44,нет,да,требуется,70 80 94,244,10,254,Согласие на др. конкурсе
718,131-942-958-66,нет,нет,требуется,68 88 98,254,0,254,
719,157-122-325-39,нет,нет,не требуется,90 78 85,253,0,253,
720,189-465-249-31,нет,нет,не требуется,88 75 80,243,10,253,
721,162-950-057-66,нет,нет,требуется,86 85 82,253,0,253,
722,159-606-105-79,нет,нет,требуется,86 78 89,253,0,253,
723,180-950-184-74,нет,нет,не требуется,84 87 82,253,0,253,
724,186-251-266-79,нет,нет,не требуется,84 78 91,253,0,253,
725,199-540-806-22,да,да,не требуется,82 90 71,243,10,253,Рассматривается к зачислению
726,174-183-050-60,нет,нет,требуется,82 89 82,253,0,253,
727,184-339-864-08,нет,да,не требуется,82 88 73,243,10,253,Согласие на др. конкурсе
728,158-170-159-67,да,да,требуется,82 72 89,243,10,253,Рассматривается к зачислению
729,164-982-884-29,нет,нет,требуется,80 83 87,250,3,253,
730,147-818-473-02,нет,да,не требуется,80 78 85,243,10,253,Согласие на др. конкурсе
731,163-609-978-98,нет,нет,требуется,78 87 78,243,10,253,
732,201-833-565-31,нет,нет,не требуется,78 85 80,243,10,253,
733,131-739-822-62,нет,нет,требуется,78 80 85,243,10,253,Преим. право
734,149-280-293-82,нет,нет,не требуется,78 80 85,243,10,253,
735,148-037-017-48,нет,нет,требуется,78 78 94,250,3,253,
736,170-117-649-38,нет,нет,требуется,76 91 82,249,4,253,
737,189-960-207-31,нет,нет,требуется,76 85 89,250,3,253,
738,169-267-091-07,нет,нет,требуется,76 83 94,253,0,253,
739,153-899-567-31,нет,нет,требуется,76 78 89,243,10,253,
740,157-193-734-91,да,да,требуется,74 78 91,243,10,253,Рассматривается к зачислению
741,201-408-200-87,нет,да,требуется,86 80 76,242,10,252,Согласие на др. конкурсе
742,168-535-629-07,нет,нет,не требуется,82 78 82,242,10,252,
743,163-804-802-67,нет,нет,требуется,80 85 87,252,0,252,
744,184-320-186-53,нет,нет,не требуется,80 85 82,247,5,252,
745,132-622-880-40,нет,нет,требуется,78 85 89,252,0,252,
746,161-729-096-75,нет,нет,требуется,78 85 89,252,0,252,
747,193-749-554-27,нет,нет,не требуется,78 85 89,252,0,252,
748,190-345-509-62,нет,нет,не требуется,78 83 91,252,0,252,
749,177-050-996-89,нет,нет,не требуется,78 80 94,252,0,252,
750,189-415-702-06,нет,да,не требуется,78 75 89,242,10,252,Уже зачислен на др. конкурсе
,,,,,,,,,Преим. право
751,169-497-954-56,нет,нет,требуется,76 98 78,252,0,252,
752,153-690-678-90,нет,нет,требуется,76 95 71,242,10,252,
753,170-603-395-44,нет,нет,требуется,74 93 85,252,0,252,
754,172-986-761-29,нет,нет,не требуется,74 70 98,242,10,252,
755,179-304-287-90,нет,нет,не требуется,86 80 85,251,0,251,
756,180-245-316-41,нет,нет,не требуется,86 80 85,251,0,251,Согласие на др. конкурсе
757,174-155-430-61,нет,нет,не требуется,84 89 78,251,0,251,
758,170-229-219-39,нет,нет,требуется,84 85 82,251,0,251,
759,183-233-121-40,нет,нет,не требуется,82 81 88,251,0,251,
760,165-073-102-43,нет,нет,"требуется, отказано",80 93 78,251,0,251,
761,173-944-068-95,нет,да,не требуется,80 89 72,241,10,251,Согласие на др. конкурсе
762,179-203-954-92,да,да,не требуется,80 83 80,243,8,251,Рассматривается к зачислению
763,194-221-826-68,нет,нет,требуется,80 80 91,251,0,251,
764,180-458-405-70,нет,нет,"требуется, отказано",80 72 89,241,10,251,
765,139-667-551-14,нет,да,требуется,80 70 91,241,10,251,Согласие на др. конкурсе
766,165-698-867-46,нет,да,требуется,78 95 78,251,0,251,Согласие на др. конкурсе
767,166-279-106-90,нет,нет,не требуется,78 88 85,251,0,251,
768,152-272-833-50,нет,нет,требуется,78 81 82,241,10,251,
769,186-789-328-52,нет,да,не требуется,76 88 87,251,0,251,Согласие на др. конкурсе
770,167-089-738-15,нет,нет,"требуется, отказано",76 85 85,246,5,251,
771,177-456-512-04,нет,нет,требуется,76 85 80,241,10,251,
772,201-550-345-01,нет,нет,не требуется,76 83 82,241,10,251,
773,155-446-755-87,нет,нет,требуется,76 78 87,241,10,251,
774,184-551-915-93,да,да,не требуется,76 78 87,241,10,251,Рассматривается к зачислению
775,171-330-447-31,нет,нет,требуется,76 76 89,241,10,251,
776,204-813-751-42,нет,нет,требуется,76 67 98,241,10,251,
777,168-715-628-08,нет,да,не требуется,74 88 89,251,0,251,Согласие на др. конкурсе
778,188-660-905-25,нет,нет,не требуется,90 80 80,250,0,250,
779,165-609-007-70,нет,нет,не требуется,86 83 71,240,10,250,
780,184-317-731-79,нет,да,не требуется,86 80 78,244,6,250,Согласие на др. конкурсе
781,160-703-258-34,нет,нет,требуется,82 83 85,250,0,250,
782,186-865-776-52,нет,нет,"требуется, отказано",82 83 85,250,0,250,
783,191-942-866-10,нет,да,не требуется,80 78 89,247,3,250,
784,133-631-243-25,нет,нет,не требуется,80 75 85,240,10,250,Преим. право
785,165-591-489-06,нет,нет,требуется,80 75 85,240,10,250,
786,159-173-858-05,нет,нет,требуется,78 85 87,250,0,250,
787,165-411-948-67,нет,нет,не требуется,78 85 87,250,0,250,
788,184-400-978-73,нет,нет,не требуется,78 83 89,250,0,250,
789,164-854-087-96,нет,нет,не требуется,78 80 89,247,3,250,
790,187-157-843-14,нет,нет,требуется,78 74 88,240,10,250,
791,192-718-002-75,нет,да,требуется,78 68 94,240,10,250,Согласие на др. конкурсе
792,155-943-800-93,нет,нет,требуется,76 70 94,240,10,250,
793,201-211-384-75,нет,нет,не требуется,76 70 94,240,10,250,
794,162-955-304-82,нет,нет,не требуется,74 100 73,247,3,250,
795,169-606-673-13,да,да,не требуется,74 91 85,250,0,250,Рассматривается к зачислению
796,204-585-195-61,нет,нет,требуется,74 85 91,250,0,250,
797,179-497-474-53,нет,нет,требуется,74 80 96,250,0,250,
798,192-282-875-97,нет,нет,не требуется,70 85 85,240,10,250,
799,187-798-050-49,нет,да,не требуется,94 70 85,249,0,249,Согласие на др. конкурсе
800,178-729-829-44,нет,нет,не требуется,92 67 87,246,3,249,
801,168-936-366-31,нет,да,не требуется,88 80 71,239,10,249,
802,156-095-199-85,нет,нет,не требуется,86 78 85,249,0,249,
803,185-517-890-11,нет,да,не требуется,84 80 85,249,0,249,
804,184-305-579-76,нет,нет,не требуется,84 75 80,239,10,249,
805,136-124-483-37,нет,нет,"требуется, отказано",82 80 87,249,0,249,Преим. право
806,193-766-968-43,нет,нет,не требуется,82 80 87,249,0,249,
807,196-654-592-33,нет,нет,не требуется,82 78 89,249,0,249,
808,189-975-773-81,нет,нет,не требуется,82 75 82,239,10,249,
809,169-609-100-94,нет,нет,не требуется,80 88 78,246,3,249,
810,180-081-668-54,нет,нет,не требуется,80 88 78,246,3,249,
811,196-337-423-01,нет,нет,не требуется,80 83 76,239,10,249,
812,188-745-741-39,нет,нет,не требуется,80 80 89,249,0,249,
813,155-073-891-73,нет,нет,"требуется, отказано",80 72 87,239,10,249,
814,181-719-569-98,нет,нет,не требуется,80 72 87,239,10,249,
815,165-427-679-94,нет,нет,требуется,78 88 80,246,3,249,
816,184-043-711-56,нет,нет,не требуется,78 70 91,239,10,249,
817,169-128-516-90,нет,нет,требуется,76 93 80,249,0,249,
818,195-529-646-22,нет,да,не требуется,76 83 82,241,8,249,Согласие на др. конкурсе
819,144-709-853-83,нет,нет,требуется,76 83 80,239,10,249,
820,185-295-995-33,нет,нет,не требуется,76 78 85,239,10,249,
821,143-108-468-31,нет,нет,не требуется,74 88 87,249,0,249,Преим. право
822,158-864-956-40,нет,да,не требуется,74 88 87,249,0,249,Согласие на др. конкурсе
823,169-691-621-26,нет,нет,требуется,74 88 87,249,0,249,
824,167-820-751-95,нет,нет,не требуется,74 80 85,239,10,249,
825,148-864-058-07,нет,нет,не требуется,72 95 72,239,10,249,
826,195-143-799-00,нет,нет,требуется,90 80 78,248,0,248,
827,181-418-776-81,нет,нет,не требуется,90 78 80,248,0,248,
828,190-421-641-45,нет,нет,"требуется, отказано",84 85 76,245,3,248,
829,190-224-016-26,нет,нет,не требуется,84 78 76,238,10,248,
830,158-063-349-72,нет,нет,требуется,82 91 73,246,2,248,
831,181-773-419-91,нет,да,не требуется,82 83 80,245,3,248,Уже зачислен на др. конкурсе
832,157-250-930-67,нет,нет,не требуется,80 93 72,245,3,248,
833,200-223-027-63,нет,нет,не требуется,80 85 80,245,3,248,
834,156-897-372-35,да,нет,требуется,78 85 85,248,0,248,
835,174-413-726-64,нет,нет,требуется,78 80 80,238,10,248,Согласие на др. конкурсе
836,196-846-294-41,нет,нет,не требуется,76 80 82,238,10,248,
837,164-661-080-70,нет,нет,не требуется,76 75 87,238,10,248,
838,151-355-006-24,нет,да,не требуется,76 74 98,248,0,248,Согласие на др. конкурсе
839,177-530-697-00,нет,нет,требуется,76 62 100,238,10,248,
840,173-057-031-45,нет,нет,не требуется,74 83 91,248,0,248,
841,177-886-454-50,нет,нет,требуется,74 80 94,248,0,248,
842,179-884-271-51,нет,нет,не требуется,72 95 71,238,10,248,
843,161-997-033-99,нет,нет,требуется,72 88 85,245,3,248,
844,160-125-169-16,нет,нет,требуется,72 85 91,248,0,248,
845,156-395-944-11,нет,нет,требуется,70 70 98,238,10,248,
846,182-465-098-86,нет,да,не требуется,88 72 87,247,0,247,Согласие на др. конкурсе
847,186-078-705-06,нет,нет,не требуется,84 88 70,242,5,247,
848,158-325-730-79,нет,нет,не требуется,84 85 78,247,0,247,
849,159-676-136-20,нет,нет,требуется,84 75 85,244,3,247,
850,184-368-770-14,нет,нет,не требуется,82 85 80,247,0,247,
