﻿№,СНИЛС/уникальный номер,Согласие на зачисление,Наличие подлинника/отметки о подлиннике с ЕПГУ,Потребность в общежитии,Оценки,Сумма баллов за ВИ,Балл за ИД,Сумма баллов,Примечание
",,,,,""Математика, Информатика и ИКТ, Русский язык"",,,,,,,,,,,,,",,,,,,,,,
1,134-427-149-42,нет,нет,не требуется,100 100 96,296,10,306,
2,188-531-909-12,нет,нет,не требуется,100 100 94,294,10,304,
3,150-248-803-39,нет,нет,требуется,98 94 98,290,10,300,
4,162-719-094-75,нет,нет,требуется,98 92 100,290,10,300,
5,149-569-377-28,нет,да,требуется,100 100 89,289,10,299,Уже зачислен на др. конкурсе
6,166-014-170-36,нет,нет,не требуется,100 99 100,299,0,299,
7,132-218-529-23,нет,нет,не требуется,98 90 100,288,10,298,
8,164-883-625-10,нет,нет,не требуется,100 100 87,287,10,297,
9,183-854-829-18,нет,нет,не требуется,100 100 87,287,10,297,
10,156-943-616-01,нет,нет,требуется,95 98 94,287,10,297,
11,176-874-496-40,нет,да,требуется,93 100 94,287,10,297,Уже зачислен на др. конкурсе
12,196-844-580-36,нет,нет,требуется,95 94 96,285,10,295,
13,170-904-013-39,нет,да,требуется,93 96 96,285,10,295,Согласие на др. конкурсе
14,176-909-379-27,нет,да,требуется,93 92 100,285,10,295,Согласие на др. конкурсе
15,201-985-137-54,нет,нет,требуется,95 100 89,284,10,294,
16,173-935-415-93,нет,нет,требуется,95 94 94,283,10,293,
17,196-919-822-46,нет,да,требуется,95 88 100,283,10,293,Согласие на др. конкурсе
18,163-778-257-08,нет,да,требуется,93 92 98,283,10,293,Согласие на др. конкурсе
19,174-671-368-96,нет,нет,не требуется,93 92 98,283,10,293,
20,185-185-527-99,нет,да,требуется,93 92 98,283,10,293,Согласие на др. конкурсе
21,181-685-789-20,нет,нет,не требуется,100 86 96,282,10,292,
22,159-749-621-31,нет,нет,требуется,95 100 87,282,10,292,
23,189-104-287-86,нет,нет,не требуется,100 86 100,286,5,291,
24,180-885-195-05,нет,нет,не требуется,95 100 96,291,0,291,
25,186-712-473-98,нет,нет,требуется,95 92 94,281,10,291,
26,198-624-566-30,нет,нет,требуется,95 92 94,281,10,291,
27,206-516-009-27,нет,да,требуется,95 90 96,281,10,291,Согласие на др. конкурсе
28,168-831-812-06,нет,нет,требуется,95 86 100,281,10,291,
29,155-763-238-87,нет,нет,требуется,100 100 80,280,10,290,
30,174-108-491-61,нет,нет,требуется,98 98 94,290,0,290,
31,153-004-380-10,нет,нет,требуется,98 96 96,290,0,290,
32,184-286-795-19,нет,да,требуется,98 82 100,280,10,290,Согласие на др. конкурсе
33,176-557-162-05,нет,нет,требуется,95 96 89,280,10,290,
34,193-093-044-70,нет,нет,требуется,95 94 91,280,10,290,
35,195-962-012-10,нет,нет,требуется,90 92 98,280,10,290,
36,175-638-419-04,нет,нет,требуется,95 90 94,279,10,289,Согласие на др. конкурсе
37,180-699-043-00,нет,нет,требуется,95 90 94,279,10,289,
38,186-307-349-86,нет,нет,не требуется,95 90 94,279,10,289,
39,195-071-752-87,нет,нет,требуется,93 92 94,279,10,289,
40,163-419-290-66,нет,нет,требуется,93 90 96,279,10,289,
41,163-077-288-70,нет,нет,требуется,100 84 94,278,10,288,
42,184-301-959-68,нет,нет,не требуется,100 82 96,278,10,288,
43,176-054-915-81,нет,нет,требуется,98 84 96,278,10,288,
44,146-344-040-44,нет,нет,требуется,98 82 98,278,10,288,
45,166-761-137-90,нет,нет,не требуется,98 82 98,278,10,288,
46,169-049-276-00,нет,нет,требуется,95 94 89,278,10,288,
47,146-013-699-44,нет,нет,требуется,93 98 87,278,10,288,
48,134-886-497-08,нет,нет,требуется,93 94 91,278,10,288,
49,162-343-624-46,нет,нет,требуется,93 94 91,278,10,288,
50,189-339-208-17,нет,нет,требуется,90 90 98,278,10,288,
51,163-193-926-77,нет,нет,требуется,98 88 91,277,10,287,
52,166-860-298-07,нет,нет,требуется,95 100 82,277,10,287,
53,205-115-701-05,нет,да,требуется,95 88 94,277,10,287,Согласие на др. конкурсе
54,161-702-190-34,нет,нет,требуется,95 86 96,277,10,287,
55,143-731-379-54,нет,нет,требуется,95 84 98,277,10,287,
56,187-470-075-99,нет,нет,требуется,93 90 94,277,10,287,
57,187-761-880-36,нет,нет,требуется,93 88 96,277,10,287,
58,165-886-013-07,нет,да,требуется,93 86 98,277,10,287,Согласие на др. конкурсе
59,170-662-956-81,нет,нет,требуется,93 86 98,277,10,287,
60,170-199-532-74,нет,нет,требуется,93 84 100,277,10,287,
61,201-368-792-45,нет,да,не требуется,93 84 100,277,10,287,Согласие на др. конкурсе
62,173-077-269-75,нет,нет,не требуется,100 82 94,276,10,286,
63,164-236-942-72,нет,нет,требуется,98 84 94,276,10,286,Согласие на др. конкурсе
64,158-764-142-04,нет,да,"требуется, отказано",95 96 85,276,10,286,Согласие на др. конкурсе
65,155-829-176-00,нет,нет,требуется,95 94 87,276,10,286,
66,159-246-938-07,нет,нет,требуется,95 90 91,276,10,286,
67,169-717-187-19,нет,нет,не требуется,93 92 91,276,10,286,
68,160-219-234-25,нет,нет,требуется,90 92 94,276,10,286,
69,135-407-167-41,нет,да,не требуется,90 90 96,276,10,286,Согласие на др. конкурсе
70,158-751-082-93,нет,нет,требуется,90 90 96,276,10,286,
71,194-756-024-06,нет,нет,требуется,90 90 96,276,10,286,
72,160-423-478-36,нет,нет,требуется,90 88 98,276,10,286,
73,134-393-791-75,нет,нет,требуется,88 94 94,276,10,286,
74,186-850-576-21,нет,нет,не требуется,88 94 94,276,10,286,
75,173-980-654-10,нет,нет,требуется,100 86 89,275,10,285,
76,145-963-983-16,нет,нет,требуется,98 90 87,275,10,285,
77,181-136-932-59,нет,нет,не требуется,98 88 89,275,10,285,
78,172-181-655-61,нет,нет,требуется,95 96 94,285,0,285,
79,163-174-976-81,нет,нет,требуется,95 88 92,275,10,285,
80,174-404-627-61,нет,нет,не требуется,95 86 96,277,8,285,
81,145-606-549-67,нет,нет,требуется,95 86 94,275,10,285,
82,183-760-080-81,нет,нет,не требуется,95 86 94,275,10,285,
83,148-133-816-61,нет,нет,требуется,93 92 100,285,0,285,
84,169-346-109-93,нет,нет,требуется,93 88 94,275,10,285,
85,195-405-813-88,нет,нет,не требуется,93 88 94,275,10,285,
86,197-847-738-59,нет,нет,требуется,93 88 94,275,10,285,Согласие на др. конкурсе
87,200-217-816-95,нет,нет,требуется,93 82 100,275,10,285,
88,158-792-239-19,нет,нет,требуется,88 96 91,275,10,285,
89,158-316-679-92,нет,да,требуется,85 96 94,275,10,285,
90,147-598-848-35,нет,да,не требуется,98 80 96,274,10,284,Согласие на др. конкурсе
91,165-287-338-94,нет,нет,требуется,95 94 85,274,10,284,Согласие на др. конкурсе
92,159-541-553-93,нет,нет,требуется,95 92 94,281,3,284,
93,158-613-194-82,нет,нет,требуется,95 88 91,274,10,284,Согласие на др. конкурсе
94,168-469-732-30,нет,да,не требуется,93 92 89,274,10,284,Согласие на др. конкурсе
95,169-277-452-17,нет,нет,требуется,93 90 91,274,10,284,
96,185-513-141-66,нет,нет,не требуется,93 88 100,281,3,284,
97,172-119-096-49,нет,нет,требуется,90 100 89,279,5,284,
98,200-771-672-32,нет,да,требуется,90 88 96,274,10,284,Согласие на др. конкурсе
99,157-958-427-30,нет,нет,требуется,88 92 94,274,10,284,
100,181-298-757-05,нет,нет,требуется,88 90 96,274,10,284,
101,200-262-995-17,нет,нет,не требуется,88 88 98,274,10,284,
102,132-347-161-28,нет,нет,требуется,88 86 100,274,10,284,
103,164-994-924-33,нет,нет,требуется,100 98 85,283,0,283,
104,186-612-817-96,нет,нет,не требуется,100 84 89,273,10,283,
105,170-723-809-61,нет,нет,требуется,95 82 96,273,10,283,
106,164-145-725-60,нет,нет,требуется,95 80 98,273,10,283,
107,169-117-573-90,нет,нет,не требуется,95 80 98,273,10,283,
108,200-304-617-79,нет,нет,требуется,95 80 98,273,10,283,
109,2219651,нет,нет,не требуется,93 86 94,273,10,283,
110,151-763-154-56,нет,нет,не требуется,93 86 94,273,10,283,
111,180-699-491-19,нет,нет,не требуется,90 96 89,275,8,283,
112,167-560-405-82,нет,нет,не требуется,88 94 98,280,3,283,
113,144-175-855-68,нет,нет,не требуется,100 92 80,272,10,282,
114,177-677-116-22,нет,нет,требуется,100 78 94,272,10,282,
115,180-494-188-84,нет,да,требуется,98 94 80,272,10,282,Согласие на др. конкурсе
116,188-731-106-98,нет,нет,не требуется,98 92 87,277,5,282,
117,183-629-302-86,нет,нет,не требуется,95 100 87,282,0,282,
118,166-455-176-90,нет,нет,"требуется, отказано",95 86 91,272,10,282,
119,167-524-036-73,нет,нет,"требуется, отказано",95 86 91,272,10,282,
120,149-879-065-38,нет,нет,требуется,93 92 87,272,10,282,
121,161-585-588-92,нет,нет,требуется,93 92 87,272,10,282,
122,150-033-822-05,нет,нет,требуется,93 88 98,279,3,282,
123,151-313-276-16,нет,нет,требуется,93 88 91,272,10,282,
124,155-724-930-84,нет,нет,требуется,93 88 91,272,10,282,
125,184-820-875-00,нет,нет,не требуется,90 88 94,272,10,282,
126,156-572-293-90,нет,да,требуется,90 86 96,272,10,282,Согласие на др. конкурсе
127,160-359-483-66,нет,нет,требуется,90 86 96,272,10,282,
128,205-230-579-17,нет,нет,не требуется,90 86 96,272,10,282,
129,160-138-160-24,нет,нет,требуется,90 84 98,272,10,282,
130,180-317-248-45,нет,нет,не требуется,90 84 98,272,10,282,
131,204-565-308-42,нет,нет,не требуется,90 84 98,272,10,282,
132,165-974-239-16,нет,да,не требуется,88 90 94,272,10,282,Согласие на др. конкурсе
133,151-728-284-65,нет,да,требуется,88 88 96,272,10,282,Согласие на др. конкурсе
134,205-750-903-49,нет,нет,"требуется, отказано",88 88 96,272,10,282,
135,173-090-161-46,нет,нет,требуется,88 86 98,272,10,282,Согласие на др. конкурсе
136,204-890-287-67,нет,нет,требуется,88 86 98,272,10,282,
137,192-525-395-86,нет,нет,требуется,85 100 89,274,8,282,
138,179-538-528-30,нет,нет,требуется,95 82 94,271,10,281,
139,180-385-397-84,нет,да,не требуется,95 82 94,271,10,281,Согласие на др. конкурсе
140,180-187-925-82,нет,нет,требуется,93 94 94,281,0,281,
141,194-894-203-25,нет,да,требуется,93 94 94,281,0,281,Согласие на др. конкурсе
142,173-073-084-52,нет,нет,"требуется, отказано",93 84 94,271,10,281,
143,195-601-593-91,нет,да,не требуется,93 82 96,271,10,281,Согласие на др. конкурсе
144,202-383-517-25,нет,нет,требуется,93 80 98,271,10,281,
145,180-913-011-46,нет,нет,"требуется, отказано",93 78 100,271,10,281,
146,167-837-932-30,нет,нет,требуется,90 90 91,271,10,281,
147,188-304-735-94,нет,нет,требуется,90 90 91,271,10,281,
148,161-472-002-32,нет,нет,не требуется,95 90 85,270,10,280,
149,187-322-330-72,нет,нет,требуется,95 86 89,270,10,280,
150,189-952-604-43,нет,нет,не требуется,95 86 89,270,10,280,
151,159-563-731-10,да,нет,требуется,93 90 87,270,10,280,
152,168-797-739-62,нет,нет,требуется,93 90 87,270,10,280,
153,175-159-574-99,нет,да,требуется,93 88 89,270,10,280,Согласие на др. конкурсе
154,181-689-401-03,нет,нет,требуется,93 86 91,270,10,280,
155,184-485-709-13,нет,да,не требуется,93 86 91,270,10,280,Согласие на др. конкурсе
156,195-689-027-37,нет,да,требуется,93 86 91,270,10,280,Согласие на др. конкурсе
157,178-227-153-86,нет,нет,не требуется,90 98 89,277,3,280,
158,184-267-126-83,нет,да,требуется,90 84 96,270,10,280,Согласие на др. конкурсе
159,185-388-974-41,да,да,не требуется,90 84 96,270,10,280,Рассматривается к зачислению
160,191-354-301-56,нет,да,требуется,90 84 96,270,10,280,Согласие на др. конкурсе
161,167-026-263-60,нет,нет,требуется,90 82 98,270,10,280,
162,174-913-224-77,нет,нет,требуется,88 88 94,270,10,280,
163,168-175-728-05,нет,нет,требуется,88 86 96,270,10,280,
164,146-825-738-95,нет,нет,требуется,85 94 91,270,10,280,
165,195-201-123-41,нет,нет,требуется,100 78 91,269,10,279,
166,205-378-146-54,нет,нет,требуется,98 84 87,269,10,279,Согласие на др. конкурсе
167,205-038-898-49,да,да,не требуется,98 82 89,269,10,279,Рассматривается к зачислению
168,149-641-969-10,нет,нет,требуется,98 80 91,269,10,279,
169,188-649-210-27,нет,нет,требуется,95 94 90,279,0,279,
170,172-959-125-04,нет,нет,не требуется,95 88 89,272,7,279,
171,187-269-851-33,нет,нет,не требуется,95 84 100,279,0,279,
172,173-128-201-40,нет,нет,требуется,95 80 94,269,10,279,
173,159-955-482-39,нет,да,не требуется,95 78 96,269,10,279,Согласие на др. конкурсе
174,149-552-937-05,нет,да,требуется,95 76 98,269,10,279,
175,173-504-294-59,нет,нет,требуется,93 90 96,279,0,279,
176,175-058-367-84,нет,да,не требуется,93 90 96,279,0,279,Согласие на др. конкурсе
177,161-764-586-88,нет,нет,требуется,93 82 94,269,10,279,
178,171-618-959-90,нет,нет,требуется,90 98 91,279,0,279,
179,193-112-835-55,нет,нет,не требуется,90 94 85,269,10,279,
180,148-814-101-69,нет,да,требуется,90 88 91,269,10,279,Согласие на др. конкурсе
181,186-451-828-02,нет,нет,не требуется,90 88 91,269,10,279,
182,167-045-347-69,нет,нет,требуется,88 90 91,269,10,279,
183,184-764-008-96,нет,нет,не требуется,85 90 94,269,10,279,
184,157-558-078-05,нет,да,требуется,85 86 98,269,10,279,Согласие на др. конкурсе
185,184-550-597-95,нет,да,не требуется,83 90 96,269,10,279,Согласие на др. конкурсе
186,164-227-556-65,нет,нет,требуется,100 82 96,278,0,278,
187,194-062-663-79,нет,да,требуется,95 86 87,268,10,278,Согласие на др. конкурсе
188,201-228-693-17,нет,да,не требуется,95 86 87,268,10,278,Согласие на др. конкурсе
189,140-904-339-34,нет,нет,требуется,95 84 96,275,3,278,
190,167-216-197-74,нет,нет,не требуется,95 84 89,268,10,278,
191,158-477-349-16,нет,да,требуется,95 82 91,268,10,278,Согласие на др. конкурсе
192,166-032-112-28,нет,да,требуется,95 82 91,268,10,278,Согласие на др. конкурсе
193,160-186-808-58,нет,нет,не требуется,93 88 89,270,8,278,
194,155-801-026-45,нет,да,требуется,93 88 87,268,10,278,Согласие на др. конкурсе
195,158-962-375-23,нет,нет,не требуется,93 88 87,268,10,278,
196,177-518-475-10,нет,нет,требуется,93 86 89,268,10,278,
197,184-457-499-15,нет,нет,не требуется,93 84 96,273,5,278,
198,166-755-928-23,нет,да,требуется,93 84 91,268,10,278,Согласие на др. конкурсе
199,162-776-214-83,нет,нет,требуется,90 82 96,268,10,278,
200,200-349-179-17,нет,нет,требуется,90 82 96,268,10,278,
201,142-648-182-63,нет,нет,требуется,90 80 98,268,10,278,
202,185-597-938-50,нет,нет,требуется,90 80 98,268,10,278,
203,142-810-050-17,нет,нет,требуется,88 86 94,268,10,278,
204,168-470-549-02,нет,нет,не требуется,85 94 89,268,10,278,
205,175-243-589-83,нет,нет,требуется,85 92 91,268,10,278,
206,160-641-848-56,нет,нет,требуется,83 100 85,268,10,278,
207,198-620-890-23,нет,да,не требуется,100 78 89,267,10,277,Уже зачислен на др. конкурсе
208,141-154-246-14,нет,нет,требуется,98 80 96,274,3,277,
209,180-455-175-63,нет,нет,требуется,95 88 94,277,0,277,
210,158-703-109-70,нет,нет,требуется,95 84 98,277,0,277,
211,159-217-138-73,нет,нет,требуется,95 84 98,277,0,277,
212,194-853-937-32,нет,нет,требуется,95 82 98,275,2,277,
213,166-021-530-33,нет,нет,требуется,95 78 94,267,10,277,
214,160-173-453-34,нет,нет,требуется,93 86 98,277,0,277,
215,178-339-015-96,нет,нет,требуется,93 82 92,267,10,277,
216,194-866-059-28,нет,нет,не требуется,93 78 96,267,10,277,
217,200-332-326-78,нет,нет,требуется,90 100 87,277,0,277,
218,159-646-925-26,нет,нет,требуется,90 98 89,277,0,277,
219,174-699-157-28,нет,нет,не требуется,90 88 91,269,8,277,
220,174-032-811-42,нет,нет,требуется,90 88 89,267,10,277,
221,196-048-730-00,нет,нет,требуется,90 88 89,267,10,277,
222,159-659-086-29,нет,да,не требуется,90 86 91,267,10,277,Согласие на др. конкурсе
223,178-599-554-59,нет,нет,не требуется,90 86 91,267,10,277,
224,185-139-962-04,нет,нет,требуется,90 86 91,267,10,277,
225,167-147-445-84,нет,нет,не требуется,85 84 98,267,10,277,
226,206-642-492-55,нет,нет,не требуется,85 84 98,267,10,277,
227,159-934-692-33,нет,нет,"требуется, отказано",100 90 76,266,10,276,
228,207-448-683-79,нет,нет,требуется,98 82 96,276,0,276,
229,178-322-092-76,нет,да,не требуется,95 86 89,270,6,276,Согласие на др. конкурсе
230,195-165-521-91,нет,нет,требуется,95 84 87,266,10,276,
231,201-945-238-38,нет,нет,требуется,95 84 87,266,10,276,
232,190-080-166-41,нет,нет,требуется,93 88 85,266,10,276,
233,157-615-935-96,нет,нет,требуется,93 86 87,266,10,276,
234,192-338-530-80,нет,да,не требуется,93 86 87,266,10,276,Согласие на др. конкурсе
235,131-792-724-63,нет,да,требуется,93 84 89,266,10,276,Согласие на др. конкурсе
,,,,,,,,,Преим. право
236,143-594-812-80,нет,нет,не требуется,93 84 89,266,10,276,
237,184-240-081-49,нет,нет,не требуется,93 84 89,266,10,276,
238,152-700-270-24,нет,нет,требуется,93 82 91,266,10,276,
239,154-802-164-51,нет,нет,требуется,90 98 88,276,0,276,
240,167-388-939-36,нет,нет,требуется,90 84 92,266,10,276,
241,155-776-855-22,нет,нет,не требуется,90 82 94,266,10,276,
242,197-384-224-16,нет,нет,требуется,90 82 94,266,10,276,
243,166-487-155-07,нет,да,требуется,90 78 98,266,10,276,Уже зачислен на др. конкурсе
,,,,,,,,,Преим. право
244,159-435-991-15,нет,нет,требуется,88 96 82,266,10,276,
245,138-542-722-73,нет,нет,требуется,88 84 94,266,10,276,
246,182-681-675-02,нет,нет,требуется,88 82 96,266,10,276,Согласие на др. конкурсе
247,136-784-713-98,нет,нет,требуется,88 80 98,266,10,276,
248,166-334-766-86,нет,нет,"требуется, отказано",88 80 98,266,10,276,
249,168-493-693-31,нет,нет,не требуется,88 78 100,266,10,276,
250,149-865-335-20,нет,нет,требуется,85 90 91,266,10,276,
251,165-290-783-88,нет,нет,не требуется,78 94 94,266,10,276,
252,185-018-096-68,нет,нет,не требуется,100 82 85,267,8,275,
253,165-938-539-21,нет,нет,требуется,100 80 85,265,10,275,
254,148-661-870-03,нет,да,требуется,98 76 91,265,10,275,Согласие на др. конкурсе
255,139-040-989-67,нет,нет,требуется,95 88 89,272,3,275,
256,201-810-547-07,нет,нет,не требуется,95 88 89,272,3,275,
257,199-712-254-17,нет,нет,не требуется,93 90 89,272,3,275,
258,158-426-567-96,нет,нет,требуется,93 88 94,275,0,275,
259,162-204-304-11,нет,нет,требуется,93 86 96,275,0,275,
260,201-718-900-30,нет,нет,не требуется,93 84 98,275,0,275,
261,161-365-346-54,нет,нет,требуется,93 78 94,265,10,275,
262,173-790-751-03,нет,нет,требуется,93 78 94,265,10,275,
263,188-402-273-83,нет,нет,требуется,93 76 96,265,10,275,
264,168-517-472-02,нет,нет,требуется,90 90 85,265,10,275,
265,195-230-562-71,нет,да,не требуется,90 90 85,265,10,275,Согласие на др. конкурсе
266,166-208-224-56,нет,нет,требуется,90 86 96,272,3,275,
267,153-513-601-35,нет,нет,требуется,90 86 89,265,10,275,
268,187-108-745-93,нет,да,не требуется,90 84 91,265,10,275,Согласие на др. конкурсе
269,207-002-398-09,нет,нет,требуется,90 84 91,265,10,275,
270,187-311-510-65,нет,нет,не требуется,88 100 87,275,0,275,
271,167-689-591-50,нет,нет,требуется,88 92 85,265,10,275,
272,193-532-693-93,нет,нет,требуется,88 90 87,265,10,275,
273,194-157-985-14,нет,нет,не требуется,88 90 87,265,10,275,
274,194-313-600-61,нет,нет,требуется,88 88 89,265,10,275,
275,184-857-995-50,нет,нет,не требуется,85 96 89,270,5,275,
276,190-386-819-97,нет,да,не требуется,85 88 92,265,10,275,Согласие на др. конкурсе
277,146-345-969-88,нет,нет,требуется,85 86 94,265,10,275,
278,158-979-446-54,нет,нет,требуется,85 86 94,265,10,275,
279,203-402-759-10,нет,нет,"требуется, отказано",85 84 96,265,10,275,
280,147-191-231-57,нет,да,не требуется,85 80 100,265,10,275,Согласие на др. конкурсе
281,189-293-936-42,нет,нет,требуется,83 100 82,265,10,275,
282,198-445-487-34,нет,нет,"требуется, отказано",83 88 94,265,10,275,
283,154-837-645-98,нет,да,требуется,83 84 98,265,10,275,Согласие на др. конкурсе
284,170-330-048-13,нет,нет,требуется,83 84 98,265,10,275,
285,179-367-388-35,нет,нет,требуется,83 82 100,265,10,275,
286,192-338-094-81,нет,да,требуется,80 100 85,265,10,275,Уже зачислен на др. конкурсе
287,159-356-553-05,нет,нет,требуется,100 96 78,274,0,274,
288,185-170-904-79,нет,да,не требуется,95 84 85,264,10,274,Согласие на др. конкурсе
289,180-758-745-04,нет,нет,требуется,95 80 89,264,10,274,
290,163-266-855-82,нет,нет,требуется,93 90 91,274,0,274,
291,186-731-803-01,нет,нет,не требуется,93 90 91,274,0,274,
292,154-247-699-81,нет,нет,требуется,93 86 85,264,10,274,Согласие на др. конкурсе
293,187-266-132-98,нет,нет,не требуется,93 86 85,264,10,274,
294,165-252-891-79,нет,нет,требуется,93 84 87,264,10,274,
295,186-545-092-03,нет,нет,не требуется,93 84 87,264,10,274,
296,173-364-523-71,нет,нет,требуется,93 82 89,264,10,274,
297,138-327-460-68,нет,да,не требуется,90 90 89,269,5,274,
298,190-654-268-83,нет,нет,требуется,90 86 98,274,0,274,
299,154-329-827-75,нет,да,не требуется,90 80 94,264,10,274,Согласие на др. конкурсе
300,169-660-983-30,нет,нет,не требуется,90 80 94,264,10,274,
301,164-153-001-28,да,да,не требуется,88 86 100,274,0,274,Рассматривается к зачислению
302,171-630-602-42,нет,нет,не требуется,88 82 94,264,10,274,
303,184-976-040 20,нет,нет,не требуется,85 88 91,264,10,274,
304,184-120-704-41,нет,нет,не требуется,83 92 89,264,10,274,
305,167-122-810-55,нет,нет,требуется,80 90 94,264,10,274,
306,191-308-762-72,нет,нет,не требуется,98 80 85,263,10,273,
307,165-417-717-78,нет,нет,требуется,95 82 94,271,2,273,
308,204-383-904-46,нет,нет,не требуется,95 80 98,273,0,273,
309,160-972-035-64,нет,да,требуется,93 88 89,270,3,273,Согласие на др. конкурсе
310,159-468-762-31,нет,нет,требуется,93 88 82,263,10,273,
311,168-275-174-00,нет,да,требуется,93 88 82,263,10,273,Согласие на др. конкурсе
312,205-792-846-85,нет,нет,требуется,93 86 94,273,0,273,
313,167-533-614-86,нет,нет,требуется,93 84 91,268,5,273,
314,165-774-022-90,нет,нет,требуется,93 76 94,263,10,273,
315,167-331-512-61,нет,нет,требуется,93 74 96,263,10,273,
316,179-389-224-34,нет,нет,требуется,93 74 96,263,10,273,
317,181-034-095-33,нет,нет,не требуется,90 86 94,270,3,273,
318,200-646-903-27,нет,да,требуется,90 86 94,270,3,273,Согласие на др. конкурсе
319,196-091-452-95,нет,нет,не требуется,90 86 87,263,10,273,
320,181-583-842-95,нет,нет,требуется,90 82 91,263,10,273,Преим. право
321,188-966-807-66,нет,нет,требуется,90 82 91,263,10,273,
322,180-944-759-01,нет,нет,не требуется,90 80 100,270,3,273,
323,173-710-103-38,нет,нет,не требуется,88 90 85,263,10,273,
324,148-941-706-00,нет,нет,требуется,88 86 89,263,10,273,
325,180-903-220-48,нет,нет,не требуется,88 86 89,263,10,273,
326,147-556-620-90,нет,нет,требуется,88 84 91,263,10,273,
327,148-406-467-75,нет,нет,не требуется,88 84 91,263,10,273,
328,193-364-547-95,нет,да,требуется,88 84 91,263,10,273,Согласие на др. конкурсе
329,197-107-917-99,нет,да,требуется,85 100 78,263,10,273,Уже зачислен на др. конкурсе
330,161-121-928-22,нет,да,требуется,85 80 98,263,10,273,Согласие на др. конкурсе
331,154-622-059-49,нет,да,требуется,84 88 91,263,10,273,Согласие на др. конкурсе
332,151-648-578-80,нет,нет,не требуется,83 94 96,273,0,273,
333,187-554-274-15,нет,да,не требуется,78 96 89,263,10,273,Согласие на др. конкурсе
334,132-896-129-79,нет,нет,требуется,75 90 98,263,10,273,
335,170-577-352-78,нет,нет,не требуется,100 84 80,264,8,272,
336,188-529-544-30,нет,нет,не требуется,98 80 91,269,3,272,
337,165-623-609-76,нет,да,требуется,95 90 87,272,0,272,Согласие на др. конкурсе
338,150-073-367-23,нет,нет,не требуется,95 88 89,272,0,272,
339,159-476-425-14,нет,нет,требуется,95 88 89,272,0,272,
340,169-208-996-13,нет,да,требуется,95 80 87,262,10,272,Согласие на др. конкурсе
341,163-593-500-79,нет,нет,требуется,93 88 91,272,0,272,Согласие на др. конкурсе
342,157-784-843-29,нет,нет,требуется,93 80 89,262,10,272,
343,171-316-018-28,нет,нет,требуется,93 80 89,262,10,272,
344,155-310-869-51,нет,да,требуется,93 78 91,262,10,272,Согласие на др. конкурсе
345,169-873-526-38,нет,да,не требуется,90 90 82,262,10,272,Согласие на др. конкурсе
346,160-249-478-58,нет,нет,требуется,90 78 94,262,10,272,
347,161-611-767-48,нет,нет,требуется,88 90 94,272,0,272,
348,194-993-394-49,нет,нет,не требуется,88 90 94,272,0,272,
349,203-341-937-20,нет,нет,требуется,88 90 94,272,0,272,
350,139-708-530-90,нет,нет,требуется,88 86 98,272,0,272,
351,194-420-569-78,нет,нет,требуется,88 80 94,262,10,272,
352,181-988-479-39,нет,нет,требуется,85 96 91,272,0,272,
353,159-540-058-79,нет,нет,требуется,85 94 91,270,2,272,
354,143-081-885-50,нет,нет,требуется,85 90 87,262,10,272,
355,164-314-833-56,да,да,требуется,85 90 87,262,10,272,Рассматривается к зачислению
356,131-792-725-64,нет,да,требуется,85 86 91,262,10,272,Согласие на др. конкурсе
,,,,,,,,,Преим. право
357,162-763-895-00,нет,нет,требуется,80 86 96,262,10,272,
358,171-590-758-85,нет,да,требуется,72 100 91,263,9,272,Уже зачислен на др. конкурсе
359,172-216-123-29,нет,нет,не требуется,96 90 85,271,0,271,
360,162-717-711-69,нет,нет,требуется,93 86 89,268,3,271,
361,161-924-408-63,нет,нет,требуется,93 84 94,271,0,271,
362,163-774-868-13,нет,нет,требуется,93 84 84,261,10,271,
363,147-282-565-81,нет,нет,не требуется,93 74 94,261,10,271,
364,170-251-676-43,нет,нет,требуется,93 74 94,261,10,271,
365,170-329-928-67,нет,нет,требуется,90 92 89,271,0,271,
366,204-404-882-27,нет,да,требуется,90 86 85,261,10,271,Согласие на др. конкурсе
367,146-671-407-76,нет,нет,требуется,90 84 87,261,10,271,
368,162-588-214-84,нет,нет,требуется,90 84 87,261,10,271,Согласие на др. конкурсе
369,185-123-355-59,нет,нет,не требуется,90 80 91,261,10,271,
370,194-139-774-03,нет,нет,требуется,90 80 91,261,10,271,
371,166-264-867-99,нет,нет,не требуется,88 92 91,271,0,271,
372,203-808-458-48,нет,да,не требуется,88 92 91,271,0,271,Согласие на др. конкурсе
373,136-853-441-80,нет,нет,требуется,88 86 87,261,10,271,
374,191-962-636-08,нет,нет,не требуется,88 84 96,268,3,271,
375,164-500-215-27,нет,нет,требуется,88 84 89,261,10,271,
376,189-677-817-66,нет,да,не требуется,88 82 98,268,3,271,Согласие на др. конкурсе
377,160-927-012-52,да,да,не требуется,85 96 80,261,10,271,Рассматривается к зачислению
378,190-424-804-58,нет,нет,не требуется,85 92 91,268,3,271,
379,203-799-388-94,нет,нет,требуется,85 90 96,271,0,271,
380,144-058-828-61,нет,нет,не требуется,85 80 96,261,10,271,Преим. право
381,170-330-035-08,нет,нет,требуется,85 80 96,261,10,271,
382,157-626-216-81,нет,да,не требуется,83 86 96,265,6,271,Согласие на др. конкурсе
383,158-856-738-35,нет,нет,требуется,83 82 96,261,10,271,
384,203-311-843-00,нет,нет,не требуется,83 80 98,261,10,271,
385,186-373-579-16,нет,да,не требуется,83 78 100,261,10,271,Согласие на др. конкурсе
386,184-676-573-26,нет,нет,"требуется, отказано",75 90 96,261,10,271,
387,209-919-504-94,нет,да,не требуется,95 88 87,270,0,270,Согласие на др. конкурсе
388,204-699-058-80,нет,нет,требуется,95 80 85,260,10,270,
389,157-257-881-02,нет,нет,не требуется,95 78 87,260,10,270,
390,185-247-704-92,нет,да,требуется,95 78 87,260,10,270,Согласие на др. конкурсе
391,171-436-864-74,нет,нет,требуется,95 76 89,260,10,270,
392,170-098-795-85,нет,нет,требуется,95 74 91,260,10,270,
393,153-234-382-39,нет,нет,требуется,93 86 91,270,0,270,
394,158-286-146-97,нет,нет,требуется,93 82 85,260,10,270,Согласие на др. конкурсе
395,193-987-849-63,нет,да,не требуется,93 82 85,260,10,270,
396,160-122-577-16,нет,да,требуется,93 76 91,260,10,270,
397,188-614-773-22,нет,да,не требуется,90 88 82,260,10,270,Согласие на др. конкурсе
398,166-214-966-76,нет,да,требуется,90 86 94,270,0,270,Согласие на др. конкурсе
399,179-816-004-07,нет,нет,требуется,90 86 94,270,0,270,
400,180-264-101-34,нет,нет,не требуется,90 84 96,270,0,270,
401,132-699-671-96,нет,нет,требуется,90 82 98,270,0,270,Преим. право
402,205-750-386-50,нет,да,не требуется,90 82 89,261,9,270,Согласие на др. конкурсе
403,170-033-126-04,нет,нет,требуется,90 76 94,260,10,270,
404,173-036-992-71,нет,да,не требуется,90 76 94,260,10,270,Согласие на др. конкурсе
405,170-186-696-76,нет,нет,"требуется, отказано",88 78 98,264,6,270,
406,166-975-563-36,нет,нет,требуется,85 88 87,260,10,270,
407,165-655-129-88,нет,да,требуется,85 80 96,261,9,270,Согласие на др. конкурсе
408,161-838-613-81,нет,нет,требуется,83 92 85,260,10,270,
409,166-316-077-66,нет,нет,не требуется,80 84 96,260,10,270,
410,167-367-350-00,нет,нет,не требуется,70 92 98,260,10,270,
411,202-126-267-97,нет,нет,требуется,98 86 85,269,0,269,
412,143-129-372-38,нет,нет,требуется,95 94 80,269,0,269,
413,187-437-586-24,нет,нет,не требуется,95 94 80,269,0,269,
414,165-500-332-38,нет,нет,требуется,95 84 85,264,5,269,
415,135-597-632-96,нет,нет,требуется,95 82 82,259,10,269,
416,167-766-594-37,нет,нет,требуется,95 80 91,266,3,269,
417,175-039-694-90,нет,да,не требуется,95 78 91,264,5,269,Согласие на др. конкурсе
418,178-287-275-24,нет,нет,не требуется,94 88 87,269,0,269,
419,160-404-703-20,нет,нет,требуется,93 88 88,269,0,269,
420,155-275-200-56,нет,нет,не требуется,93 86 80,259,10,269,
421,152-413-210-11,нет,нет,требуется,93 84 82,259,10,269,
422,159-070-645-77,нет,нет,требуется,93 82 89,264,5,269,
423,206-474-632-60,нет,нет,не требуется,90 80 94,264,5,269,
424,190-853-762-00,да,нет,не требуется,90 80 89,259,10,269,
425,158-720-779-00,нет,нет,требуется,90 78 91,259,10,269,
426,206-642-040-31,нет,нет,требуется,90 78 91,259,10,269,
427,208-950-353-74,нет,нет,требуется,90 78 91,259,10,269,
428,169-302-539-75,нет,нет,не требуется,88 86 85,259,10,269,
429,160-960-148-59,нет,нет,требуется,88 84 87,259,10,269,
430,190-577-547-02,нет,нет,требуется,88 84 87,259,10,269,
431,158-970-746-27,нет,нет,требуется,88 80 91,259,10,269,
432,162-772-062-69,нет,нет,требуется,88 80 91,259,10,269,
433,157-371-787-98,нет,нет,требуется,85 80 94,259,10,269,
434,169-903-793-26,нет,нет,не требуется,85 80 94,259,10,269,
435,174-273-175-73,нет,нет,требуется,85 80 94,259,10,269,
436,160-056-621-28,нет,да,не требуется,85 78 96,259,10,269,Согласие на др. конкурсе
437,176-005-121-34,нет,нет,требуется,85 78 96,259,10,269,
438,206-016-796-33,нет,нет,требуется,85 78 96,259,10,269,
439,195-926-526-27,нет,нет,требуется,85 76 98,259,10,269,
440,206-923-255-56,нет,нет,не требуется,83 92 94,269,0,269,
441,185-873-811-28,нет,нет,не требуется,83 82 94,259,10,269,
442,190-655-100-64,нет,нет,не требуется,83 82 94,259,10,269,
443,167-911-755-03,нет,нет,не требуется,83 78 98,259,10,269,
444,181-021-613-16,нет,да,не требуется,80 88 91,259,10,269,Согласие на др. конкурсе
445,144-659-219-82,нет,нет,требуется,100 76 92,268,0,268,
446,189-270-183-03,нет,нет,не требуется,98 84 76,258,10,268,
447,164-577-894-22,нет,нет,требуется,98 78 82,258,10,268,
448,187-346-843-17,нет,да,не требуется,95 86 87,268,0,268,
449,208-894-648-15,нет,нет,требуется,95 86 87,268,0,268,
450,150-829-628-72,нет,нет,требуется,93 90 85,268,0,268,
451,165-567-882-20,нет,нет,требуется,93 88 87,268,0,268,
452,162-482-047-57,нет,нет,требуется,93 84 91,268,0,268,
453,175-041-153-39,нет,нет,требуется,93 84 91,268,0,268,
454,197-976-335-61,нет,нет,требуется,93 78 87,258,10,268,
455,159-934-706-22,нет,да,требуется,93 76 89,258,10,268,Согласие на др. конкурсе
456,203-823-924-43,нет,нет,не требуется,90 82 96,268,0,268,
457,159-416-614-88,нет,нет,требуется,90 80 98,268,0,268,
458,165-656-638-07,нет,нет,требуется,88 86 94,268,0,268,
459,167-954-658-35,нет,нет,требуется,88 84 94,266,2,268,
460,161-591-643-71,нет,нет,требуется,88 72 98,258,10,268,Согласие на др. конкурсе
461,204-058-176-25,нет,нет,требуется,85 90 91,266,2,268,
462,157-106-130-36,нет,нет,требуется,85 86 87,258,10,268,
463,205-073-357-25,нет,нет,не требуется,85 86 87,258,10,268,
464,166-411-605-54,нет,да,не требуется,85 84 89,258,10,268,Согласие на др. конкурсе
465,184-796-100-13,нет,да,не требуется,85 82 96,263,5,268,Согласие на др. конкурсе
466,165-393-449-95,нет,нет,требуется,85 82 91,258,10,268,
467,178-790-526-31,нет,нет,не требуется,85 82 91,258,10,268,
468,141-894-425-77,нет,нет,требуется,83 94 91,268,0,268,
469,2216000,нет,нет,не требуется,83 90 89,262,6,268,
470,177-442-681-00,нет,нет,не требуется,83 90 85,258,10,268,
471,146-291-410-57,нет,нет,требуется,83 88 87,258,10,268,
472,166-014-219-36,нет,нет,требуется,80 78 100,258,10,268,
473,194-068-158-91,нет,да,не требуется,78 84 96,258,10,268,Согласие на др. конкурсе
474,178-653-051-03,нет,нет,не требуется,72 86 100,258,10,268,
475,190-626-215-63,нет,да,"требуется, отказано",72 86 100,258,10,268,Согласие на др. конкурсе
476,206-717-438-60,нет,нет,требуется,98 82 87,267,0,267,
477,158-474-617-05,нет,нет,не требуется,97 82 88,267,0,267,
478,197-036-586-04,нет,нет,требуется,96 88 73,257,10,267,
479,169-003-200-37,нет,да,требуется,95 80 82,257,10,267,Согласие на др. конкурсе
480,158-655-636-14,нет,нет,требуется,93 94 80,267,0,267,
481,185-687-743-42,нет,нет,не требуется,93 86 78,257,10,267,Преим. право
482,146-259-161-71,нет,нет,не требуется,93 84 80,257,10,267,
483,166-251-992-86,нет,да,требуется,93 80 91,264,3,267,Согласие на др. конкурсе
484,204-535-269-37,нет,да,не требуется,93 80 91,264,3,267,
485,162-241-537-34,нет,нет,требуется,93 78 96,267,0,267,
486,160-191-685-50,нет,нет,требуется,90 90 87,267,0,267,
487,161-959-957-21,нет,нет,требуется,90 88 89,267,0,267,
488,196-440-120-73,нет,нет,не требуется,90 88 89,267,0,267,
489,195-335-705-94,нет,нет,"требуется, отказано",90 86 91,267,0,267,
490,136-256-302-46,нет,нет,не требуется,90 82 85,257,10,267,
491,152-085-158-43,нет,нет,не требуется,90 82 85,257,10,267,
492,206-795-965-09,нет,нет,не требуется,90 80 91,261,6,267,
493,178-656-778-47,нет,нет,требуется,90 80 87,257,10,267,
494,182-894-706-21,нет,нет,требуется,90 80 87,257,10,267,
495,160-074-715-35,нет,нет,требуется,90 78 89,257,10,267,
496,201-832-836-31,нет,нет,не требуется,90 78 89,257,10,267,
497,146-814-019-62,нет,нет,требуется,90 76 91,257,10,267,Согласие на др. конкурсе
498,148-560-377-86,нет,нет,требуется,90 76 91,257,10,267,
499,168-798-930-63,нет,нет,требуется,90 76 91,257,10,267,
500,190-827-756-02,нет,нет,требуется,88 94 85,267,0,267,
501,157-661-097-92,нет,нет,требуется,88 84 85,257,10,267,
502,167-145-201-58,нет,нет,не требуется,88 82 94,264,3,267,
503,176-148-131-74,нет,да,не требуется,88 82 94,264,3,267,Согласие на др. конкурсе
504,162-052-778-46,нет,нет,требуется,88 80 89,257,10,267,
505,199-413-935-21,нет,нет,не требуется,88 80 89,257,10,267,
506,190-537-328-74,да,да,не требуется,85 94 85,264,3,267,Рассматривается к зачислению
507,151-634-473-51,нет,нет,требуется,85 84 98,267,0,267,
508,168-044-807-79,нет,нет,требуется,85 78 94,257,10,267,
509,168-310-833-68,нет,нет,требуется,85 78 94,257,10,267,
510,164-009-857-61,нет,нет,требуется,83 80 94,257,10,267,
511,153-396-378-87,нет,нет,требуется,83 78 96,257,10,267,
512,164-646-390-91,нет,нет,требуется,80 86 91,257,10,267,
513,165-352-614-66,нет,нет,"требуется, отказано",75 100 82,257,10,267,
514,185-676-038-15,нет,нет,не требуется,75 88 94,257,10,267,
515,190-580-113-58,нет,нет,"требуется, отказано",100 78 85,263,3,266,
516,161-590-434-60,нет,да,требуется,98 88 70,256,10,266,Согласие на др. конкурсе
517,202-317-356-07,нет,нет,не требуется,95 92 76,263,3,266,
518,160-842-586-69,нет,нет,требуется,95 80 91,266,0,266,
519,163-051-074-24,нет,нет,требуется,93 86 87,266,0,266,
520,191-706-825-86,нет,нет,требуется,93 82 91,266,0,266,
521,172-262-054-42,нет,нет,не требуется,90 88 78,256,10,266,
522,159-773-648-33,нет,нет,требуется,90 84 82,256,10,266,Согласие на др. конкурсе
523,187-419-019-97,нет,нет,не требуется,88 86 87,261,5,266,
524,150-030-569-00,нет,нет,требуется,88 86 82,256,10,266,Согласие на др. конкурсе
525,186-563-912-16,нет,нет,не требуется,88 80 98,266,0,266,
526,169-771-388-32,нет,нет,не требуется,85 96 85,266,0,266,
527,156-344-347-68,нет,нет,требуется,85 84 87,256,10,266,
528,167-943-311-02,нет,нет,требуется,85 84 87,256,10,266,
529,181-036-526-43,нет,нет,требуется,85 82 96,263,3,266,
530,170-876-374-98,нет,нет,требуется,85 80 91,256,10,266,
531,153-364-368-62,нет,нет,не требуется,84 78 94,256,10,266,
532,179-499-140-42,нет,нет,требуется,83 86 87,256,10,266,
533,152-212-625-14,нет,да,не требуется,83 84 89,256,10,266,Согласие на др. конкурсе
534,175-077-082-80,нет,нет,не требуется,78 90 98,266,0,266,
535,159-797-414-43,нет,нет,требуется,95 88 82,265,0,265,
536,155-487-207-88,нет,нет,требуется,95 80 87,262,3,265,
537,163-861-020-63,нет,да,требуется,95 78 82,255,10,265,Согласие на др. конкурсе
538,158-416-493-90,нет,нет,требуется,93 90 82,265,0,265,
539,192-267-751-96,нет,да,требуется,93 90 82,265,0,265,Согласие на др. конкурсе
540,184-522-850-82,нет,да,не требуется,93 84 78,255,10,265,Согласие на др. конкурсе
541,156-079-232-75,нет,нет,требуется,93 82 80,255,10,265,
542,193-836-548-18,нет,нет,требуется,93 78 94,265,0,265,
543,151-307-523-23,нет,нет,требуется,90 90 85,265,0,265,
544,158-596-610-22,нет,нет,требуется,90 90 85,265,0,265,
545,167-985-425-39,нет,да,не требуется,90 82 88,260,5,265,Согласие на др. конкурсе
546,180-792-939-08,нет,нет,требуется,90 80 85,255,10,265,
547,195-639-098-27,нет,нет,требуется,88 86 91,265,0,265,
548,159-786-620-38,нет,да,требуется,88 84 91,263,2,265,Согласие на др. конкурсе
549,185-083-163-77,нет,нет,не требуется,88 82 85,255,10,265,
550,185-419-031-79,нет,нет,не требуется,88 80 87,255,10,265,
551,195-749-321-26,нет,нет,не требуется,88 80 87,255,10,265,
552,187-357-500-06,нет,нет,не требуется,88 78 89,255,10,265,
553,133-070-084-08,нет,нет,требуется,85 86 94,265,0,265,
554,202-269-508-32,нет,нет,требуется,85 76 94,255,10,265,
555,171-321-692-41,нет,да,требуется,85 74 96,255,10,265,Согласие на др. конкурсе
556,178-548-204-11,нет,да,не требуется,85 74 96,255,10,265,Согласие на др. конкурсе
557,184-437-792-07,нет,нет,не требуется,85 74 96,255,10,265,
558,187-569-418-38,нет,нет,требуется,85 74 96,255,10,265,
559,163-552-170-57,нет,да,не требуется,80 84 91,255,10,265,Согласие на др. конкурсе
560,189-902-683-33,нет,нет,не требуется,80 84 91,255,10,265,
561,173-271-046-50,нет,нет,не требуется,75 82 98,255,10,265,
562,154-438-714-74,нет,нет,требуется,95 84 85,264,0,264,
563,185-385-935-22,нет,нет,требуется,95 84 85,264,0,264,
564,189-032-087-81,нет,нет,не требуется,95 82 82,259,5,264,
565,147-502-296-57,нет,да,не требуется,95 78 91,264,0,264,Согласие на др. конкурсе
566,186-285-109-98,нет,да,не требуется,95 78 89,262,2,264,Согласие на др. конкурсе
567,157-161-472-65,нет,нет,требуется,93 86 85,264,0,264,
568,165-432-883-81,нет,нет,требуется,93 86 85,264,0,264,
569,186-288-219-14,нет,нет,требуется,93 86 85,264,0,264,
570,132-100-498-91,нет,нет,требуется,93 84 87,264,0,264,
571,190-249-714-75,нет,нет,не требуется,93 82 89,264,0,264,
572,212-013-868-00,нет,да,требуется,90 84 90,264,0,264,Согласие на др. конкурсе
573,178-808-442-21,нет,нет,не требуется,90 84 80,254,10,264,
574,164-487-239-97,нет,да,не требуется,90 82 82,254,10,264,Согласие на др. конкурсе
575,184-052-501-49,нет,нет,требуется,88 94 82,264,0,264,
576,203-049-736-27,нет,нет,"требуется, отказано",88 90 76,254,10,264,
577,167-330-680-72,нет,да,не требуется,88 80 96,264,0,264,Согласие на др. конкурсе
578,165-849-085-15,нет,нет,требуется,88 78 98,264,0,264,
579,188-522-869-20,нет,да,не требуется,85 82 87,254,10,264,Согласие на др. конкурсе
580,170-209-615-37,нет,нет,требуется,85 78 91,254,10,264,
581,186-354-684-10,нет,нет,не требуется,85 78 91,254,10,264,
582,180-159-742-70,нет,нет,требуется,83 84 94,261,3,264,
583,200-130-035-50,нет,нет,требуется,83 84 87,254,10,264,
584,155-619-474-90,нет,нет,требуется,80 78 96,254,10,264,
585,187-909-664-44,нет,нет,не требуется,78 92 94,264,0,264,
586,202-019-594-09,нет,нет,не требуется,78 88 98,264,0,264,
587,179-409-571-16,нет,нет,требуется,95 80 88,263,0,263,
588,164-728-480-96,нет,нет,требуется,93 76 94,263,0,263,
589,178-131-567-79,нет,нет,требуется,93 76 94,263,0,263,
590,185-262-981-00,нет,нет,не требуется,90 86 87,263,0,263,
591,185-498-562-36,нет,нет,не требуется,90 86 87,263,0,263,
592,157-512-856-80,нет,нет,требуется,90 84 89,263,0,263,Согласие на др. конкурсе
593,163-493-856-98,нет,нет,требуется,90 78 85,253,10,263,
594,160-130-982-22,нет,нет,требуется,88 86 87,261,2,263,
595,170-610-203-14,нет,нет,не требуется,88 84 91,263,0,263,
596,181-725-454-77,нет,нет,не требуется,88 84 89,261,2,263,
597,200-369-288-31,нет,нет,требуется,88 78 87,253,10,263,
598,164-974-011-92,нет,нет,требуется,88 76 89,253,10,263,
599,166-593-895-31,нет,нет,требуется,88 76 89,253,10,263,
600,173-657-613-97,нет,нет,требуется,83 94 86,263,0,263,
601,139-851-619-00,нет,да,требуется,75 98 80,253,10,263,Согласие на др. конкурсе
602,164-409-823-75,нет,нет,требуется,93 84 85,262,0,262,
603,190-485-487-99,нет,нет,не требуется,93 80 89,262,0,262,
604,193-439-031-83,нет,нет,требуется,93 80 89,262,0,262,
605,194-330-070-55,нет,нет,не требуется,93 80 89,262,0,262,
606,165-664-522-94,нет,нет,требуется,93 78 91,262,0,262,
607,161-262-740-42,нет,нет,требуется,93 74 85,252,10,262,
608,179-771-514-28,нет,нет,требуется,90 90 82,262,0,262,
609,151-211-695-17,нет,нет,требуется,90 78 91,259,3,262,
610,192-235-787-85,нет,нет,требуется,88 86 78,252,10,262,
611,158-141-343-54,нет,нет,не требуется,88 80 94,262,0,262,
612,167-398-415-18,нет,нет,требуется,85 90 87,262,0,262,
613,149-672-498-19,нет,нет,требуется,85 86 91,262,0,262,Согласие на др. конкурсе
614,174-771-414-91,нет,нет,не требуется,85 86 91,262,0,262,
615,202-296-145-28,нет,нет,требуется,85 82 85,252,10,262,
616,181-919-708-02,нет,нет,не требуется,85 80 94,259,3,262,
617,185-755-452-17,нет,нет,не требуется,85 80 87,252,10,262,
618,166-441-083-65,нет,да,не требуется,85 78 96,259,3,262,Согласие на др. конкурсе
619,179-267-870-34,нет,нет,требуется,85 78 89,252,10,262,
620,175-182-668-91,нет,нет,требуется,83 90 89,262,0,262,
621,164-062-735-54,нет,нет,требуется,83 78 91,252,10,262,
622,174-748-684-23,нет,нет,требуется,80 88 91,259,3,262,
623,172-576-852-02,нет,нет,не требуется,80 78 94,252,10,262,
624,175-710-569-82,нет,нет,не требуется,80 78 94,252,10,262,
625,154-337-676-75,нет,нет,не требуется,70 100 89,259,3,262,
626,178-372-001-82,нет,нет,не требуется,95 84 72,251,10,261,
627,201-430-165-84,нет,нет,не требуется,90 86 82,258,3,261,
628,161-580-981-77,да,да,не требуется,90 82 89,261,0,261,Рассматривается к зачислению
629,157-755-710-06,нет,нет,требуется,90 76 85,251,10,261,
630,189-591-923-47,нет,нет,не требуется,88 88 85,261,0,261,
631,198-380-854-31,нет,нет,не требуется,88 86 87,261,0,261,
632,158-994-723-46,нет,нет,требуется,88 82 91,261,0,261,
633,159-057-295-93,нет,нет,требуется,88 82 91,261,0,261,
634,131-554-975-56,нет,нет,требуется,88 78 85,251,10,261,Преим. право
635,170-552-068-47,нет,нет,требуется,88 76 87,251,10,261,
636,176-085-288-96,нет,нет,не требуется,85 84 89,258,3,261,
637,188-239-302-01,нет,нет,не требуется,85 80 96,261,0,261,
638,189-169-847-45,нет,нет,не требуется,85 78 98,261,0,261,
639,179-636-143-15,нет,нет,требуется,83 84 91,258,3,261,
640,180-813-754-72,нет,нет,не требуется,83 84 91,258,3,261,
641,166-823-842-01,нет,нет,не требуется,83 74 94,251,10,261,
642,145-318-496-66,нет,да,требуется,83 70 98,251,10,261,Согласие на др. конкурсе
643,159-832-958-26,нет,нет,требуется,80 80 91,251,10,261,
644,144-147-657-57,нет,нет,требуется,90 76 94,260,0,260,
645,159-753-826-23,нет,нет,требуется,90 76 91,257,3,260,
646,178-415-567-02,нет,да,не требуется,90 74 91,255,5,260,Согласие на др. конкурсе
647,162-391-820-65,нет,нет,не требуется,88 90 82,260,0,260,
648,170-729-917-88,нет,нет,требуется,88 80 89,257,3,260,
649,143-575-061-59,нет,нет,требуется,88 78 94,260,0,260,
650,155-183-551-67,нет,нет,требуется,85 84 91,260,0,260,
651,189-176-502-16,нет,нет,не требуется,85 84 91,260,0,260,
652,202-966-233-54,нет,нет,требуется,85 76 89,250,10,260,
653,148-404-587-74,нет,нет,требуется,83 86 91,260,0,260,
654,170-210-708-10,нет,нет,требуется,80 88 82,250,10,260,
655,186-834-891-35,нет,нет,"требуется, отказано",78 82 98,258,2,260,
656,157-598-554-32,нет,нет,требуется,95 88 76,259,0,259,
657,164-820-053-55,нет,нет,требуется,93 76 80,249,10,259,
658,166-767-168-20,нет,да,не требуется,90 82 87,259,0,259,Согласие на др. конкурсе
659,161-399-582-95,нет,нет,требуется,90 80 89,259,0,259,
660,162-869-747-19,нет,нет,не требуется,90 80 89,259,0,259,
661,142-674-583-75,нет,нет,требуется,90 78 91,259,0,259,
662,157-011-073-23,нет,нет,не требуется,85 86 78,249,10,259,
663,198-248-687-40,нет,нет,не требуется,85 84 85,254,5,259,
664,181-393-536-81,нет,нет,требуется,85 82 92,259,0,259,
665,185-618-129-96,нет,нет,не требуется,85 82 82,249,10,259,
666,179-903-049-09,нет,нет,не требуется,85 78 91,254,5,259,
667,142-088-754-61,нет,нет,не требуется,85 70 100,255,4,259,
668,194-826-984-36,нет,нет,требуется,83 86 80,249,10,259,
669,185-638-440-09,нет,нет,не требуется,83 84 87,254,5,259,
670,168-470-729-04,нет,нет,не требуется,83 76 100,259,0,259,
671,205-420-731-14,нет,нет,не требуется,83 70 96,249,10,259,
672,184-396-589-26,нет,нет,не требуется,80 80 89,249,10,259,
673,180-068-343-54,нет,нет,не требуется,80 78 91,249,10,259,
674,146-121-799-50,нет,нет,требуется,78 90 91,259,0,259,
675,185-277-460-05,нет,нет,"требуется, отказано",78 84 87,249,10,259,
676,185-957-019-24,нет,да,требуется,78 82 89,249,10,259,Уже зачислен на др. конкурсе
677,146-241-976-65,нет,нет,требуется,78 80 91,249,10,259,Согласие на др. конкурсе
678,147-373-151-68,нет,да,требуется,78 80 91,249,10,259,Согласие на др. конкурсе
679,181-383-861-86,нет,нет,не требуется,98 70 87,255,3,258,
680,169-189-551-26,нет,нет,требуется,95 78 82,255,3,258,
681,174-028-976-81,нет,нет,требуется,93 76 89,258,0,258,
682,185-923-458-12,нет,нет,не требуется,90 88 80,258,0,258,Преим. право
683,2223791,нет,нет,требуется,90 88 80,258,0,258,
684,205-699-560-96,нет,нет,требуется,90 88 80,258,0,258,
685,161-343-887-60,нет,да,не требуется,90 80 78,248,10,258,Согласие на др. конкурсе
686,157-751-627-97,нет,нет,требуется,90 78 80,248,10,258,Уже зачислен на др. конкурсе
,,,,,,,,,Преим. право
687,165-916-270-94,нет,нет,требуется,88 90 80,258,0,258,
688,151-511-219-11,нет,да,не требуется,88 78 89,255,3,258,Согласие на др. конкурсе
689,152-872-535-79,нет,нет,требуется,88 72 98,258,0,258,
690,146-729-006-76,нет,нет,не требуется,85 88 80,253,5,258,
691,202-387-956-60,да,да,не требуется,85 76 94,255,3,258,Рассматривается к зачислению
692,147-900-997-95,нет,нет,требуется,85 74 89,248,10,258,
693,133-107-794-30,нет,нет,требуется,83 86 89,258,0,258,
694,185-889-668-68,нет,да,не требуется,83 76 89,248,10,258,Согласие на др. конкурсе
695,177-920-191-99,нет,нет,"требуется, отказано",80 86 89,255,3,258,Согласие на др. конкурсе
696,144-881-922-93,нет,нет,не требуется,79 78 91,248,10,258,
697,160-795-149-83,нет,нет,требуется,93 88 76,257,0,257,
698,187-554-603-12,нет,нет,не требуется,90 82 85,257,0,257,
699,188-070-238-83,нет,да,не требуется,88 84 85,257,0,257,Согласие на др. конкурсе
700,200-468-141-15,нет,нет,не требуется,88 82 87,257,0,257,
701,164-461-420-58,нет,нет,не требуется,88 72 94,254,3,257,
702,184-374-294-97,нет,нет,не требуется,85 84 80,249,8,257,
703,160-157-712-40,нет,нет,не требуется,85 82 80,247,10,257,
704,195-923-687-31,да,да,не требуется,85 78 94,257,0,257,Рассматривается к зачислению
705,187-014-242-58,нет,нет,не требуется,85 76 96,257,0,257,
706,166-142-922-65,нет,нет,требуется,83 92 82,257,0,257,
707,132-625-249-35,нет,нет,"требуется, отказано",83 80 94,257,0,257,
708,200-534-042-89,нет,нет,не требуется,83 80 94,257,0,257,
709,159-540-273-84,нет,нет,требуется,80 80 94,254,3,257,
710,186-941-602-11,нет,нет,не требуется,80 78 89,247,10,257,
711,191-848-334-05,нет,нет,требуется,80 78 89,247,10,257,
712,173-703-446-65,нет,нет,требуется,80 76 91,247,10,257,
713,193-522-550-74,нет,нет,требуется,78 78 98,254,3,257,
714,124-541-412-22,нет,нет,требуется,73 88 96,257,0,257,
715,190-128-741-58,нет,нет,требуется,95 76 85,256,0,256,
716,156-894-844-34,нет,нет,требуется,93 78 85,256,0,256,
717,209-294-837-90,да,да,не требуется,93 76 87,256,0,256,Рассматривается к зачислению
718,190-832-053-64,нет,да,не требуется,90 84 82,256,0,256,Согласие на др. конкурсе
719,174-696-905-28,нет,нет,требуется,90 76 80,246,10,256,
720,164-812-019-56,нет,да,не требуется,88 76 89,253,3,256,Согласие на др. конкурсе
721,166-055-653-74,нет,нет,требуется,85 86 85,256,0,256,
722,171-569-185-91,нет,да,не требуется,85 84 87,256,0,256,Согласие на др. конкурсе
723,187-846-976-59,нет,нет,не требуется,85 82 89,256,0,256,
724,184-305-681-73,нет,нет,не требуется,83 86 87,256,0,256,
725,187-041-840-77,нет,да,не требуется,83 82 91,256,0,256,Согласие на др. конкурсе
726,162-520-899-61,нет,нет,требуется,83 74 89,246,10,256,
727,163-990-019-87,нет,нет,требуется,80 84 89,253,3,256,
728,201-573-496-37,нет,нет,требуется,78 100 78,256,0,256,
729,171-946-963-10,нет,нет,не требуется,78 82 96,256,0,256,
730,165-398-229-04,нет,нет,"требуется, отказано",75 80 91,246,10,256,
731,179-290-564-14,нет,нет,не требуется,93 84 78,255,0,255,
732,188-557-464-38,нет,нет,не требуется,93 80 72,245,10,255,
733,183-433-088-68,нет,да,не требуется,90 74 91,255,0,255,Согласие на др. конкурсе
734,187-100-453-52,нет,нет,не требуется,88 82 85,255,0,255,
735,195-226-093-82,нет,нет,не требуется,88 74 85,247,8,255,
736,150-603-746-31,нет,нет,требуется,85 80 90,255,0,255,
737,136-967-388-18,нет,да,не требуется,85 74 96,255,0,255,Уже зачислен на др. конкурсе
,,,,,,,,,Преим. право
738,128-252-437-50,нет,нет,требуется,84 84 87,255,0,255,
739,161-748-863-96,нет,нет,требуется,83 90 78,251,4,255,
740,202-317-813-11,нет,да,не требуется,83 82 80,245,10,255,Согласие на др. конкурсе
741,156-150-449-50,нет,да,не требуется,83 80 82,245,10,255,Уже зачислен на др. конкурсе
,,,,,,,,,Преим. право
742,183-216-906-67,нет,нет,требуется,83 80 82,245,10,255,Согласие на др. конкурсе
743,148-914-996-21,нет,нет,не требуется,83 72 91,246,9,255,
744,181-036-516-41,нет,нет,не требуется,78 78 89,245,10,255,
745,160-610-842-31,нет,да,требуется,75 74 96,245,10,255,
746,195-650-367-03,нет,нет,не требуется,98 76 80,254,0,254,
747,189-388-319-44,нет,нет,требуется,93 80 71,244,10,254,
748,172-328-528-65,нет,нет,не требуется,92 80 82,254,0,254,
749,180-718-368-80,нет,да,не требуется,90 86 78,254,0,254,Согласие на др. конкурсе
750,158-893-223-21,нет,нет,требуется,90 82 82,254,0,254,Согласие на др. конкурсе
751,141-800-812-23,нет,нет,требуется,90 74 87,251,3,254,
752,196-185-047-02,нет,нет,не требуется,88 90 76,254,0,254,
753,162-270-719-49,нет,нет,не требуется,88 74 82,244,10,254,
754,191-341-129-45,нет,нет,требуется,85 80 89,254,0,254,
755,157-872-168-10,нет,нет,требуется,85 78 91,254,0,254,
756,190-538-305-71,нет,нет,требуется,83 82 89,254,0,254,
757,158-244-723-80,нет,нет,требуется,80 82 82,244,10,254,
758,206-738-665-83,нет,нет,требуется,80 80 94,254,0,254,
759,168-201-168-51,нет,нет,требуется,62 82 100,244,10,254,
760,187-285-011-96,нет,нет,требуется,95 68 87,250,3,253,
761,174-411-001-26,нет,нет,требуется,90 80 80,250,3,253,
762,157-811-912-85,нет,нет,требуется,90 74 87,251,2,253,
763,204-488-114-50,нет,да,не требуется,88 80 82,250,3,253,
764,139-211-831-47,нет,нет,требуется,88 78 87,253,0,253,
765,204-230-900-00,нет,нет,не требуется,88 78 87,253,0,253,
766,161-253-990-57,нет,нет,требуется,88 76 89,253,0,253,
767,181-766-750-05,нет,да,не требуется,85 84 76,245,8,253,Уже зачислен на др. конкурсе
768,190-126-995-70,нет,да,не требуется,85 76 87,248,5,253,Согласие на др. конкурсе
769,159-315-546-83,нет,нет,требуется,83 76 94,253,0,253,
770,160-969-958-20,нет,нет,требуется,80 76 87,243,10,253,Согласие на др. конкурсе
771,141-947-019-60,нет,нет,не требуется,78 80 85,243,10,253,
772,169-428-187-10,нет,да,не требуется,78 80 85,243,10,253,Согласие на др. конкурсе
773,206-844-809-76,да,да,не требуется,78 78 87,243,10,253,Рассматривается к зачислению
774,181-376-309-74,да,да,не требуется,78 74 91,243,10,253,Рассматривается к зачислению
775,153-914-546-73,нет,нет,требуется,100 72 80,252,0,252,
776,173-123-544-40,нет,нет,не требуется,93 86 73,252,0,252,
777,179-397-233-32,нет,да,не требуется,93 76 73,242,10,252,Уже зачислен на др. конкурсе
778,173-088-507-79,нет,нет,требуется,90 82 80,252,0,252,
779,161-942-943-83,нет,нет,требуется,90 74 87,251,1,252,
780,183-942-827-09,нет,нет,не требуется,88 82 82,252,0,252,
781,161-729-096-75,нет,нет,требуется,85 78 89,252,0,252,
782,171-494-077-77,нет,нет,требуется,85 78 89,252,0,252,
783,173-063-657-62,нет,нет,"требуется, отказано",85 78 89,252,0,252,
784,181-150-075-29,нет,нет,не требуется,80 80 82,242,10,252,Согласие на др. конкурсе
785,155-422-345-47,нет,нет,требуется,80 74 98,252,0,252,
786,186-964-067-32,нет,нет,не требуется,78 80 94,252,0,252,
787,203-596-273-60,нет,нет,не требуется,78 80 94,252,0,252,
788,159-186-538-09,нет,нет,требуется,90 88 73,251,0,251,
789,199-683-256-52,нет,да,не требуется,90 72 89,251,0,251,Уже зачислен на др. конкурсе
790,160-392-717-57,нет,нет,требуется,88 78 85,251,0,251,
791,184-661-865-10,нет,нет,не требуется,88 74 89,251,0,251,
792,158-593-619-19,нет,нет,требуется,88 72 91,251,0,251,
793,164-997-657-45,нет,нет,требуется,88 72 91,251,0,251,
794,186-908-688-41,нет,нет,не требуется,85 84 76,245,6,251,
795,178-644-643-20,нет,нет,требуется,85 78 85,248,3,251,
796,164-884-788-32,нет,нет,"требуется, отказано",80 76 85,241,10,251,
797,186-938-961-54,нет,нет,не требуется,78 88 82,248,3,251,
798,204-813-751-42,нет,нет,требуется,67 76 98,241,10,251,
799,188-299-808-52,нет,нет,не требуется,90 96 64,250,0,250,Согласие на др. конкурсе
800,206-832-441-51,нет,нет,требуется,85 80 85,250,0,250,
801,161-380-026-31,нет,нет,требуется,83 84 73,240,10,250,
802,184-400-978-73,нет,нет,не требуется,83 78 89,250,0,250,
803,132-339-731-43,нет,нет,требуется,80 80 80,240,10,250,
804,188-576-286-44,нет,нет,требуется,80 78 89,247,3,250,
805,187-366-853-29,нет,нет,требуется,80 78 82,240,10,250,
806,165-610-090-50,нет,да,требуется,80 76 94,250,0,250,Уже зачислен на др. конкурсе
,,,,,,,,,Преим. право
807,204-356-096-36,нет,да,не требуется,80 76 94,250,0,250,Согласие на др. конкурсе
808,160-415-809-38,нет,да,не требуется,78 82 80,240,10,250,
809,175-074-737-84,нет,нет,не требуется,78 74 98,250,0,250,
810,147-948-954-35,нет,нет,требуется,75 78 94,247,3,250,
811,178-125-441-77,нет,нет,требуется,75 78 89,242,8,250,
812,142-761-987-80,нет,нет,не требуется,72 76 94,242,8,250,
813,191-057-388-73,нет,нет,требуется,95 84 70,249,0,249,
814,166-701-287-73,нет,нет,не требуется,93 78 78,249,0,249,Согласие на др. конкурсе
815,202-053-592-03,нет,нет,требуется,93 76 80,249,0,249,
816,165-110-879-49,нет,нет,не требуется,90 72 87,249,0,249,
817,192-471-911-87,нет,нет,не требуется,88 76 85,249,0,249,
818,201-840-409-13,нет,нет,требуется,88 76 85,249,0,249,
819,167-945-355-22,нет,нет,не требуется,88 74 87,249,0,249,
820,194-383-148-97,нет,нет,требуется,88 74 87,249,0,249,
821,145-141-170-22,нет,нет,требуется,88 72 89,249,0,249,
822,167-620-726-82,нет,нет,не требуется,85 70 94,249,0,249,
823,183-807-543-95,нет,нет,не требуется,80 80 89,249,0,249,
824,160-880-680-78,нет,нет,требуется,80 78 91,249,0,249,
825,203-870-850-55,нет,нет,не требуется,80 76 91,247,2,249,
826,207-312-431-16,нет,нет,не требуется,80 70 89,239,10,249,
827,196-260-292-90,нет,нет,требуется,78 74 87,239,10,249,
828,179-633-091-08,нет,нет,не требуется,93 80 65,238,10,248,
829,165-332-042-42,нет,нет,требуется,88 80 80,248,0,248,
830,180-649-406-82,нет,нет,требуется,88 78 82,248,0,248,Согласие на др. конкурсе
831,205-791-400-55,нет,нет,не требуется,88 78 80,246,2,248,
832,201-718-908-38,нет,нет,не требуется,83 78 87,248,0,248,
833,189-298-561-51,нет,нет,не требуется,83 70 85,238,10,248,
834,192-101-073-21,нет,да,не требуется,80 80 85,245,3,248,Согласие на др. конкурсе
835,166-936-775-30,нет,нет,"требуется, отказано",80 80 78,238,10,248,
836,181-465-348-78,нет,нет,требуется,80 76 82,238,10,248,
837,191-033-516-37,нет,нет,не требуется,80 74 94,248,0,248,
838,162-047-478-52,нет,да,не требуется,90 72 85,247,0,247,Согласие на др. конкурсе
839,178-938-335-40,нет,нет,требуется,88 70 89,247,0,247,
840,163-277-100-55,нет,нет,не требуется,83 86 78,247,0,247,
841,184-507-362-81,нет,нет,не требуется,83 82 82,247,0,247,
842,184-810-826-87,нет,да,не требуется,80 78 89,247,0,247,Согласие на др. конкурсе
843,193-543-365-89,нет,нет,требуется,80 76 89,245,2,247,
844,178-250-719-89,нет,нет,не требуется,80 68 96,244,3,247,
845,145-901-308-50,нет,нет,не требуется,78 84 85,247,0,247,
846,201-862-951-48,нет,нет,не требуется,78 80 89,247,0,247,
847,169-598-674-61,нет,нет,не требуется,72 78 94,244,3,247,
848,169-717-169-17,нет,нет,не требуется,93 80 73,246,0,246,
849,176-629-617-14,нет,нет,не требуется,88 76 82,246,0,246,
850,157-765-899-39,нет,нет,требуется,85 92 66,243,3,246,
851,159-295-849-28,нет,нет,не требуется,85 80 76,241,5,246,
852,135-786-795-16,нет,нет,"требуется, отказано",85 76 85,246,0,246,
853,179-789-631-69,нет,нет,требуется,85 76 85,246,0,246,
854,141-873-067-61,да,да,не требуется,83 78 80,241,5,246,Рассматривается к зачислению
855,174-194-353-81,нет,нет,требуется,80 78 78,236,10,246,
856,196-992-299-61,нет,нет,требуется,80 76 80,236,10,246,
857,154-630-332-44,нет,нет,не требуется,78 86 82,246,0,246,
858,165-528-569-99,да,нет,не требуется,78 80 85,243,3,246,
859,192-341-585-72,нет,нет,требуется,78 80 85,243,3,246,
860,184-528-106-81,нет,да,не требуется,78 74 91,243,3,246,Согласие на др. конкурсе
861,158-455-395-04,нет,нет,требуется,75 88 73,236,10,246,
862,165-412-258-52,нет,нет,не требуется,70 76 100,246,0,246,
863,163-174-947-76,нет,нет,требуется,68 74 94,236,10,246,
864,182-164-913-70,нет,нет,не требуется,93 76 76,245,0,245,
865,187-409-176-03,нет,нет,не требуется,93 74 73,240,5,245,
866,130-815-014-11,нет,нет,требуется,85 78 82,245,0,245,Преим. право
867,198-634-307-18,нет,нет,не требуется,85 78 72,235,10,245,
868,192-458-846-12,нет,да,требуется,85 72 78,235,10,245,Согласие на др. конкурсе
869,172-994-230-04,нет,нет,требуется,83 74 88,245,0,245,
870,143-916-471-71,нет,нет,не требуется,80 82 80,242,3,245,
871,179-884-630-54,нет,нет,не требуется,80 78 87,245,0,245,
872,181-373-575-78,нет,нет,требуется,80 78 87,245,0,245,
873,168-796-249-45,нет,нет,требуется,80 74 91,245,0,245,
874,133-959-846-05,нет,нет,не требуется,80 70 85,235,10,245,Преим. право
875,200-533-869-19,нет,нет,не требуется,78 82 85,245,0,245,
876,186-524-650-98,нет,да,не требуется,78 80 87,245,0,245,
877,160-121-658-12,нет,нет,требуется,78 78 89,245,0,245,
878,173-518-552-79,нет,нет,не требуется,70 78 87,235,10,245,
879,202-692-515-42,нет,нет,не требуется,64 80 91,235,10,245,
880,173-113-058-26,нет,да,не требуется,93 80 71,244,0,244,Согласие на др. конкурсе
881,161-404-709-33,нет,нет,не требуется,90 76 78,244,0,244,
882,200-138-148-90,нет,да,не требуется,90 74 70,234,10,244,Согласие на др. конкурсе
883,160-394-410-49,нет,нет,требуется,85 78 71,234,10,244,
884,179-525-916-21,нет,нет,требуется,85 76 80,241,3,244,
885,167-725-205-88,нет,нет,не требуется,83 88 73,244,0,244,
886,142-436-755-53,нет,нет,не требуется,83 82 76,241,3,244,Преим. право
887,159-221-918-74,нет,нет,не требуется,83 72 89,244,0,244,
888,142-869-908-02,нет,нет,требуется,80 72 82,234,10,244,
889,191-869-500-15,нет,нет,не требуется,80 70 94,244,0,244,
890,165-400-595-53,нет,нет,требуется,78 86 80,244,0,244,
891,179-321-087-82,нет,нет,не требуется,78 74 89,241,3,244,
892,147-294-088-86,нет,нет,не требуется,78 74 82,234,10,244,
893,178-360-383-96,нет,нет,не требуется,75 80 89,244,0,244,
894,172-959-868-36,нет,нет,не требуется,67 76 91,234,10,244,
895,194-595-639-35,нет,нет,требуется,90 80 70,240,3,243,Согласие на др. конкурсе
896,165-655-070-86,нет,нет,требуется,88 82 73,243,0,243,Согласие на др. конкурсе
897,134-590-154-52,нет,нет,требуется,85 82 73,240,3,243,Преим. право
898,169-201-804-63,нет,да,не требуется,85 80 78,243,0,243,
899,184-533-736-90,нет,нет,требуется,85 78 80,243,0,243,
900,160-055-903-31,нет,нет,требуется,85 78 70,233,10,243,
901,164-734-155-75,нет,да,не требуется,85 76 82,243,0,243,Согласие на др. конкурсе
902,178-563-970-32,нет,да,требуется,85 76 82,243,0,243,
903,195-434-640-96,нет,да,"требуется, отказано",85 76 82,243,0,243,Согласие на др. конкурсе
904,169-974-645-54,нет,нет,не требуется,83 82 78,243,0,243,
905,184-048-619-81,нет,да,не требуется,83 70 85,238,5,243,Согласие на др. конкурсе
906,186-584-308-16,нет,нет,не требуется,80 80 73,233,10,243,
907,185-926-205-05,нет,нет,требуется,80 78 85,243,0,243,
908,165-004-735-39,нет,нет,"требуется, отказано",78 74 91,243,0,243,
909,171-640-747-63,нет,нет,не требуется,75 80 78,233,10,243,
910,201-436-069-08,нет,нет,"требуется, отказано",72 84 87,243,0,243,
911,165-304-268-51,нет,да,требуется,70 74 89,233,10,243,Согласие на др. конкурсе
912,184-652-254-89,нет,нет,не требуется,67 80 96,243,0,243,
913,165-227-167-63,нет,нет,не требуется,90 74 78,242,0,242,
914,175-038-353-68,нет,нет,требуется,85 72 85,242,0,242,
915,150-427-587-48,нет,да,не требуется,80 92 67,239,3,242,Согласие на др. конкурсе
916,176-804-038-84,нет,да,требуется,80 80 82,242,0,242,Согласие на др. конкурсе
917,188-939-234-48,нет,нет,не требуется,80 80 82,242,0,242,
918,200-302-885-89,нет,нет,не требуется,75 82 85,242,0,242,
919,168-502-170-67,нет,нет,требуется,75 78 89,242,0,242,
920,202-300-997-01,нет,нет,не требуется,75 78 89,242,0,242,
921,183-982-876-38,нет,нет,не требуется,72 88 82,242,0,242,
922,175-452-529-84,нет,нет,требуется,72 76 94,242,0,242,
923,207-084-097-47,нет,да,требуется,62 76 94,232,10,242,Согласие на др. конкурсе
924,184-215-576-72,нет,да,не требуется,88 78 72,238,3,241,Согласие на др. конкурсе
925,134-350-891-46,нет,нет,не требуется,88 72 78,238,3,241,
926,186-545-989-35,нет,да,не требуется,85 78 73,236,5,241,
927,146-559-047-88,нет,нет,требуется,83 80 78,241,0,241,
928,187-996-115-53,нет,да,не требуется,83 80 78,241,0,241,
929,186-092-315-83,нет,да,не требуется,80 78 78,236,5,241,
930,159-543-835-07,нет,нет,требуется,80 74 87,241,0,241,
931,184-436-547-93,нет,нет,требуется,80 72 89,241,0,241,
932,199-727-456-50,нет,нет,требуется,78 70 85,233,8,241,
933,166-543-711-84,нет,нет,не требуется,75 74 82,231,10,241,
934,168-853-217-11,нет,нет,требуется,72 84 82,238,3,241,
935,163-700-170-36,нет,нет,требуется,70 84 87,241,0,241,
936,159-330-276-70,нет,нет,не требуется,67 82 82,231,10,241,Согласие на др. конкурсе
937,165-198-239-95,нет,нет,"требуется, отказано",64 80 87,231,10,241,Преим. право
938,201-648-806-42,нет,нет,не требуется,93 74 70,237,3,240,
939,133-141-709-13,нет,нет,не требуется,90 74 76,240,0,240,
940,169-965-268-48,нет,нет,не требуется,88 72 80,240,0,240,
941,179-499-750-62,нет,нет,требуется,85 76 76,237,3,240,
942,183-885-601-19,нет,нет,не требуется,85 70 85,240,0,240,
943,164-426-474-72,нет,нет,не требуется,83 68 89,240,0,240,
944,170-156-770-54,нет,нет,не требуется,80 78 82,240,0,240,
945,180-456-592-80,нет,нет,не требуется,70 100 70,240,0,240,
946,185-641-208-81,нет,нет,не требуется,70 76 94,240,0,240,
947,187-419-830-15,нет,нет,не требуется,68 78 94,240,0,240,
948,184-350-160-58,нет,нет,не требуется,67 82 91,240,0,240,
949,184-613-595-91,нет,нет,не требуется,67 82 91,240,0,240,
950,198-306-890-19,нет,нет,не требуется,95 78 66,239,0,239,
951,171-529-957-91,нет,нет,требуется,83 84 72,239,0,239,
952,188-486-867-58,нет,нет,не требуется,83 80 76,239,0,239,
953,201-988-208-64,нет,нет,"требуется, отказано",83 78 78,239,0,239,
954,186-877-472-52,нет,нет,не требуется,83 76 80,239,0,239,
955,189-680-539-40,нет,да,не требуется,80 68 91,239,0,239,Согласие на др. конкурсе
956,166-202-943-56,нет,нет,требуется,78 72 89,239,0,239,
957,172-342-584-59,нет,да,требуется,72 78 89,239,0,239,Согласие на др. конкурсе
958,167-216-265-69,нет,нет,не требуется,90 78 70,238,0,238,
959,190-128-901-56,нет,да,не требуется,80 82 76,238,0,238,Согласие на др. конкурсе
960,170-329-930-61,нет,нет,требуется,93 72 72,237,0,237,
961,193-028-265-66,нет,да,не требуется,88 78 71,237,0,237,Согласие на др. конкурсе
962,158-992-968-57,нет,да,требуется,85 76 76,237,0,237,Уже зачислен на др. конкурсе
963,164-209-456-60,нет,нет,не требуется,85 76 76,237,0,237,
964,184-563-829-08,нет,нет,не требуется,83 84 70,237,0,237,
965,158-159-505-91,нет,да,требуется,83 76 78,237,0,237,
966,196-484-528-28,нет,нет,требуется,80 86 71,237,0,237,
967,133-151-712-13,да,да,не требуется,78 80 73,231,6,237,Рассматривается к зачислению
968,151-778-835-99,нет,нет,не требуется,78 76 80,234,3,237,
969,161-037-043-17,нет,нет,требуется,78 76 80,234,3,237,
970,168-331-359-77,нет,нет,не требуется,75 82 70,227,10,237,Согласие на др. конкурсе
971,164-058-983-87,нет,да,не требуется,72 80 82,234,3,237,
972,165-768-084-14,нет,нет,не требуется,72 78 87,237,0,237,
973,181-036-531-40,нет,да,не требуется,72 70 85,227,10,237,Согласие на др. конкурсе
974,194-904-053-91,нет,да,требуется,70 72 85,227,10,237,Согласие на др. конкурсе
975,195-328-279-03,нет,нет,требуется,100 70 66,236,0,236,
976,157-979-625-48,нет,нет,требуется,85 72 76,233,3,236,
977,159-238-955-11,нет,да,не требуется,83 66 82,231,5,236,Согласие на др. конкурсе
978,168-607-648-09,нет,нет,требуется,80 78 78,236,0,236,
979,156-706-643-85,нет,нет,требуется,80 76 80,236,0,236,
980,154-084-558-65,нет,нет,требуется,80 70 76,226,10,236,Согласие на др. конкурсе
981,196-681-224-15,нет,нет,не требуется,78 82 73,233,3,236,
982,191-637-454-92,нет,да,не требуется,78 80 78,236,0,236,Согласие на др. конкурсе
983,186-877-600-42,нет,да,не требуется,78 78 80,236,0,236,
984,195-511-885-99,нет,да,не требуется,78 78 70,226,10,236,Согласие на др. конкурсе
985,193-458-469-14,нет,нет,не требуется,75 76 85,236,0,236,
986,167-681-624-10,нет,нет,требуется,72 82 82,236,0,236,
987,183-851-347-94,нет,нет,не требуется,72 78 76,226,10,236,
988,157-746-925-18,нет,нет,требуется,70 76 80,226,10,236,
989,139-134-982-77,нет,нет,не требуется,59 80 94,233,3,236,
990,201-050-249-73,нет,нет,требуется,90 74 71,235,0,235,
991,164-479-743-10,нет,нет,требуется,85 70 80,235,0,235,
992,139-917-558-14,нет,нет,требуется,85 52 98,235,0,235,Согласие на др. конкурсе
993,175-258-104-75,нет,да,не требуется,83 80 72,235,0,235,Согласие на др. конкурсе
994,168-543-072-90,нет,нет,требуется,78 72 85,235,0,235,
995,204-997-571-01,нет,да,не требуется,75 72 78,225,10,235,Согласие на др. конкурсе
996,168-331-360-70,нет,нет,не требуется,72 82 71,225,10,235,Согласие на др. конкурсе
997,169-121-067-58,нет,нет,не требуется,72 80 80,232,3,235,
998,185-481-027-86,нет,да,не требуется,72 74 89,235,0,235,Согласие на др. конкурсе
999,172-858-287-11,нет,нет,не требуется,70 80 80,230,5,235,
1000,175-363-800-83,нет,нет,не требуется,85 76 73,234,0,234,
1001,188-213-873-98,нет,да,не требуется,83 84 67,234,0,234,Согласие на др. конкурсе
1002,165-037-364-59,нет,да,не требуется,75 76 78,229,5,234,Согласие на др. конкурсе
1003,195-371-670-03,нет,нет,не требуется,75 74 85,234,0,234,
1004,187-004-458-67,нет,да,требуется,75 68 91,234,0,234,
1005,182-670-807-88,нет,нет,не требуется,72 82 80,234,0,234,
1006,160-802-021-17,нет,нет,требуется,72 76 76,224,10,234,
1007,164-257-575-83,нет,нет,не требуется,72 68 94,234,0,234,
1008,131-873-258-58,нет,нет,не требуется,88 72 73,233,0,233,
1009,139-076-411-69,нет,нет,не требуется,80 68 85,233,0,233,
1010,166-924-542-02,нет,да,не требуется,75 78 80,233,0,233,Согласие на др. конкурсе
1011,185-188-676-22,нет,нет,не требуется,75 78 80,233,0,233,
1012,188-639-475-45,да,да,не требуется,72 80 76,228,5,233,Рассматривается к зачислению
1013,186-357-297-15,нет,нет,не требуется,72 74 85,231,2,233,
1014,176-826-652-17,нет,нет,не требуется,95 72 65,232,0,232,
1015,139-822-627-90,нет,нет,не требуется,85 76 71,232,0,232,
1016,165-189-613-96,да,да,не требуется,85 76 69,230,2,232,Рассматривается к зачислению
1017,149-338-172-87,нет,нет,не требуется,80 76 76,232,0,232,
1018,172-186-190-69,нет,нет,требуется,80 76 76,232,0,232,
1019,135-973-140-79,нет,нет,требуется,80 72 80,232,0,232,
1020,158-320-674-68,нет,нет,"требуется, отказано",75 72 85,232,0,232,
1021,207-687-601-89,нет,да,не требуется,75 68 89,232,0,232,
1022,171-991-450-96,нет,да,требуется,67 82 73,222,10,232,
1023,144-860-212-56,нет,нет,не требуется,67 80 85,232,0,232,
1024,153-660-565-67,нет,нет,не требуется,59 76 94,229,3,232,
1025,195-450-267-89,нет,нет,требуется,93 72 66,231,0,231,
1026,173-590-622-84,нет,нет,не требуется,85 70 76,231,0,231,
1027,174-636-771-02,нет,нет,не требуется,83 72 76,231,0,231,
1028,182-809-335-90,нет,нет,не требуется,83 72 76,231,0,231,
1029,185-720-671-92,нет,да,не требуется,78 74 76,228,3,231,Согласие на др. конкурсе
1030,151-405-032-07,нет,нет,"требуется, отказано",75 80 71,226,5,231,Согласие на др. конкурсе
1031,178-129-974-16,нет,да,не требуется,75 74 82,231,0,231,
1032,194-157-592-01,нет,нет,не требуется,75 64 89,228,3,231,
1033,160-116-103-98,нет,нет,не требуется,72 76 80,228,3,231,
1034,174-092-464-73,нет,нет,требуется,72 74 85,231,0,231,
1035,186-038-893-05,нет,нет,не требуется,68 76 87,231,0,231,
1036,181-977-804-23,нет,да,не требуется,90 76 64,230,0,230,Согласие на др. конкурсе
1037,179-065-472-04,да,да,требуется,88 72 70,230,0,230,Рассматривается к зачислению
1038,185-062-122-54,нет,нет,не требуется,85 76 69,230,0,230,Согласие на др. конкурсе
1039,180-157-645-62,нет,нет,не требуется,80 80 70,230,0,230,
1040,191-105-776-54,нет,нет,не требуется,80 68 82,230,0,230,
1041,194-301-701-52,нет,нет,требуется,78 76 76,230,0,230,Преим. право
1042,161-853-244-66,нет,нет,требуется,78 72 80,230,0,230,
1043,174-756-924-17,нет,нет,не требуется,75 70 80,225,5,230,
1044,178-275-521-06,нет,да,не требуется,75 66 89,230,0,230,
1045,188-463-200-00,нет,да,не требуется,70 78 82,230,0,230,Согласие на др. конкурсе
1046,159-869-520-43,нет,нет,не требуется,64 76 80,220,10,230,
1047,139-860-913-04,нет,да,не требуется,64 72 94,230,0,230,Уже зачислен на др. конкурсе
1048,202-886-548-74,нет,нет,не требуется,80 82 67,229,0,229,
1049,159-102-486-59,нет,нет,не требуется,75 74 80,229,0,229,
1050,197-153-179-98,нет,нет,не требуется,75 74 80,229,0,229,
1051,193-167-627-94,нет,нет,"требуется, отказано",62 76 91,229,0,229,
1052,173-776-543-11,нет,да,не требуется,88 72 66,226,2,228,Согласие на др. конкурсе
1053,195-938-549-47,нет,нет,не требуется,85 76 67,228,0,228,
1054,194-350-502-68,нет,да,не требуется,80 70 78,228,0,228,Согласие на др. конкурсе
1055,201-806-603-17,нет,нет,не требуется,72 64 89,225,3,228,
1056,135-021-972-24,нет,да,не требуется,64 74 80,218,10,228,Согласие на др. конкурсе
1057,201-830-454-13,нет,нет,не требуется,80 74 71,225,2,227,
1058,173-669-860 22,да,да,не требуется,75 82 70,227,0,227,Рассматривается к зачислению
1059,163-626-783-87,нет,нет,не требуется,75 70 82,227,0,227,
1060,165-404-200-37,нет,да,не требуется,75 70 82,227,0,227,Согласие на др. конкурсе
1061,163-485-502-78,нет,да,требуется,72 76 73,221,6,227,
1062,167-471-094-90,нет,да,требуется,72 70 82,224,3,227,
1063,165-400-503-33,нет,нет,требуется,70 76 78,224,3,227,
1064,181-977-800-19,нет,нет,не требуется,64 78 82,224,3,227,
1065,184-061-147-52,нет,да,не требуется,64 78 78,220,7,227,
1066,160-359-855-74,нет,нет,не требуется,83 70 73,226,0,226,
1067,195-545-870-22,нет,нет,не требуется,83 70 70,223,3,226,
1068,158-313-921-71,нет,нет,требуется,83 68 73,224,2,226,
1069,169-572-495-26,нет,да,не требуется,78 76 72,226,0,226,
1070,191-860-412-81,нет,нет,не требуется,78 68 70,216,10,226,
1071,184-983-083-24,нет,нет,"требуется, отказано",75 78 73,226,0,226,
1072,154-480-138-57,нет,нет,не требуется,75 68 80,223,3,226,
1073,187-656-786-48,нет,нет,не требуется,75 68 80,223,3,226,
1074,204-152-727-16,нет,нет,не требуется,75 66 82,223,3,226,
1075,174-175-917-89,нет,нет,не требуется,72 84 70,226,0,226,
1076,190-813-565-77,нет,да,не требуется,72 72 82,226,0,226,
1077,185-354-490-96,нет,нет,не требуется,70 76 80,226,0,226,
1078,131-900-105-01,нет,нет,не требуется,67 76 73,216,10,226,
1079,207-264-470-50,нет,да,не требуется,67 76 73,216,10,226,
1080,205-091-148-20,нет,нет,требуется,67 72 87,226,0,226,
1081,203-043-308-88,нет,да,не требуется,64 70 82,216,10,226,Уже зачислен на др. конкурсе
1082,163-387-626-91,нет,да,требуется,59 70 87,216,10,226,Согласие на др. конкурсе
1083,158-799-447-53,нет,нет,требуется,75 78 72,225,0,225,
1084,180-775-438-95,нет,нет,не требуется,75 68 82,225,0,225,
1085,165-425-250-61,нет,нет,не требуется,72 80 70,222,3,225,
1086,184-857-746-35,нет,нет,не требуется,72 74 76,222,3,225,
1087,167-700-484-79,нет,нет,требуется,64 76 85,225,0,225,
1088,202-700-193-98,нет,да,не требуется,85 64 72,221,3,224,Согласие на др. конкурсе
1089,164-640-765-78,нет,нет,не требуется,80 72 72,224,0,224,
1090,165-057-982-89,нет,нет,не требуется,80 72 72,224,0,224,
1091,207-187-299-73,нет,нет,не требуется,78 64 82,224,0,224,
1092,196-628-651-28,нет,нет,не требуется,75 80 69,224,0,224,
1093,168-094-677-11,нет,да,не требуется,75 80 66,221,3,224,
1094,165-773-439-06,нет,нет,"требуется, отказано",70 78 76,224,0,224,
1095,183-662-786-09,нет,нет,не требуется,70 74 80,224,0,224,
1096,154-277-860-87,нет,нет,требуется,59 78 87,224,0,224,Преим. право
1097,178-488-554-44,нет,нет,не требуется,85 62 76,223,0,223,
1098,172-579-517-02,нет,нет,не требуется,83 76 64,223,0,223,Согласие на др. конкурсе
1099,191-402-396-52,нет,да,не требуется,80 76 67,223,0,223,Уже зачислен на др. конкурсе
,,,,,,,,,Преим. право
1100,196-208-181-86,нет,нет,не требуется,78 74 71,223,0,223,
1101,207-431-447-36,нет,нет,не требуется,78 70 72,220,3,223,
1102,186-516-657-07,нет,нет,не требуется,75 78 70,223,0,223,
1103,196-082-794-12,нет,нет,не требуется,70 72 78,220,3,223,
1104,159-945-915-38,нет,нет,требуется,70 66 87,223,0,223,
1105,195-165-769-12,нет,да,не требуется,59 84 80,223,0,223,
1106,166-191-923-87,нет,нет,требуется,85 68 69,222,0,222,
