﻿№,СНИЛС/уникальный номер,Согласие на зачисление,Наличие подлинника/отметки о подлиннике с ЕПГУ,Потребность в общежитии,Оценки,Сумма баллов за ВИ,Балл за ИД,Сумма баллов,Примечание
",,,,,""Математика, Информатика и ИКТ, Русский язык"",,,,,,,,,,,,,",,,,,,,,,
1,147-895-454-27,нет,нет,не требуется,100 98 96,294,8,302,
2,190-894-592-23,нет,нет,не требуется,96 100 96,292,10,302,
3,166-384-646-03,нет,нет,не требуется,100 100 91,291,10,301,
4,190-618-645-84,нет,нет,не требуется,100 100 91,291,10,301,
5,184-371-554-86,нет,нет,не требуется,100 90 100,290,10,300,
6,149-437-744-02,нет,нет,не требуется,96 100 94,290,10,300,
7,180-989-728-34,нет,нет,не требуется,94 100 96,290,10,300,
8,156-089-453-91,нет,нет,требуется,94 98 96,288,10,298,Преим. право
9,196-010-898-77,нет,нет,"требуется, отказано",92 98 98,288,10,298,
10,176-874-496-40,нет,да,требуется,100 93 94,287,10,297,Уже зачислен на др. конкурсе
11,156-943-616-01,нет,нет,требуется,98 95 94,287,10,297,
12,175-724-153-83,нет,да,не требуется,92 95 100,287,10,297,Согласие на др. конкурсе
13,164-869-875-40,нет,нет,требуется,100 88 98,286,10,296,
14,172-209-473-55,нет,нет,требуется,98 98 89,285,10,295,
15,173-576-543-00,нет,нет,не требуется,96 93 96,285,10,295,
16,161-595-823-89,нет,нет,требуется,92 95 98,285,10,295,
17,192-821-294-84,нет,да,не требуется,90 95 100,285,10,295,Согласие на др. конкурсе
18,175-619-422-94,нет,нет,требуется,100 95 89,284,10,294,
19,181-919-928-12,нет,да,не требуется,100 90 94,284,10,294,Уже зачислен на др. конкурсе
20,199-542-371-24,нет,да,требуется,94 100 91,285,9,294,Согласие на др. конкурсе
21,164-917-006-77,нет,нет,не требуется,90 100 94,284,10,294,
22,203-210-171-74,нет,нет,не требуется,84 100 100,284,10,294,
23,167-564-966-25,нет,да,не требуется,100 90 98,288,5,293,Согласие на др. конкурсе
24,173-935-415-93,нет,нет,требуется,94 95 94,283,10,293,
25,159-749-621-31,нет,нет,требуется,100 95 87,282,10,292,
26,165-290-536-75,нет,да,не требуется,98 100 94,292,0,292,Согласие на др. конкурсе
27,200-871-568-39,нет,нет,не требуется,98 88 96,282,10,292,
28,166-120-120-21,нет,нет,требуется,88 98 96,282,10,292,
29,165-027-192-52,нет,нет,требуется,94 98 89,281,10,291,
30,184-009-814-66,нет,да,требуется,92 95 94,281,10,291,Согласие на др. конкурсе
31,166-779-049-27,нет,нет,не требуется,92 93 96,281,10,291,
32,159-529-715-14,нет,да,требуется,90 95 96,281,10,291,Согласие на др. конкурсе
33,168-831-812-06,нет,нет,требуется,86 95 100,281,10,291,
34,143-792-458-86,нет,нет,не требуется,100 93 87,280,10,290,
35,184-538-205-88,нет,нет,не требуется,88 98 94,280,10,290,
36,195-096-575-17,нет,нет,не требуется,86 100 94,280,10,290,
37,180-347-875-81,нет,нет,не требуется,100 93 96,289,0,289,
38,186-056-915-97,нет,нет,не требуется,100 90 89,279,10,289,
39,178-357-310-01,нет,нет,не требуется,100 85 94,279,10,289,
40,184-664-604-03,нет,нет,требуется,98 90 91,279,10,289,
41,164-416-704-62,нет,нет,требуется,92 93 94,279,10,289,
42,199-501-399-12,нет,нет,не требуется,86 95 98,279,10,289,
43,166-787-831-38,нет,нет,требуется,84 95 100,279,10,289,
44,184-397-976-37,нет,нет,не требуется,96 95 89,280,8,288,
45,183-969-127-26,нет,нет,не требуется,94 93 96,283,5,288,
46,177-572-744-18,нет,нет,не требуется,94 93 91,278,10,288,
47,177-890-551-31,нет,да,не требуется,92 95 98,285,3,288,Согласие на др. конкурсе
48,180-678-537-02,нет,нет,требуется,88 90 100,278,10,288,
49,135-709-062-59,нет,да,требуется,84 98 96,278,10,288,Согласие на др. конкурсе
,,,,,,,,,Преим. право
50,176-054-915-81,нет,нет,требуется,84 98 96,278,10,288,
51,167-591-863-22,нет,нет,требуется,100 95 82,277,10,287,
52,142-312-839-24,нет,нет,требуется,100 88 89,277,10,287,
53,192-473-055-80,нет,нет,не требуется,90 100 89,279,8,287,
54,163-735-494-88,нет,да,не требуется,88 98 98,284,3,287,Согласие на др. конкурсе
55,147-343-732-68,да,да,не требуется,88 93 96,277,10,287,Рассматривается к зачислению
56,185-852-985-35,нет,да,требуется,86 95 96,277,10,287,Согласие на др. конкурсе
57,158-764-142-04,нет,да,"требуется, отказано",96 95 85,276,10,286,Согласие на др. конкурсе
58,186-605-046-84,нет,нет,не требуется,94 93 96,283,3,286,
59,186-850-576-21,нет,нет,не требуется,94 88 94,276,10,286,
60,176-089-894-27,нет,нет,не требуется,92 88 96,276,10,286,
61,140-926-843-63,нет,да,не требуется,90 95 91,276,10,286,Согласие на др. конкурсе
62,159-246-938-07,нет,нет,требуется,90 95 91,276,10,286,
63,194-756-024-06,нет,нет,требуется,90 90 96,276,10,286,
64,170-209-619-41,нет,нет,требуется,88 88 100,276,10,286,
65,201-837-098-41,нет,да,не требуется,86 90 100,276,10,286,Согласие на др. конкурсе
66,173-077-269-75,нет,нет,не требуется,82 100 94,276,10,286,
67,185-638-446-15,нет,нет,не требуется,96 88 91,275,10,285,
68,165-793-438-15,нет,нет,требуется,94 90 91,275,10,285,
69,160-212-107-92,нет,да,требуется,88 98 89,275,10,285,Согласие на др. конкурсе
70,169-346-109-93,нет,нет,требуется,88 93 94,275,10,285,
71,186-885-959-67,нет,нет,не требуется,88 93 94,275,10,285,
72,183-559-738-18,нет,нет,не требуется,86 98 96,280,5,285,
73,154-389-206-82,нет,нет,требуется,86 93 96,275,10,285,Преим. право
74,165-132-188-47,нет,да,"требуется, отказано",86 93 96,275,10,285,Согласие на др. конкурсе
75,150-208-992-39,нет,нет,требуется,84 100 91,275,10,285,
76,184-304-039-49,нет,нет,не требуется,96 90 88,274,10,284,
77,165-287-338-94,нет,нет,требуется,94 95 85,274,10,284,Согласие на др. конкурсе
78,157-951-559-13,нет,нет,требуется,94 93 87,274,10,284,Согласие на др. конкурсе
79,157-958-427-30,нет,нет,требуется,92 88 94,274,10,284,
80,142-747-626-72,нет,да,требуется,90 93 91,274,10,284,Согласие на др. конкурсе
81,169-277-452-17,нет,нет,требуется,90 93 91,274,10,284,
82,190-539-907-95,нет,нет,не требуется,90 90 98,278,6,284,
83,199-736-142-36,нет,нет,не требуется,90 90 94,274,10,284,
84,181-298-757-05,нет,нет,требуется,90 88 96,274,10,284,
85,188-076-446-12,нет,нет,не требуется,90 88 96,274,10,284,
86,170-539-932-80,нет,нет,не требуется,88 100 96,284,0,284,
87,167-361-453-82,нет,да,не требуется,88 98 98,284,0,284,Согласие на др. конкурсе
88,132-347-161-28,нет,нет,требуется,86 88 100,274,10,284,
89,200-886-090-47,нет,нет,требуется,100 98 85,283,0,283,
90,164-994-924-33,нет,нет,требуется,98 100 85,283,0,283,
91,164-899-512-31,нет,нет,требуется,96 90 87,273,10,283,
92,200-199-147-22,нет,нет,требуется,94 93 96,283,0,283,
93,167-560-405-82,нет,нет,не требуется,94 88 98,280,3,283,
94,179-653-762-34,нет,нет,не требуется,92 90 91,273,10,283,
95,151-763-154-56,нет,нет,не требуется,86 93 94,273,10,283,
96,161-785-962-05,нет,нет,не требуется,84 100 89,273,10,283,
97,209-625-766-85,нет,нет,требуется,84 98 96,278,5,283,
98,166-208-960-81,нет,нет,требуется,84 95 94,273,10,283,
99,159-475-674-25,нет,да,не требуется,82 93 98,273,10,283,
100,194-660-074-92,нет,нет,требуется,82 93 98,273,10,283,
101,180-494-188-84,нет,да,требуется,94 98 80,272,10,282,Согласие на др. конкурсе
102,144-175-855-68,нет,нет,не требуется,92 100 80,272,10,282,
103,188-731-106-98,нет,нет,не требуется,92 98 87,277,5,282,
104,168-912-395-10,нет,нет,требуется,92 80 100,272,10,282,
105,187-848-202-28,нет,нет,не требуется,90 93 94,277,5,282,
106,165-974-239-16,да,да,не требуется,90 88 94,272,10,282,Рассматривается к зачислению
107,187-012-971-76,нет,нет,не требуется,88 93 91,272,10,282,
108,168-349-260-03,нет,нет,требуется,88 90 94,272,10,282,Согласие на др. конкурсе
109,151-728-284-65,нет,да,требуется,88 88 96,272,10,282,Согласие на др. конкурсе
110,202-671-067-25,нет,нет,требуется,88 88 96,272,10,282,
111,171-276-843-77,нет,нет,требуется,86 90 96,272,10,282,
112,180-317-248-45,нет,нет,не требуется,84 90 98,272,10,282,
113,204-565-308-42,нет,нет,не требуется,84 90 98,272,10,282,
114,175-805-601-86,нет,нет,требуется,84 88 100,272,10,282,
115,194-894-203-25,нет,да,требуется,94 93 94,281,0,281,Согласие на др. конкурсе
116,149-164-709-85,нет,нет,не требуется,94 90 94,278,3,281,
117,161-756-246-74,нет,нет,требуется,94 88 89,271,10,281,
118,180-661-642-70,нет,нет,не требуется,92 85 94,271,10,281,
119,162-392-397-75,нет,нет,требуется,86 98 87,271,10,281,
120,158-097-560-03,нет,нет,требуется,84 93 94,271,10,281,
121,170-464-213-45,нет,да,требуется,84 93 94,271,10,281,Согласие на др. конкурсе
122,173-073-084-52,нет,нет,"требуется, отказано",84 93 94,271,10,281,
123,173-769-286-20,нет,нет,не требуется,84 93 94,271,10,281,
124,157-484-355-00,нет,нет,требуется,82 95 94,271,10,281,
125,190-983-948-28,нет,да,не требуется,82 95 94,271,10,281,Согласие на др. конкурсе
126,140-015-345-88,нет,нет,не требуется,82 93 96,271,10,281,
127,156-946-369-17,нет,да,требуется,82 93 96,271,10,281,Согласие на др. конкурсе
128,190-560-878-86,нет,да,требуется,78 95 98,271,10,281,Согласие на др. конкурсе
129,185-762-632-12,нет,да,не требуется,92 94 94,280,0,280,Согласие на др. конкурсе
130,159-563-731-10,нет,нет,требуется,90 93 87,270,10,280,Согласие на др. конкурсе
131,162-042-152-13,нет,нет,требуется,90 93 87,270,10,280,
132,202-595-537-54,нет,нет,не требуется,90 93 87,270,10,280,
133,154-301-995-48,нет,нет,требуется,88 93 89,270,10,280,
134,196-017-080-71,нет,да,не требуется,86 98 91,275,5,280,Согласие на др. конкурсе
135,174-245-684-82,нет,нет,требуется,86 95 89,270,10,280,
136,165-353-236-64,нет,нет,требуется,86 90 94,270,10,280,
137,184-552-404-79,нет,да,не требуется,86 90 94,270,10,280,Согласие на др. конкурсе
138,149-556-959-27,нет,да,требуется,86 88 96,270,10,280,Согласие на др. конкурсе
139,169-968-428-58,нет,нет,не требуется,84 90 96,270,10,280,
140,184-267-126-83,нет,да,требуется,84 90 96,270,10,280,Согласие на др. конкурсе
141,171-618-959-90,нет,нет,требуется,98 90 91,279,0,279,
142,167-060-167-57,нет,да,требуется,94 88 87,269,10,279,Согласие на др. конкурсе
143,196-249-458-19,нет,нет,не требуется,92 90 87,269,10,279,
144,158-840-082-90,нет,да,требуется,90 90 89,269,10,279,Согласие на др. конкурсе
145,165-830-034-64,нет,нет,не требуется,90 88 91,269,10,279,
146,184-550-597-95,нет,да,не требуется,90 83 96,269,10,279,Согласие на др. конкурсе
147,164-484-432-84,нет,нет,"требуется, отказано",88 93 94,275,4,279,
148,165-250-120-35,нет,да,не требуется,88 90 98,276,3,279,Согласие на др. конкурсе
149,180-710-441-40,нет,да,не требуется,88 90 91,269,10,279,Согласие на др. конкурсе
150,186-451-828-02,нет,нет,не требуется,88 90 91,269,10,279,
151,164-856-941-16,нет,да,требуется,88 85 96,269,10,279,Согласие на др. конкурсе
152,173-100-289-22,нет,нет,требуется,88 85 96,269,10,279,
153,168-086-636-05,нет,нет,не требуется,88 83 98,269,10,279,
154,157-558-078-05,нет,да,требуется,86 85 98,269,10,279,Согласие на др. конкурсе
155,187-269-851-33,нет,нет,не требуется,84 95 100,279,0,279,
156,184-713-802-85,нет,нет,не требуется,82 100 89,271,8,279,
157,204-240-605-00,нет,да,требуется,82 98 89,269,10,279,Согласие на др. конкурсе
158,205-038-898-49,нет,да,не требуется,82 98 89,269,10,279,Согласие на др. конкурсе
159,157-808-143-91,нет,нет,не требуется,82 93 94,269,10,279,
160,143-200-340-91,нет,да,не требуется,80 95 94,269,10,279,Согласие на др. конкурсе
161,157-480-282-85,нет,нет,требуется,80 93 96,269,10,279,
162,181-369-674-99,нет,да,не требуется,80 93 96,269,10,279,Согласие на др. конкурсе
163,159-955-482-39,нет,да,не требуется,78 95 96,269,10,279,Согласие на др. конкурсе
164,158-109-048-62,нет,нет,требуется,100 83 85,268,10,278,
165,160-641-848-56,нет,нет,требуется,100 83 85,268,10,278,
166,156-629-626-00,нет,да,требуется,94 95 89,278,0,278,Согласие на др. конкурсе
167,183-137-729-76,нет,нет,требуется,94 85 89,268,10,278,Согласие на др. конкурсе
168,184-350-142-56,нет,да,не требуется,94 83 91,268,10,278,Согласие на др. конкурсе
169,163-982-530-00,нет,нет,не требуется,92 90 96,278,0,278,
170,181-920-744-76,нет,нет,не требуется,92 85 98,275,3,278,
171,200-599-805-57,нет,нет,требуется,92 78 98,268,10,278,
172,167-930-909-09,нет,нет,не требуется,90 93 85,268,10,278,
173,133-261-526-24,нет,нет,требуется,90 88 91,269,9,278,
174,179-223-226-77,нет,да,не требуется,86 100 82,268,10,278,Уже зачислен на др. конкурсе
175,189-595-445-54,нет,нет,требуется,86 93 89,268,10,278,
176,176-385-576-18,нет,да,не требуется,84 90 94,268,10,278,Согласие на др. конкурсе
177,184-346-449-91,нет,да,не требуется,82 90 96,268,10,278,Согласие на др. конкурсе
178,203-435-212-07,нет,да,не требуется,82 90 96,268,10,278,Согласие на др. конкурсе
179,142-648-182-63,нет,нет,требуется,80 90 98,268,10,278,
180,146-986-691-36,нет,да,требуется,100 90 87,277,0,277,Согласие на др. конкурсе
181,163-644-581-81,нет,нет,требуется,96 90 91,277,0,277,
182,168-198-990-39,нет,нет,не требуется,92 88 87,267,10,277,
183,153-693-432-82,нет,нет,не требуется,90 90 87,267,10,277,
184,168-898-278-64,нет,да,не требуется,90 88 89,267,10,277,Согласие на др. конкурсе
185,131-481-485-40,нет,нет,требуется,88 93 96,277,0,277,
186,174-699-157-28,нет,нет,не требуется,88 90 91,269,8,277,
187,174-032-811-42,нет,нет,требуется,88 90 89,267,10,277,
188,158-992-317-28,нет,да,требуется,88 83 96,267,10,277,Согласие на др. конкурсе
189,187-622-068-95,нет,нет,требуется,88 83 96,267,10,277,
190,164-598-878-36,нет,нет,требуется,86 93 98,277,0,277,
191,178-599-554-59,нет,нет,не требуется,86 90 91,267,10,277,
192,197-379-248-39,нет,да,требуется,86 85 96,267,10,277,Согласие на др. конкурсе
193,132-543-754-43,нет,нет,"требуется, отказано",84 83 100,267,10,277,
194,163-294-959-96,нет,нет,требуется,82 95 100,277,0,277,
195,170-561-027-39,нет,да,"требуется, отказано",82 93 96,271,6,277,Согласие на др. конкурсе
196,178-339-015-96,нет,нет,требуется,82 93 92,267,10,277,
197,198-620-890-23,нет,да,не требуется,78 100 89,267,10,277,Уже зачислен на др. конкурсе
198,164-944-944-12,нет,нет,требуется,78 93 96,267,10,277,
199,194-866-059-28,нет,нет,не требуется,78 93 96,267,10,277,
200,180-266-340-55,нет,нет,требуется,76 93 98,267,10,277,
201,165-545-581-93,нет,нет,требуется,92 93 91,276,0,276,
202,184-451-838-91,нет,нет,не требуется,92 85 96,273,3,276,
203,170-831-576-66,нет,нет,не требуется,90 90 96,276,0,276,
204,178-322-092-76,нет,да,не требуется,86 95 89,270,6,276,Согласие на др. конкурсе
205,192-338-530-80,нет,да,не требуется,86 93 87,266,10,276,Согласие на др. конкурсе
206,168-065-492-94,нет,нет,требуется,86 91 89,266,10,276,
207,165-972-067-06,нет,нет,требуется,86 80 100,266,10,276,
208,160-289-736-77,нет,да,требуется,84 93 94,271,5,276,Согласие на др. конкурсе
209,180-699-576-23,нет,да,не требуется,84 93 94,271,5,276,Согласие на др. конкурсе
210,184-240-081-49,нет,нет,не требуется,84 93 89,266,10,276,
211,167-388-939-36,нет,нет,требуется,84 90 92,266,10,276,
212,175-384-554-01,нет,да,не требуется,84 88 94,266,10,276,Согласие на др. конкурсе
213,177-633-469-08,нет,да,не требуется,84 88 94,266,10,276,Согласие на др. конкурсе
214,186-564-344-10,нет,да,не требуется,84 88 94,266,10,276,Согласие на др. конкурсе
215,152-700-270-24,нет,нет,требуется,82 93 91,266,10,276,
216,155-776-855-22,нет,нет,не требуется,82 90 94,266,10,276,
217,164-799-155-24,нет,да,не требуется,82 90 94,266,10,276,
218,174-164-751-76,нет,да,требуется,78 88 100,266,10,276,Согласие на др. конкурсе
219,192-338-094-81,нет,да,требуется,100 80 85,265,10,275,Уже зачислен на др. конкурсе
220,165-163-646-71,нет,нет,требуется,100 78 87,265,10,275,
221,150-352-448-27,нет,нет,требуется,92 93 90,275,0,275,
222,199-712-254-17,нет,нет,не требуется,90 93 89,272,3,275,
223,191-680-929-02,нет,нет,требуется,90 90 85,265,10,275,
224,172-528-913-82,нет,нет,требуется,90 88 94,272,3,275,
225,159-850-505-03,нет,да,требуется,88 93 94,275,0,275,Согласие на др. конкурсе
226,178-040-114-49,нет,нет,не требуется,88 90 94,272,3,275,
227,158-453-191-87,нет,нет,не требуется,88 85 92,265,10,275,
228,198-445-487-34,нет,нет,"требуется, отказано",88 83 94,265,10,275,
229,162-204-304-11,нет,нет,требуется,86 93 96,275,0,275,
230,183-972-688-31,нет,да,не требуется,86 93 94,273,2,275,Согласие на др. конкурсе
231,199-196-932-52,нет,нет,требуется,86 90 89,265,10,275,
232,157-576-919-23,нет,да,требуется,86 88 91,265,10,275,Согласие на др. конкурсе
233,169-728-487-37,нет,нет,требуется,86 88 91,265,10,275,
234,185-388-085-17,нет,нет,не требуется,86 88 91,265,10,275,
235,186-030-145-45,нет,нет,не требуется,86 88 91,265,10,275,
236,193-987-406-40,нет,да,не требуется,86 85 94,265,10,275,Согласие на др. конкурсе
237,159-748-501-20,нет,нет,требуется,84 90 91,265,10,275,
238,187-108-745-93,нет,да,не требуется,84 90 91,265,10,275,Согласие на др. конкурсе
239,169-903-755-20,нет,нет,не требуется,84 85 96,265,10,275,
240,162-967-724-10,нет,нет,требуется,84 83 98,265,10,275,
241,170-330-048-13,нет,нет,требуется,84 83 98,265,10,275,
242,197-088-211-09,нет,нет,требуется,82 93 100,275,0,275,
243,179-367-388-35,нет,нет,требуется,82 83 100,265,10,275,
244,165-938-539-21,нет,нет,требуется,80 100 85,265,10,275,
245,147-191-231-57,нет,да,не требуется,80 85 100,265,10,275,Согласие на др. конкурсе
246,159-416-445-89,нет,да,требуется,78 100 94,272,3,275,Согласие на др. конкурсе
247,170-273-419-46,нет,нет,не требуется,78 93 94,265,10,275,
248,192-519-665-00,нет,нет,не требуется,78 93 94,265,10,275,
249,141-446-589-55,нет,да,"требуется, отказано",74 100 91,265,10,275,Согласие на др. конкурсе
250,150-343-750-29,нет,да,требуется,74 95 96,265,10,275,Согласие на др. конкурсе
251,190-624-026-52,нет,да,не требуется,74 93 98,265,10,275,Согласие на др. конкурсе
252,170-721-004-24,нет,нет,не требуется,100 80 94,274,0,274,
253,188-938-571-58,нет,нет,не требуется,90 85 96,271,3,274,
254,183-539-031-81,нет,нет,не требуется,88 90 91,269,5,274,Согласие на др. конкурсе
255,162-805-266-62,нет,нет,требуется,86 100 78,264,10,274,
256,185-170-904-79,нет,да,не требуется,84 95 85,264,10,274,Согласие на др. конкурсе
257,195-117-032-62,нет,нет,требуется,84 95 85,264,10,274,
258,207-214-756-36,нет,нет,требуется,84 95 85,264,10,274,
259,165-252-891-79,нет,нет,требуется,84 93 87,264,10,274,
260,184-310-274-47,нет,нет,не требуется,82 93 96,271,3,274,
261,186-773-248-24,нет,да,не требуется,82 88 94,264,10,274,Согласие на др. конкурсе
262,148-551-645-86,нет,нет,требуется,80 93 91,264,10,274,
263,154-329-827-75,нет,да,не требуется,80 90 94,264,10,274,Согласие на др. конкурсе
264,130-729-960-59,нет,нет,требуется,78 88 98,264,10,274,Преим. право
265,162-482-702-65,нет,нет,требуется,78 88 98,264,10,274,
266,158-056-085-74,нет,нет,требуется,76 90 98,264,10,274,
267,188-468-485-46,нет,нет,не требуется,100 70 94,264,9,273,
268,170-431-270-27,нет,нет,не требуется,96 83 91,270,3,273,
269,151-648-578-80,нет,нет,не требуется,94 83 96,273,0,273,
270,184-537-898-22,да,нет,не требуется,92 95 76,263,10,273,
271,160-391-427-46,нет,нет,требуется,92 93 88,273,0,273,
272,161-056-829-49,нет,нет,требуется,90 85 98,273,0,273,
273,132-896-129-79,нет,нет,требуется,90 75 98,263,10,273,
274,166-180-815-75,нет,нет,не требуется,88 93 89,270,3,273,
275,158-567-553-19,нет,нет,требуется,88 93 82,263,10,273,
276,159-367-176-09,нет,нет,не требуется,88 90 85,263,10,273,
277,184-339-964-11,нет,нет,не требуется,86 95 87,268,5,273,
278,169-815-705-17,нет,нет,требуется,86 95 82,263,10,273,
279,146-507-284-66,нет,нет,требуется,86 93 94,273,0,273,
280,159-925-585-30,нет,нет,требуется,86 90 94,270,3,273,
281,175-239-247-83,нет,нет,не требуется,86 88 96,270,3,273,
282,163-503-422-37,нет,нет,требуется,84 93 96,273,0,273,
283,160-148-441-35,нет,нет,требуется,84 93 86,263,10,273,
284,181-166-482-69,нет,нет,требуется,84 90 89,263,10,273,
285,147-556-620-90,нет,нет,требуется,84 88 91,263,10,273,
286,166-917-212-95,нет,нет,требуется,84 88 91,263,10,273,
287,187-508-947-24,нет,нет,не требуется,84 88 91,263,10,273,
288,195-815-157-07,нет,нет,не требуется,84 88 91,263,10,273,
289,188-966-807-66,нет,нет,требуется,82 90 91,263,10,273,
290,132-608-227-31,нет,нет,требуется,80 98 85,263,10,273,
291,160-263-341-28,нет,нет,требуется,80 95 94,269,4,273,
292,151-956-226-74,нет,да,требуется,96 88 85,269,3,272,Согласие на др. конкурсе
293,160-971-259-74,нет,нет,требуется,92 83 87,262,10,272,Согласие на др. конкурсе
294,164-889-790-46,нет,нет,требуется,90 95 87,272,0,272,
295,159-971-103-09,нет,нет,требуется,90 93 89,272,0,272,
296,181-059-167-62,нет,нет,не требуется,90 88 94,272,0,272,
297,130-162-594-13,нет,нет,не требуется,90 88 89,267,5,272,
298,165-823-621-84,нет,нет,требуется,88 95 89,272,0,272,Согласие на др. конкурсе
299,169-587-336-37,нет,нет,не требуется,88 95 89,272,0,272,Согласие на др. конкурсе
300,158-917-482-20,нет,нет,требуется,88 90 94,272,0,272,
301,190-503-420-38,нет,нет,не требуется,88 80 94,262,10,272,
302,144-218-253-36,нет,да,требуется,86 90 96,272,0,272,Согласие на др. конкурсе
303,184-318-461-80,нет,да,не требуется,86 85 91,262,10,272,Согласие на др. конкурсе
304,185-124-960-78,нет,нет,не требуется,86 85 91,262,10,272,
305,162-763-895-00,нет,нет,требуется,86 80 96,262,10,272,
306,175-437-641-93,нет,нет,требуется,84 93 85,262,10,272,
307,147-152-237-47,нет,нет,требуется,84 90 96,270,2,272,
308,188-534-963-30,нет,нет,не требуется,82 95 85,262,10,272,
309,137-863-298-02,нет,да,требуется,82 93 87,262,10,272,Согласие на др. конкурсе
310,188-529-544-30,нет,нет,не требуется,80 98 91,269,3,272,
311,182-850-378-90,нет,да,не требуется,80 95 87,262,10,272,Согласие на др. конкурсе
312,155-662-162-74,нет,нет,требуется,80 93 89,262,10,272,
313,133-092-231-19,нет,да,требуется,80 88 94,262,10,272,Согласие на др. конкурсе
314,193-166-337-83,нет,нет,не требуется,78 98 96,272,0,272,Согласие на др. конкурсе
315,169-442-007-78,нет,нет,требуется,78 95 89,262,10,272,
316,143-090-294-34,нет,нет,требуется,78 93 98,269,3,272,
317,169-360-360-88,нет,нет,требуется,78 93 91,262,10,272,
318,191-106-075-36,нет,нет,не требуется,78 93 91,262,10,272,
319,185-460-062-75,нет,нет,не требуется,78 88 96,262,10,272,
320,159-085-847-09,нет,нет,требуется,76 90 96,262,10,272,
321,166-094-858-00,нет,нет,требуется,96 85 80,261,10,271,Согласие на др. конкурсе
322,166-264-867-99,нет,нет,не требуется,92 88 91,271,0,271,
323,184-826-958-26,нет,нет,не требуется,92 83 96,271,0,271,
324,185-094-592-02,нет,нет,не требуется,90 90 91,271,0,271,
325,189-034-832-98,нет,нет,не требуется,90 80 91,261,10,271,
326,206-157-995-68,нет,нет,требуется,88 95 78,261,10,271,
327,201-832-901-23,нет,нет,не требуется,88 90 85,263,8,271,
328,169-479-467-44,да,да,не требуется,88 88 85,261,10,271,Рассматривается к зачислению
329,170-772-797-95,нет,нет,требуется,86 93 82,261,10,271,
330,185-388-209-11,нет,нет,не требуется,86 90 85,261,10,271,
331,136-853-441-80,нет,нет,требуется,86 88 87,261,10,271,
332,157-341-755-75,нет,да,требуется,86 88 87,261,10,271,Согласие на др. конкурсе
333,159-942-477-25,нет,нет,требуется,86 88 87,261,10,271,
334,171-572-015-51,нет,нет,не требуется,84 95 82,261,10,271,
335,188-119-419-98,нет,да,не требуется,84 95 82,261,10,271,
336,150-397-279-68,нет,нет,требуется,84 93 94,271,0,271,
337,161-924-408-63,нет,нет,требуется,84 93 94,271,0,271,
338,166-531-644-77,нет,нет,требуется,84 93 91,268,3,271,
339,163-774-868-13,нет,нет,требуется,84 93 84,261,10,271,
340,167-099-164-04,нет,нет,не требуется,84 90 89,263,8,271,
341,162-588-214-84,нет,нет,требуется,84 90 87,261,10,271,Согласие на др. конкурсе
342,184-596-909-34,нет,нет,не требуется,84 88 89,261,10,271,
343,167-729-957-36,нет,нет,требуется,84 83 94,261,10,271,
344,167-329-667-05,нет,нет,требуется,82 93 96,271,0,271,
345,184-917-398-21,нет,нет,не требуется,82 90 89,261,10,271,
346,159-529-789-32,нет,нет,требуется,82 88 91,261,10,271,
347,178-059-090-99,нет,да,не требуется,82 85 94,261,10,271,
348,165-429-941-97,нет,нет,требуется,82 83 96,261,10,271,
349,172-435-271-58,нет,да,требуется,80 93 98,271,0,271,
350,158-911-302-78,нет,да,требуется,80 90 96,266,5,271,Согласие на др. конкурсе
351,194-139-774-03,нет,нет,требуется,80 90 91,261,10,271,
352,144-058-828-61,нет,нет,не требуется,80 85 96,261,10,271,Преим. право
353,170-330-035-08,нет,нет,требуется,80 85 96,261,10,271,
354,170-978-814-14,нет,нет,не требуется,80 85 96,261,10,271,
355,164-903-528-77,нет,нет,требуется,78 95 98,271,0,271,
356,147-282-565-81,нет,нет,не требуется,74 93 94,261,10,271,
357,180-820-748-67,нет,да,требуется,92 88 87,267,3,270,Согласие на др. конкурсе
358,147-971-020-86,нет,нет,требуется,88 95 84,267,3,270,
359,166-975-563-36,нет,нет,требуется,88 85 87,260,10,270,
360,165-483-167-89,нет,да,требуется,86 98 76,260,10,270,Согласие на др. конкурсе
361,153-234-382-39,нет,нет,требуется,86 93 91,270,0,270,
362,143-861-947-85,нет,нет,требуется,86 90 94,270,0,270,
363,167-016-457-63,нет,да,не требуется,86 90 94,270,0,270,
364,179-297-356-36,нет,нет,не требуется,86 80 94,260,10,270,
365,161-650-907-58,нет,нет,требуется,84 100 76,260,10,270,
366,162-162-271-35,нет,нет,требуется,84 90 96,270,0,270,
367,166-316-077-66,нет,нет,не требуется,84 80 96,260,10,270,
368,203-421-164-96,нет,нет,требуется,82 93 85,260,10,270,
369,163-451-557-62,нет,нет,требуется,80 98 89,267,3,270,
370,157-257-881-02,нет,нет,не требуется,78 95 87,260,10,270,
371,158-421-782-81,нет,да,требуется,78 93 89,260,10,270,Согласие на др. конкурсе
372,160-122-577-16,нет,да,требуется,76 93 91,260,10,270,
373,166-200-914-43,нет,нет,требуется,76 93 91,260,10,270,
374,166-175-300-68,нет,нет,требуется,76 90 94,260,10,270,
375,166-469-949-31,нет,да,требуется,76 90 94,260,10,270,Согласие на др. конкурсе
376,173-036-992-71,нет,да,не требуется,76 90 94,260,10,270,Согласие на др. конкурсе
377,149-932-563-09,нет,нет,требуется,76 88 96,260,10,270,
378,172-371-055-50,нет,да,требуется,76 88 96,260,10,270,
379,175-783-761-26,нет,нет,требуется,76 88 96,260,10,270,
380,158-715-116-82,нет,нет,требуется,72 90 98,260,10,270,
381,160-688-201-71,нет,нет,требуется,72 90 98,260,10,270,
382,143-129-372-38,нет,нет,требуется,94 95 80,269,0,269,
383,185-547-650-12,нет,нет,не требуется,94 93 82,269,0,269,
384,160-562-093-45,нет,нет,требуется,92 88 89,269,0,269,
385,179-735-851-38,нет,нет,не требуется,90 90 89,269,0,269,
386,171-750-424-58,нет,нет,не требуется,90 88 91,269,0,269,
387,181-021-613-16,нет,да,не требуется,88 80 91,259,10,269,Согласие на др. конкурсе
388,202-126-267-97,нет,нет,требуется,86 98 85,269,0,269,
389,184-431-693-82,нет,нет,не требуется,84 98 87,269,0,269,
390,198-075-974-35,нет,нет,не требуется,84 95 85,264,5,269,
391,176-653-155-97,да,нет,не требуется,84 93 82,259,10,269,
392,184-305-672-72,нет,да,не требуется,84 93 82,259,10,269,Согласие на др. конкурсе
393,205-331-261-08,нет,нет,не требуется,84 93 82,259,10,269,
394,190-577-547-02,нет,нет,требуется,84 88 87,259,10,269,
395,166-519-448-97,нет,нет,требуется,82 88 89,259,10,269,
396,159-758-205-20,нет,нет,требуется,80 95 91,266,3,269,
397,159-685-385-36,нет,нет,требуется,80 90 96,266,3,269,
398,161-383-745-67,нет,нет,не требуется,80 90 89,259,10,269,
399,165-446-377-89,нет,нет,требуется,80 90 89,259,10,269,
400,185-110-908-53,нет,да,не требуется,80 90 89,259,10,269,Согласие на др. конкурсе
401,202-356-743-30,нет,нет,требуется,80 88 91,259,10,269,
402,175-039-694-90,нет,да,не требуется,78 95 91,264,5,269,Согласие на др. конкурсе
403,158-720-779-00,нет,нет,требуется,78 90 91,259,10,269,
404,189-815-312-20,нет,нет,не требуется,78 90 91,259,10,269,
405,160-056-621-28,нет,да,не требуется,78 85 96,259,10,269,Согласие на др. конкурсе
406,196-371-652-08,нет,нет,не требуется,100 98 70,268,0,268,
407,161-923-285-66,нет,нет,"требуется, отказано",96 90 82,268,0,268,
408,165-594-385-11,нет,нет,требуется,96 85 87,268,0,268,
409,204-058-176-25,нет,нет,требуется,90 85 91,266,2,268,
410,186-436-157-97,нет,нет,не требуется,88 95 85,268,0,268,
411,165-567-882-20,нет,нет,требуется,88 93 87,268,0,268,
412,188-534-962-29,нет,нет,не требуется,88 93 87,268,0,268,
413,157-043-929-69,нет,нет,требуется,88 90 90,268,0,268,
414,160-121-647-09,нет,нет,требуется,88 90 87,265,3,268,
415,201-344-010-81,нет,нет,требуется,88 85 85,258,10,268,
416,205-664-086-56,нет,нет,"требуется, отказано",88 72 98,258,10,268,
417,200-638-503-18,нет,да,не требуется,86 88 94,268,0,268,Согласие на др. конкурсе
418,153-166-866-71,нет,нет,"требуется, отказано",86 83 89,258,10,268,
419,190-626-215-63,нет,да,"требуется, отказано",86 72 100,258,10,268,Согласие на др. конкурсе
420,189-270-183-03,нет,нет,не требуется,84 98 76,258,10,268,
421,181-279-808-94,нет,нет,не требуется,84 93 91,268,0,268,
422,164-298-099-00,да,нет,требуется,84 90 91,265,3,268,
423,182-409-335-66,нет,да,требуется,84 85 89,258,10,268,
424,167-392-289-06,нет,нет,не требуется,84 83 91,258,10,268,
425,195-404-874-97,нет,нет,требуется,84 83 91,258,10,268,
426,203-823-924-43,нет,нет,не требуется,82 90 96,268,0,268,
427,197-197-339-31,нет,нет,"требуется, отказано",82 88 98,268,0,268,
428,199-649-229-53,нет,нет,не требуется,82 88 98,268,0,268,
429,171-245-097-48,нет,нет,требуется,82 85 91,258,10,268,
430,169-594-745-43,нет,нет,требуется,80 93 85,258,10,268,Согласие на др. конкурсе
431,159-416-614-88,нет,нет,требуется,80 90 98,268,0,268,
432,183-968-864-48,нет,да,не требуется,80 88 94,262,6,268,Согласие на др. конкурсе
433,164-115-536-42,нет,нет,требуется,80 80 98,258,10,268,
434,151-530-278-28,нет,нет,требуется,78 93 87,258,10,268,
435,176-437-136-88,нет,нет,не требуется,78 93 87,258,10,268,
436,203-441-012-91,нет,да,не требуется,78 93 87,258,10,268,Согласие на др. конкурсе
437,163-175-560-65,нет,нет,требуется,76 100 82,258,10,268,Согласие на др. конкурсе
438,189-099-151-29,нет,нет,не требуется,76 88 94,258,10,268,
439,166-215-839-74,нет,нет,требуется,74 90 94,258,10,268,
440,182-748-782-18,да,да,не требуется,74 90 94,258,10,268,Рассматривается к зачислению
441,204-086-109-21,нет,да,требуется,74 90 94,258,10,268,Согласие на др. конкурсе
442,169-654-528-22,нет,нет,требуется,74 88 96,258,10,268,
443,161-591-643-71,нет,нет,требуется,72 88 98,258,10,268,Согласие на др. конкурсе
444,158-927-645-26,нет,нет,требуется,70 90 98,258,10,268,
445,204-792-748-77,нет,нет,не требуется,100 88 76,264,3,267,
446,165-352-614-66,нет,нет,"требуется, отказано",100 75 82,257,10,267,
447,160-191-685-50,нет,нет,требуется,90 90 87,267,0,267,
448,163-405-533-45,нет,нет,требуется,90 85 82,257,10,267,
449,185-016-980-79,нет,нет,не требуется,90 80 94,264,3,267,
450,157-935-364-10,нет,нет,требуется,88 90 89,267,0,267,
451,194-514-855-98,нет,нет,требуется,88 85 94,267,0,267,
452,160-562-056-40,нет,нет,требуется,88 83 96,267,0,267,
453,156-617-995-08,нет,нет,требуется,88 80 89,257,10,267,
454,189-250-410-86,нет,нет,не требуется,86 93 78,257,10,267,
455,189-907-174-37,нет,нет,требуется,86 93 78,257,10,267,
456,164-575-889-17,нет,нет,требуется,86 88 91,265,2,267,
457,182-572-495-94,нет,нет,требуется,86 85 96,267,0,267,
458,152-041-571-16,нет,нет,требуется,86 80 91,257,10,267,
459,150-078-079-38,нет,нет,требуется,84 88 85,257,10,267,
460,136-256-302-46,нет,нет,не требуется,82 90 85,257,10,267,
461,168-470-572-01,нет,нет,требуется,82 90 85,257,10,267,
462,167-145-201-58,нет,нет,не требуется,82 88 94,264,3,267,
463,189-175-635-24,нет,да,не требуется,82 88 87,257,10,267,
464,164-770-293-88,нет,да,не требуется,80 93 94,267,0,267,
465,204-535-269-37,нет,да,не требуется,80 93 91,264,3,267,
466,161-075-982-63,нет,да,требуется,80 90 94,264,3,267,Согласие на др. конкурсе
467,178-656-778-47,нет,нет,требуется,80 90 87,257,10,267,
468,182-894-706-21,нет,нет,требуется,80 90 87,257,10,267,
469,156-167-100-57,нет,нет,требуется,80 88 89,257,10,267,Согласие на др. конкурсе
470,159-221-920-68,нет,нет,требуется,80 88 89,257,10,267,
471,171-799-236-11,нет,да,не требуется,80 88 89,257,10,267,Согласие на др. конкурсе
472,186-188-537-19,нет,да,не требуется,80 88 89,257,10,267,Согласие на др. конкурсе
473,195-418-073-93,нет,нет,требуется,80 83 94,257,10,267,Согласие на др. конкурсе
474,168-871-299-31,нет,да,не требуется,78 95 94,267,0,267,Согласие на др. конкурсе
475,204-752-932-55,нет,нет,требуется,78 95 94,267,0,267,
476,169-579-316-36,нет,да,не требуется,78 90 96,264,3,267,
477,185-002-008-23,нет,нет,не требуется,78 90 96,264,3,267,
478,165-132-197-48,нет,нет,не требуется,78 90 89,257,10,267,
479,175-420-077-54,нет,нет,требуется,78 90 89,257,10,267,
480,181-470-511-56,нет,нет,не требуется,78 88 91,257,10,267,
481,158-759-799-54,нет,да,требуется,78 85 94,257,10,267,
482,150-154-060-07,нет,нет,требуется,78 83 96,257,10,267,
483,153-396-378-87,нет,нет,требуется,78 83 96,257,10,267,
484,190-711-563-61,нет,нет,не требуется,78 83 96,257,10,267,
485,202-493-420-28,нет,нет,требуется,78 83 96,257,10,267,
486,148-560-377-86,нет,нет,требуется,76 90 91,257,10,267,
487,191-292-212-62,да,да,не требуется,76 90 91,257,10,267,Рассматривается к зачислению
488,163-845-628-95,нет,нет,требуется,76 85 96,257,10,267,
489,186-319-095-96,нет,нет,не требуется,96 72 98,266,0,266,
490,174-325-351-60,нет,нет,не требуется,92 95 76,263,3,266,
491,202-317-356-07,нет,нет,не требуется,92 95 76,263,3,266,
492,170-030-059-99,нет,нет,требуется,90 85 91,266,0,266,
493,191-693-797-25,нет,нет,требуется,88 93 82,263,3,266,
494,172-262-054-42,нет,нет,не требуется,88 90 78,256,10,266,
495,202-762-073-28,нет,да,требуется,86 90 87,263,3,266,Согласие на др. конкурсе
496,187-419-019-97,нет,нет,не требуется,86 88 87,261,5,266,
497,200-880-923-39,нет,нет,не требуется,86 88 87,261,5,266,
498,150-030-569-00,нет,нет,требуется,86 88 82,256,10,266,Согласие на др. конкурсе
499,176-307-505-72,нет,нет,не требуется,86 72 98,256,10,266,
500,169-567-995-56,нет,нет,"требуется, отказано",84 93 89,266,0,266,
501,160-202-336-98,нет,нет,требуется,84 90 82,256,10,266,
502,165-479-466-15,нет,нет,требуется,84 88 91,263,3,266,
503,162-250-996-58,нет,нет,не требуется,84 85 87,256,10,266,
504,187-942-885-47,нет,нет,не требуется,84 85 87,256,10,266,
505,169-319-217-93,нет,да,не требуется,84 83 94,261,5,266,Согласие на др. конкурсе
506,155-098-500-75,нет,нет,требуется,84 83 89,256,10,266,Согласие на др. конкурсе
507,166-173-381-77,нет,нет,требуется,84 83 89,256,10,266,
508,179-767-279-55,нет,да,не требуется,84 83 89,256,10,266,Согласие на др. конкурсе
509,172-158-017-50,нет,нет,требуется,84 78 94,256,10,266,
510,165-046-799-83,нет,нет,не требуется,82 88 96,266,0,266,
511,185-716-730-04,нет,нет,не требуется,82 88 96,266,0,266,
512,189-073-355-05,нет,да,не требуется,80 95 91,266,0,266,Согласие на др. конкурсе
513,203-352-671-22,нет,нет,требуется,80 88 98,266,0,266,
514,170-239-892-71,нет,нет,не требуется,80 80 96,256,10,266,
515,190-580-113-58,нет,нет,"требуется, отказано",78 100 85,263,3,266,
516,188-273-115-97,нет,нет,требуется,78 93 85,256,10,266,
517,148-383-565-98,нет,нет,требуется,78 88 100,266,0,266,
518,169-483-657-29,нет,нет,требуется,78 80 98,256,10,266,
519,184-642-077-85,нет,нет,не требуется,74 100 82,256,10,266,
520,131-909-078-51,нет,да,требуется,72 95 89,256,10,266,Согласие на др. конкурсе
,,,,,,,,,Преим. право
521,173-369-081-86,нет,да,требуется,72 95 89,256,10,266,Согласие на др. конкурсе
522,176-359-509-08,нет,нет,не требуется,92 93 80,265,0,265,
523,164-692-048-89,нет,нет,требуется,92 83 90,265,0,265,
524,158-416-493-90,нет,нет,требуется,90 93 82,265,0,265,
525,151-307-523-23,нет,нет,требуется,90 90 85,265,0,265,
526,165-612-690-76,нет,нет,требуется,90 80 85,255,10,265,
527,159-797-414-43,нет,нет,требуется,88 95 82,265,0,265,
528,196-952-616-34,нет,нет,не требуется,88 90 87,265,0,265,
529,173-498-631-10,нет,нет,не требуется,88 85 89,262,3,265,
530,147-082-793-79,нет,нет,не требуется,88 80 87,255,10,265,
531,165-272-181-66,нет,нет,не требуется,88 80 87,255,10,265,
532,183-587-602-10,да,да,не требуется,86 90 89,265,0,265,Рассматривается к зачислению
533,165-536-768-00,да,да,требуется,86 88 91,265,0,265,Рассматривается к зачислению
534,179-068-367-16,нет,нет,не требуется,86 88 91,265,0,265,
535,182-760-788-02,нет,нет,не требуется,86 88 91,265,0,265,
536,189-717-290-33,нет,нет,требуется,86 88 91,265,0,265,
537,190-696-078-06,нет,нет,не требуется,86 75 94,255,10,265,
538,184-487-252-09,нет,нет,не требуется,84 85 96,265,0,265,
539,169-588-701-42,нет,нет,требуется,84 75 96,255,10,265,
540,154-654-194-78,нет,нет,требуется,82 95 78,255,10,265,
541,171-259-973-88,нет,да,не требуется,82 88 85,255,10,265,
542,161-103-684-19,нет,нет,требуется,82 85 88,255,10,265,
543,201-532-642-05,нет,нет,требуется,80 95 80,255,10,265,
544,186-274-611-98,нет,нет,не требуется,80 93 82,255,10,265,
545,196-125-616-84,нет,нет,требуется,80 93 82,255,10,265,
546,178-902-486-15,нет,нет,не требуется,80 90 85,255,10,265,
547,180-792-939-08,нет,нет,требуется,80 90 85,255,10,265,
548,186-548-342-14,нет,нет,не требуется,80 88 87,255,10,265,
549,184-301-589-62,нет,нет,не требуется,78 98 89,265,0,265,
550,153-532-448-50,нет,нет,требуется,78 93 94,265,0,265,
551,152-725-623-59,нет,нет,не требуется,76 100 89,265,0,265,
552,159-596-297-40,нет,нет,требуется,76 95 94,265,0,265,
553,166-181-381-74,нет,нет,требуется,76 85 94,255,10,265,
554,178-548-204-11,нет,да,не требуется,74 85 96,255,10,265,Согласие на др. конкурсе
555,187-569-418-38,нет,нет,требуется,74 85 96,255,10,265,
556,188-227-004-82,нет,нет,требуется,92 83 89,264,0,264,
557,166-817-801-03,нет,нет,не требуется,88 91 85,264,0,264,
558,134-183-146-35,нет,нет,не требуется,86 93 85,264,0,264,
559,157-827-425-03,нет,нет,не требуется,86 90 78,254,10,264,
560,190-154-990-72,нет,да,не требуется,86 78 91,255,9,264,Согласие на др. конкурсе
561,159-324-945-95,нет,нет,не требуется,84 95 85,264,0,264,
562,164-514-907-69,нет,нет,не требуется,84 90 87,261,3,264,
563,157-257-557-94,нет,нет,требуется,84 90 80,254,10,264,
564,190-603-692-66,нет,нет,не требуется,84 90 80,254,10,264,
565,178-310-334-62,нет,нет,требуется,84 88 82,254,10,264,
566,182-822-393-82,нет,нет,требуется,84 85 85,254,10,264,Преим. право
567,190-249-714-75,нет,нет,не требуется,82 93 89,264,0,264,
568,165-545-026-71,нет,нет,не требуется,82 90 87,259,5,264,
569,164-487-239-97,нет,да,не требуется,82 90 82,254,10,264,Согласие на др. конкурсе
570,188-421-851-00,нет,нет,не требуется,82 90 82,254,10,264,
571,178-515-982-19,нет,нет,требуется,82 88 94,264,0,264,
572,179-090-832-03,нет,нет,"требуется, отказано",82 85 87,254,10,264,
573,185-495-453-20,нет,нет,не требуется,82 85 87,254,10,264,
574,192-341-319-56,нет,нет,не требуется,82 85 87,254,10,264,
575,165-253-451-63,нет,нет,требуется,82 83 89,254,10,264,
576,177-440-876-00,нет,нет,требуется,80 90 94,264,0,264,
577,189-178-817-40,нет,нет,не требуется,80 90 94,264,0,264,
578,190-889-542-28,нет,нет,не требуется,80 90 91,261,3,264,
579,160-300-534-00,нет,нет,требуется,80 88 96,264,0,264,
580,186-951-499-35,да,да,"требуется, отказано",80 88 96,264,0,264,Рассматривается к зачислению
581,139-323-391-63,нет,нет,требуется,80 85 89,254,10,264,Преим. право
582,182-453-644-77,нет,нет,не требуется,80 85 89,254,10,264,
583,147-762-527-95,нет,нет,не требуется,80 83 91,254,10,264,
584,187-579-027-32,нет,нет,не требуется,80 80 94,254,10,264,
585,160-596-336-76,нет,нет,требуется,78 85 91,254,10,264,
586,170-209-615-37,нет,нет,требуется,78 85 91,254,10,264,
587,155-619-474-90,нет,нет,требуется,78 80 96,254,10,264,
588,174-367-219-85,нет,да,требуется,78 78 98,254,10,264,Согласие на др. конкурсе
589,190-616-223-58,нет,нет,не требуется,78 78 98,254,10,264,
590,166-457-441-96,нет,нет,требуется,74 95 85,254,10,264,
591,198-539-061-29,нет,нет,не требуется,74 95 85,254,10,264,
592,158-760-683-12,нет,нет,требуется,74 93 87,254,10,264,
593,206-830-488-58,нет,нет,требуется,74 93 87,254,10,264,
594,161-782-894-99,нет,нет,требуется,88 88 87,263,0,263,
595,182-030-073-18,нет,нет,не требуется,88 84 91,263,0,263,
596,166-926-757-23,нет,нет,не требуется,88 83 82,253,10,263,
597,165-249-837-96,нет,нет,не требуется,88 78 87,253,10,263,
598,163-929-356-01,нет,нет,требуется,86 90 87,263,0,263,
599,177-492-426-11,нет,нет,не требуется,86 90 87,263,0,263,
600,162-092-485-56,нет,нет,не требуется,86 88 89,263,0,263,Преим. право
601,188-139-943-22,нет,нет,не требуется,86 88 89,263,0,263,
602,160-130-982-22,нет,нет,требуется,86 88 87,261,2,263,
603,169-939-820-51,нет,нет,не требуется,84 88 91,263,0,263,
604,170-610-203-14,нет,нет,не требуется,84 88 91,263,0,263,
605,180-650-409-54,нет,нет,не требуется,84 85 94,263,0,263,
606,168-773-655-33,нет,нет,требуется,84 85 91,260,3,263,
607,174-302-859-61,нет,нет,требуется,84 78 91,253,10,263,
608,166-188-491-06,нет,нет,не требуется,82 93 88,263,0,263,
609,168-293-171-99,нет,нет,не требуется,82 85 96,263,0,263,
610,159-578-007-14,нет,нет,требуется,82 80 91,253,10,263,
611,185-816-339-07,нет,да,не требуется,80 93 80,253,10,263,Согласие на др. конкурсе
612,170-722-031-31,нет,нет,не требуется,80 90 91,261,2,263,
613,183-602-883-80,нет,да,не требуется,80 90 85,255,8,263,Согласие на др. конкурсе
614,157-531-700-67,нет,нет,требуется,80 85 88,253,10,263,Согласие на др. конкурсе
615,190-835-258-87,нет,нет,не требуется,80 83 100,263,0,263,
616,171-189-366-80,нет,нет,не требуется,78 90 85,253,10,263,
617,166-334-732-76,нет,нет,требуется,76 93 94,263,0,263,
618,170-241-412-16,нет,нет,не требуется,76 93 94,263,0,263,
619,178-131-567-79,нет,нет,требуется,76 93 94,263,0,263,
620,143-993-836-07,да,да,"требуется, отказано",76 88 91,255,8,263,Рассматривается к зачислению
621,142-811-367-39,нет,нет,требуется,76 88 89,253,10,263,
622,166-358-275-98,нет,нет,требуется,76 88 89,253,10,263,
623,163-309-328-52,нет,нет,требуется,76 83 94,253,10,263,
624,187-246-176-00,нет,нет,не требуется,76 83 94,253,10,263,
625,199-665-447-55,нет,да,не требуется,72 90 91,253,10,263,Согласие на др. конкурсе
626,192-319-519-79,нет,нет,не требуется,92 85 85,262,0,262,
627,166-209-113-54,нет,нет,требуется,90 90 82,262,0,262,
628,167-398-415-18,нет,нет,требуется,90 85 87,262,0,262,
629,175-182-668-91,нет,нет,требуется,90 83 89,262,0,262,
630,157-315-812-68,нет,нет,требуется,88 85 89,262,0,262,
631,160-330-301-00,нет,нет,требуется,86 95 78,259,3,262,
632,198-544-040-09,нет,да,"требуется, отказано",86 93 78,257,5,262,Согласие на др. конкурсе
633,171-840-909-75,нет,да,требуется,86 88 78,252,10,262,Уже зачислен на др. конкурсе
,,,,,,,,,Преим. право
634,142-504-788-45,нет,нет,не требуется,86 85 91,262,0,262,
635,149-672-498-19,нет,нет,требуется,86 85 91,262,0,262,Согласие на др. конкурсе
636,151-711-390-33,нет,нет,не требуется,86 85 91,262,0,262,
637,159-892-584-46,нет,нет,требуется,84 93 85,262,0,262,
638,141-821-476-41,нет,нет,не требуется,84 84 94,262,0,262,Согласие на др. конкурсе
639,184-973-434-22,нет,нет,требуется,82 90 82,254,8,262,
640,175-648-609-13,нет,нет,не требуется,82 88 82,252,10,262,
641,151-653-622-52,нет,нет,требуется,82 85 85,252,10,262,
642,202-296-145-28,нет,нет,требуется,82 85 85,252,10,262,
643,187-299-119-27,нет,нет,не требуется,80 93 89,262,0,262,
644,190-485-487-99,нет,нет,не требуется,80 93 89,262,0,262,
645,200-709-833-28,нет,нет,не требуется,80 93 89,262,0,262,
646,160-915-618-63,нет,нет,требуется,80 90 82,252,10,262,
647,188-363-970-28,нет,да,не требуется,80 85 87,252,10,262,Согласие на др. конкурсе
648,191-435-398-81,нет,нет,не требуется,80 83 89,252,10,262,
649,163-205-859-52,нет,нет,требуется,80 80 92,252,10,262,
650,191-828-478-10,да,да,требуется,78 95 89,262,0,262,Рассматривается к зачислению
651,162-931-827-78,нет,нет,не требуется,78 93 91,262,0,262,
652,166-441-083-65,нет,да,не требуется,78 85 96,259,3,262,Согласие на др. конкурсе
653,153-157-476-60,нет,нет,не требуется,78 85 91,254,8,262,
654,164-062-735-54,нет,нет,требуется,78 83 91,252,10,262,
655,175-671-192-97,нет,нет,не требуется,78 83 91,252,10,262,
656,161-866-565-97,нет,да,требуется,76 80 96,252,10,262,Согласие на др. конкурсе
657,168-751-483-13,нет,нет,требуется,76 80 96,252,10,262,
658,151-540-339-29,нет,нет,требуется,96 85 80,261,0,261,
659,203-145-915-18,нет,нет,не требуется,92 90 76,258,3,261,
660,186-260-423-75,нет,нет,не требуется,90 90 78,258,3,261,
661,189-839-529-61,нет,да,"требуется, отказано",88 95 78,261,0,261,Согласие на др. конкурсе
662,179-832-961-37,нет,да,не требуется,88 85 78,251,10,261,Согласие на др. конкурсе
663,185-676-745-35,нет,нет,требуется,88 85 78,251,10,261,
664,158-750-059-90,нет,нет,требуется,88 78 85,251,10,261,
665,178-465-397-27,нет,нет,требуется,88 75 98,261,0,261,
666,184-835-565-14,нет,нет,требуется,86 88 87,261,0,261,Согласие на др. конкурсе
667,169-654-499-34,нет,нет,требуется,86 85 80,251,10,261,
668,190-942-242-78,нет,нет,не требуется,86 83 89,258,3,261,
669,152-354-435-44,нет,да,не требуется,84 88 89,261,0,261,Уже зачислен на др. конкурсе
670,159-806-019-94,нет,нет,требуется,84 88 89,261,0,261,
671,176-085-288-96,нет,нет,не требуется,84 85 89,258,3,261,
672,186-598-330-35,нет,нет,не требуется,84 85 82,251,10,261,
673,180-813-754-72,нет,нет,не требуется,84 83 91,258,3,261,
674,195-804-561-06,нет,нет,не требуется,82 93 76,251,10,261,
675,187-692-291-34,нет,нет,не требуется,82 90 89,261,0,261,
676,159-057-295-93,нет,нет,требуется,82 88 91,261,0,261,
677,176-290-147-81,нет,да,не требуется,82 85 94,261,0,261,Согласие на др. конкурсе
678,145-025-952-44,нет,нет,не требуется,82 80 89,251,10,261,
679,162-605-254-46,нет,нет,не требуется,82 78 91,251,10,261,
680,188-239-302-01,нет,нет,не требуется,80 85 96,261,0,261,
681,201-179-619-30,нет,нет,не требуется,80 85 96,261,0,261,
682,168-319-139-89,нет,нет,не требуется,80 80 91,251,10,261,
683,160-936-991-95,нет,да,требуется,78 98 85,261,0,261,Согласие на др. конкурсе
684,187-530-510-83,нет,нет,не требуется,78 93 87,258,3,261,
685,159-955-481-38,нет,да,требуется,76 93 82,251,10,261,Согласие на др. конкурсе
686,157-755-710-06,нет,нет,требуется,76 90 85,251,10,261,
687,166-203-983-68,нет,нет,не требуется,76 88 94,258,3,261,
688,170-283-362-51,нет,нет,требуется,76 88 94,258,3,261,
689,152-900-746-51,нет,нет,требуется,76 88 87,251,10,261,
690,184-318-425-76,нет,да,не требуется,72 90 89,251,10,261,Согласие на др. конкурсе
691,146-233-543-47,нет,да,не требуется,72 85 94,251,10,261,Согласие на др. конкурсе
692,164-575-022-75,нет,нет,требуется,72 85 94,251,10,261,
693,164-883-289-14,нет,нет,не требуется,72 85 94,251,10,261,Согласие на др. конкурсе
694,200-749-044-27,нет,нет,не требуется,72 83 96,251,10,261,
695,145-318-496-66,нет,да,требуется,70 83 98,251,10,261,Согласие на др. конкурсе
696,187-397-594-48,нет,нет,не требуется,70 83 98,251,10,261,
697,200-779-460-54,нет,нет,требуется,90 90 80,260,0,260,
698,170-210-708-10,нет,нет,требуется,88 80 82,250,10,260,
699,181-238-262-58,нет,нет,не требуется,86 85 89,260,0,260,
700,200-527-057-02,нет,нет,не требуется,86 80 94,260,0,260,
701,204-685-650-69,нет,да,не требуется,84 88 88,260,0,260,
702,175-733-435-91,нет,нет,"требуется, отказано",84 85 91,260,0,260,
703,202-042-576-95,нет,нет,требуется,84 80 96,260,0,260,
704,195-772-825-32,нет,нет,требуется,84 78 98,260,0,260,
705,184-624-508-85,нет,да,не требуется,84 72 94,250,10,260,Согласие на др. конкурсе
706,203-685-408-54,нет,нет,не требуется,82 95 80,257,3,260,
707,157-122-308-38,нет,нет,требуется,82 90 88,260,0,260,
708,168-576-673-35,нет,нет,требуется,82 88 87,257,3,260,
709,207-374-819-70,нет,нет,требуется,82 85 85,252,8,260,
710,186-834-891-35,нет,нет,"требуется, отказано",82 78 98,258,2,260,
711,157-460-728-84,нет,нет,требуется,80 93 87,260,0,260,
712,202-131-997-08,нет,нет,не требуется,80 93 82,255,5,260,
713,152-692-991-97,нет,нет,требуется,80 91 89,260,0,260,
714,169-118-365-88,нет,да,не требуется,80 90 90,260,0,260,Согласие на др. конкурсе
715,177-594-368-32,нет,нет,не требуется,80 88 87,255,5,260,
716,196-113-771-81,нет,нет,не требуется,80 88 82,250,10,260,
717,173-768-408-08,нет,нет,"требуется, отказано",80 85 85,250,10,260,
718,156-997-376-45,нет,нет,требуется,80 83 87,250,10,260,
719,201-924-186-29,нет,нет,не требуется,80 83 87,250,10,260,
720,133-134-080-06,нет,нет,требуется,78 95 87,260,0,260,Преим. право
721,188-786-276-59,нет,нет,не требуется,78 95 87,260,0,260,
722,169-009-809-88,нет,нет,требуется,78 93 89,260,0,260,
723,201-123-235-70,нет,нет,требуется,78 90 82,250,10,260,
724,143-575-061-59,нет,нет,требуется,78 88 94,260,0,260,
725,173-502-331-39,нет,нет,не требуется,78 85 94,257,3,260,
726,164-564-142-73,нет,нет,требуется,78 85 87,250,10,260,
727,190-791-376-00,нет,нет,требуется,78 85 87,250,10,260,
728,201-725-604-18,нет,нет,"требуется, отказано",78 83 89,250,10,260,
729,160-578-790-92,нет,да,не требуется,78 78 94,250,10,260,Согласие на др. конкурсе
730,175-755-832-17,нет,нет,требуется,78 78 94,250,10,260,
731,170-391-684-69,нет,нет,требуется,76 88 96,260,0,260,
732,199-602-730-13,нет,нет,требуется,76 88 96,260,0,260,
733,193-382-321-81,нет,нет,не требуется,76 85 96,257,3,260,
734,197-503-891-13,нет,нет,требуется,76 85 89,250,10,260,
735,166-024-461-49,нет,нет,"требуется, отказано",76 83 91,250,10,260,
736,171-128-528-46,нет,нет,требуется,76 83 91,250,10,260,
737,178-415-567-02,нет,да,не требуется,74 90 91,255,5,260,Согласие на др. конкурсе
738,181-233-619-47,нет,нет,требуется,74 85 91,250,10,260,
739,204-768-088-73,нет,да,не требуется,74 85 91,250,10,260,Согласие на др. конкурсе
740,152-932-658-75,нет,нет,не требуется,100 80 69,249,10,259,
741,170-870-940-82,нет,нет,требуется,90 78 91,259,0,259,
742,178-987-876-85,нет,нет,не требуется,88 95 76,259,0,259,
743,142-946-358-79,нет,нет,не требуется,88 80 91,259,0,259,
744,186-527-454-07,нет,нет,"требуется, отказано",88 70 91,249,10,259,
745,171-713-783-70,нет,нет,требуется,84 85 80,249,10,259,
746,196-688-596-68,нет,нет,требуется,84 78 89,251,8,259,
747,185-277-460-05,нет,нет,"требуется, отказано",84 78 87,249,10,259,
748,159-292-570-04,нет,нет,требуется,82 90 87,259,0,259,
749,169-475-163-15,нет,да,не требуется,82 90 87,259,0,259,Согласие на др. конкурсе
750,137-383-197-79,нет,нет,не требуется,82 83 94,259,0,259,
751,161-399-582-95,нет,нет,требуется,80 90 89,259,0,259,
752,186-675-429-29,нет,нет,не требуется,80 90 89,259,0,259,
753,195-699-153-47,нет,нет,не требуется,80 85 89,254,5,259,
754,146-156-329-59,нет,нет,требуется,80 80 89,249,10,259,Преим. право
755,178-102-270-54,нет,нет,не требуется,80 80 89,249,10,259,
756,190-357-212-61,нет,да,не требуется,80 80 89,249,10,259,Согласие на др. конкурсе
757,187-372-658-17,нет,нет,требуется,80 75 94,249,10,259,
758,142-674-583-75,нет,нет,требуется,78 90 91,259,0,259,
759,159-346-612-95,нет,нет,требуется,78 90 91,259,0,259,
760,178-752-530-15,нет,нет,требуется,78 90 91,259,0,259,
761,165-778-495-34,нет,нет,требуется,78 80 91,249,10,259,
762,169-976-722-58,нет,нет,требуется,78 80 91,249,10,259,
763,164-778-546-21,да,да,требуется,76 95 78,249,10,259,Рассматривается к зачислению
764,206-607-696-65,нет,нет,не требуется,76 93 80,249,10,259,
765,196-327-597-17,нет,нет,требуется,74 88 94,256,3,259,
766,165-352-062-56,нет,да,требуется,72 81 96,249,10,259,
767,160-798-281-98,нет,нет,не требуется,70 88 91,249,10,259,
768,142-088-754-61,нет,нет,не требуется,70 85 100,255,4,259,
769,187-488-618-44,нет,нет,требуется,100 80 78,258,0,258,
770,133-260-715-23,нет,нет,требуется,92 88 78,258,0,258,Преим. право
771,145-764-674-99,нет,нет,требуется,84 80 94,258,0,258,
772,171-213-408-20,нет,да,требуется,84 70 94,248,10,258,Согласие на др. конкурсе
773,154-671-527-77,нет,нет,требуется,82 85 91,258,0,258,Согласие на др. конкурсе
774,167-473-924-10,нет,нет,не требуется,82 85 91,258,0,258,
775,164-918-809-07,нет,нет,не требуется,80 95 80,255,3,258,
776,166-051-336-48,нет,нет,"требуется, отказано",80 93 85,258,0,258,
777,185-571-200-82,нет,нет,не требуется,80 90 80,250,8,258,
778,161-343-887-60,нет,да,не требуется,80 90 78,248,10,258,Согласие на др. конкурсе
779,159-749-706-35,нет,нет,требуется,80 88 80,248,10,258,
780,170-452-961-61,нет,да,не требуется,80 88 80,248,10,258,Согласие на др. конкурсе
781,125-960-276-69,нет,нет,не требуется,78 93 87,258,0,258,Преим. право
782,200-553-171-02,нет,нет,не требуется,78 83 94,255,3,258,
783,162-081-092-34,нет,нет,требуется,78 83 87,248,10,258,
784,156-739-855-21,нет,нет,требуется,76 90 87,253,5,258,
785,159-181-609-88,нет,нет,требуется,76 85 94,255,3,258,
786,159-346-964-15,нет,нет,требуется,76 85 87,248,10,258,
787,170-992-097-96,нет,нет,требуется,76 85 87,248,10,258,
788,160-329-098-46,нет,нет,требуется,76 84 98,258,0,258,
789,191-915-903-96,нет,нет,не требуется,76 78 94,248,10,258,Согласие на др. конкурсе
790,164-695-340-01,нет,да,не требуется,74 95 89,258,0,258,Согласие на др. конкурсе
791,159-971-172-22,нет,нет,требуется,74 88 96,258,0,258,
792,147-900-997-95,нет,нет,требуется,74 85 89,248,10,258,
793,206-781-939-87,нет,да,не требуется,70 93 85,248,10,258,
794,201-597-099-54,нет,нет,"требуется, отказано",90 70 94,254,3,257,
795,124-541-412-22,нет,нет,требуется,88 73 96,257,0,257,
796,165-327-553-75,нет,нет,не требуется,86 85 86,257,0,257,
797,206-639-239-67,нет,нет,не требуется,84 95 78,257,0,257,
798,188-070-238-83,нет,да,не требуется,84 88 85,257,0,257,Согласие на др. конкурсе
799,188-424-796-22,нет,нет,не требуется,82 95 80,257,0,257,
800,186-750-710-03,нет,нет,требуется,82 88 87,257,0,257,
801,160-157-712-40,нет,нет,не требуется,82 85 80,247,10,257,
802,167-216-320-59,нет,нет,не требуется,82 83 82,247,10,257,
803,183-487-530-05,нет,нет,не требуется,82 78 87,247,10,257,
804,207-347-945-72,нет,нет,не требуется,82 78 87,247,10,257,
805,144-881-502-77,нет,нет,требуется,82 75 96,253,4,257,
806,189-800-116-94,нет,нет,требуется,80 95 82,257,0,257,
807,168-918-082-20,нет,да,не требуется,80 83 94,257,0,257,Согласие на др. конкурсе
808,200-534-042-89,нет,нет,не требуется,80 83 94,257,0,257,
809,173-689-034-06,нет,да,не требуется,80 80 87,247,10,257,Согласие на др. конкурсе
810,187-751-187-17,нет,нет,не требуется,78 93 76,247,10,257,Согласие на др. конкурсе
811,172-161-415-37,нет,нет,требуется,78 90 89,257,0,257,
812,185-988-501-48,нет,нет,требуется,78 90 89,257,0,257,
813,197-481-448-24,нет,нет,"требуется, отказано",78 90 89,257,0,257,
814,139-846-928-25,нет,нет,"требуется, отказано",78 88 91,257,0,257,
815,172-558-232-79,нет,да,не требуется,78 80 89,247,10,257,
816,161-805-219-48,нет,да,требуется,78 75 94,247,10,257,Согласие на др. конкурсе
817,162-006-161-10,нет,да,не требуется,76 96 85,257,0,257,Согласие на др. конкурсе
818,196-623-329-01,нет,нет,требуется,76 90 91,257,0,257,
819,171-140-197-25,нет,нет,не требуется,76 90 89,255,2,257,
820,187-950-711-23,нет,нет,не требуется,76 85 96,257,0,257,
821,147-947-868-34,нет,да,не требуется,76 80 91,247,10,257,Согласие на др. конкурсе
822,208-939-361-00,нет,нет,требуется,74 93 80,247,10,257,
823,203-359-002-19,нет,да,требуется,74 85 98,257,0,257,Согласие на др. конкурсе
824,201-573-496-37,нет,нет,требуется,100 78 78,256,0,256,
825,183-658-700-06,нет,нет,не требуется,90 75 91,256,0,256,
826,165-495-034-90,нет,нет,не требуется,88 88 80,256,0,256,
827,185-265-956-11,нет,нет,"требуется, отказано",88 83 80,251,5,256,
828,184-305-681-73,нет,нет,не требуется,86 83 87,256,0,256,
829,179-880-280-36,да,да,не требуется,84 93 76,253,3,256,Рассматривается к зачислению
830,193-641-201-68,нет,нет,"требуется, отказано",84 90 82,256,0,256,
831,170-967-369-05,нет,да,не требуется,84 85 87,256,0,256,Согласие на др. конкурсе
832,186-247-240-88,нет,нет,не требуется,84 80 82,246,10,256,
833,158-047-837-89,нет,нет,требуется,82 83 91,256,0,256,
834,185-417-970-04,нет,нет,не требуется,82 83 91,256,0,256,
835,185-157-894-11,нет,нет,не требуется,82 80 94,256,0,256,Согласие на др. конкурсе
836,181-009-436-39,нет,нет,не требуется,80 85 91,256,0,256,
837,183-428-274-83,нет,да,не требуется,78 93 85,256,0,256,Согласие на др. конкурсе
838,144-845-533-80,нет,нет,требуется,78 83 85,246,10,256,
839,166-054-959-85,нет,нет,требуется,78 83 85,246,10,256,
840,186-451-839-05,нет,нет,не требуется,78 70 98,246,10,256,
841,190-128-741-58,нет,нет,требуется,76 95 85,256,0,256,
842,178-114-106-56,нет,нет,не требуется,76 93 87,256,0,256,
843,205-671-987-77,нет,да,требуется,76 93 87,256,0,256,Согласие на др. конкурсе
844,174-696-905-28,нет,нет,требуется,76 90 80,246,10,256,
845,164-812-019-56,нет,да,не требуется,76 88 89,253,3,256,Согласие на др. конкурсе
846,166-754-746-15,нет,нет,"требуется, отказано",76 88 82,246,10,256,
847,165-564-505-87,нет,нет,требуется,76 85 85,246,10,256,
848,195-896-789-77,нет,нет,требуется,76 83 87,246,10,256,
849,203-681-207-31,да,да,требуется,74 78 94,246,10,256,Рассматривается к зачислению
850,175-221-137-41,нет,да,не требуется,72 85 89,246,10,256,Согласие на др. конкурсе
851,165-239-456-82,нет,нет,требуется,96 72 87,255,0,255,
852,165-049-481-76,нет,нет,"требуется, отказано",90 85 70,245,10,255,
853,174-736-960-11,нет,нет,требуется,86 75 94,255,0,255,
854,170-107-873-39,нет,нет,не требуется,84 83 78,245,10,255,
855,143-019-665-37,нет,нет,не требуется,84 80 91,255,0,255,
856,143-282-631-46,нет,нет,требуется,84 80 91,255,0,255,
857,167-685-490-30,нет,нет,не требуется,84 80 91,255,0,255,
858,165-684-063-98,нет,нет,требуется,82 95 78,255,0,255,
859,178-216-071-76,нет,да,не требуется,82 90 73,245,10,255,Согласие на др. конкурсе
860,187-100-453-52,нет,нет,не требуется,82 88 85,255,0,255,
861,199-763-304-39,нет,нет,требуется,82 88 85,255,0,255,
862,165-870-940-08,нет,нет,требуется,82 88 82,252,3,255,
863,188-090-211-82,нет,нет,не требуется,82 88 82,252,3,255,
864,164-534-844-81,нет,нет,требуется,82 85 78,245,10,255,
865,208-976-309-03,нет,нет,требуется,80 95 80,255,0,255,
866,182-932-943-00,нет,нет,не требуется,80 93 82,255,0,255,
867,186-578-792-51,нет,нет,не требуется,80 93 82,255,0,255,
868,167-906-114-92,нет,да,не требуется,80 90 85,255,0,255,
869,184-574-961-20,нет,нет,"требуется, отказано",80 88 87,255,0,255,
870,177-440-819-92,нет,нет,не требуется,80 83 91,254,1,255,
871,194-738-801-21,нет,нет,требуется,78 90 87,255,0,255,
872,205-475-287-60,нет,нет,"требуется, отказано",78 90 87,255,0,255,
873,207-049-605-45,нет,нет,не требуется,78 90 87,255,0,255,
874,147-578-906-18,нет,нет,требуется,78 88 89,255,0,255,
875,152-447-813-63,нет,нет,требуется,78 88 89,255,0,255,
876,171-276-815-73,нет,нет,требуется,78 88 89,255,0,255,
877,166-575-308-00,нет,нет,требуется,78 85 82,245,10,255,
878,199-454-850-41,нет,нет,не требуется,78 83 94,255,0,255,
879,157-099-340-95,нет,да,требуется,78 78 89,245,10,255,Согласие на др. конкурсе
880,202-989-266-85,нет,нет,требуется,76 85 94,255,0,255,Преим. право
881,159-070-869-91,нет,нет,требуется,76 85 91,252,3,255,
882,160-802-016-20,нет,нет,требуется,76 80 89,245,10,255,
883,169-671-479-28,нет,да,не требуется,74 85 96,255,0,255,
884,175-053-870-74,нет,нет,требуется,74 75 96,245,10,255,
885,189-620-579-18,нет,нет,требуется,70 93 82,245,10,255,
886,144-871-953-95,нет,да,требуется,88 93 73,254,0,254,Согласие на др. конкурсе
887,164-255-263-62,нет,нет,"требуется, отказано",88 80 76,244,10,254,
888,158-523-858-98,нет,нет,требуется,88 67 89,244,10,254,
889,181-769-216-00,нет,да,не требуется,86 88 80,254,0,254,Согласие на др. конкурсе
890,186-986-772-68,нет,да,не требуется,86 80 78,244,10,254,Согласие на др. конкурсе
891,198-702-367-13,нет,да,не требуется,84 90 80,254,0,254,Уже зачислен на др. конкурсе
,,,,,,,,,Преим. право
892,191-156-196-69,нет,нет,требуется,84 85 85,254,0,254,
893,188-323-706-95,нет,нет,не требуется,82 78 94,254,0,254,
894,159-084-411-82,нет,нет,требуется,80 98 76,254,0,254,
895,160-498-378-88,нет,нет,требуется,80 88 76,244,10,254,
896,140-350-533-07,нет,нет,не требуется,80 83 91,254,0,254,
897,206-793-918-95,нет,нет,не требуется,80 83 91,254,0,254,
898,193-683-741-18,нет,нет,не требуется,80 83 89,252,2,254,
899,206-738-665-83,нет,нет,требуется,80 80 94,254,0,254,
900,184-421-972-81,нет,нет,не требуется,80 78 86,244,10,254,
901,180-011-214-94,нет,нет,требуется,78 93 80,251,3,254,
902,165-272-129-62,нет,нет,не требуется,78 88 78,244,10,254,
903,168-058-053-82,нет,нет,не требуется,78 72 94,244,10,254,
904,195-650-367-03,нет,нет,не требуется,76 98 80,254,0,254,
905,202-084-094-09,нет,нет,требуется,76 88 80,244,10,254,
906,159-351-984-04,нет,нет,требуется,76 83 85,244,10,254,
907,142-194-752-54,нет,нет,требуется,76 80 98,254,0,254,
908,204-206-018-92,нет,нет,требуется,76 80 98,254,0,254,
909,157-484-726-07,нет,нет,требуется,74 93 87,254,0,254,
910,162-270-719-49,нет,нет,не требуется,74 88 82,244,10,254,
911,153-640-539-55,нет,нет,требуется,74 85 85,244,10,254,
912,166-397-069-09,нет,нет,требуется,74 83 87,244,10,254,
913,166-443-901-82,нет,нет,требуется,74 80 90,244,10,254,
914,170-934-988-00,нет,нет,не требуется,72 93 89,254,0,254,
915,192-088-514-87,нет,нет,не требуется,72 78 94,244,10,254,
916,147-763-942-09,нет,да,не требуется,70 85 89,244,10,254,Согласие на др. конкурсе
917,188-239-457-19,нет,да,не требуется,100 81 62,243,10,253,Уже зачислен на др. конкурсе
918,157-122-325-39,нет,нет,не требуется,90 78 85,253,0,253,
919,162-950-057-66,нет,нет,требуется,86 85 82,253,0,253,
920,196-998-336-73,нет,нет,требуется,86 85 80,251,2,253,
921,159-606-105-79,нет,нет,требуется,86 78 89,253,0,253,
922,174-477-265-01,нет,нет,не требуется,84 93 76,253,0,253,
923,170-031-922-16,нет,да,не требуется,84 80 89,253,0,253,Согласие на др. конкурсе
924,184-692-085-09,нет,нет,не требуется,82 90 78,250,3,253,
925,167-045-343-65,нет,нет,требуется,82 88 80,250,3,253,
926,184-339-864-08,нет,да,не требуется,82 88 73,243,10,253,Согласие на др. конкурсе
927,178-654-252-14,нет,да,не требуется,82 80 91,253,0,253,
928,153-380-337-49,нет,нет,требуется,82 72 89,243,10,253,
929,174-411-001-26,нет,нет,требуется,80 90 80,250,3,253,
930,189-802-134-03,нет,нет,не требуется,80 88 85,253,0,253,
931,204-488-114-50,нет,да,не требуется,80 88 82,250,3,253,
932,147-818-473-02,нет,да,не требуется,80 78 85,243,10,253,Согласие на др. конкурсе
933,157-230-566-57,нет,нет,требуется,78 88 87,253,0,253,
934,149-280-293-82,нет,нет,не требуется,78 80 85,243,10,253,
935,166-193-480-89,нет,нет,не требуется,76 88 89,253,0,253,
936,166-869-481-40,нет,да,требуется,76 85 82,243,10,253,Согласие на др. конкурсе
937,173-792-994-28,нет,да,требуется,76 85 82,243,10,253,
938,169-267-091-07,нет,нет,требуется,76 83 94,253,0,253,
939,178-312-020-55,нет,нет,требуется,76 83 94,253,0,253,
940,159-156-189-94,нет,нет,требуется,76 80 87,243,10,253,
941,160-969-958-20,нет,нет,требуется,76 80 87,243,10,253,Согласие на др. конкурсе
942,184-345-890-00,нет,нет,не требуется,74 80 89,243,10,253,
943,196-875-070-38,нет,нет,требуется,74 80 89,243,10,253,
944,153-873-119-78,нет,нет,требуется,72 75 96,243,10,253,
945,176-874-974-49,нет,нет,требуется,70 88 85,243,10,253,
946,152-211-750-14,нет,нет,"требуется, отказано",84 88 80,252,0,252,
947,190-380-853-75,нет,нет,не требуется,82 95 72,249,3,252,
948,181-919-822-03,нет,да,не требуется,82 90 80,252,0,252,
949,164-566-141-80,нет,нет,не требуется,82 83 87,252,0,252,
950,160-815-604-51,нет,нет,требуется,80 85 87,252,0,252,
951,163-804-802-67,нет,нет,требуется,80 85 87,252,0,252,
952,179-967-097-63,нет,нет,не требуется,80 83 89,252,0,252,
953,181-150-075-29,нет,нет,не требуется,80 80 82,242,10,252,Согласие на др. конкурсе
954,193-960-658-20,нет,нет,не требуется,80 80 82,242,10,252,
955,203-596-273-60,нет,нет,не требуется,80 78 94,252,0,252,
956,196-763-365-31,нет,нет,"требуется, отказано",78 98 76,252,0,252,
957,161-412-036-12,нет,нет,требуется,78 85 89,252,0,252,
958,161-729-096-75,нет,нет,требуется,78 85 89,252,0,252,
959,188-276-256-20,нет,нет,не требуется,78 85 89,252,0,252,
960,148-663-126-87,нет,нет,требуется,78 83 91,252,0,252,
961,190-345-509-62,нет,нет,не требуется,78 83 91,252,0,252,
962,177-050-996-89,нет,нет,не требуется,78 80 94,252,0,252,
963,189-415-702-06,нет,да,не требуется,78 75 89,242,10,252,Уже зачислен на др. конкурсе
,,,,,,,,,Преим. право
964,193-577-016-01,нет,нет,требуется,78 70 94,242,10,252,
965,169-497-954-56,нет,нет,требуется,76 98 78,252,0,252,
966,173-610-472-54,нет,нет,требуется,76 88 78,242,10,252,
967,177-089-171-06,нет,нет,требуется,76 75 91,242,10,252,
968,170-603-395-44,нет,нет,требуется,74 93 85,252,0,252,
969,169-414-244-82,нет,нет,требуется,74 90 85,249,3,252,
970,153-759-653-02,нет,нет,не требуется,74 80 98,252,0,252,Преим. право
971,155-422-345-47,нет,нет,требуется,74 80 98,252,0,252,
972,162-822-552-63,нет,нет,требуется,70 83 89,242,10,252,
973,164-612-748-70,нет,нет,не требуется,90 85 76,251,0,251,
974,186-608-914-14,нет,нет,требуется,88 85 78,251,0,251,
975,170-229-219-39,нет,нет,требуется,84 85 82,251,0,251,
976,164-972-109-93,нет,нет,требуется,84 70 87,241,10,251,
977,161-097-353-58,нет,нет,требуется,82 80 89,251,0,251,
978,149-403-446-65,нет,нет,требуется,82 78 91,251,0,251,
979,160-562-832-56,нет,нет,требуется,80 93 78,251,0,251,
980,187-798-130-48,нет,нет,не требуется,80 93 78,251,0,251,
981,179-524-259-07,нет,нет,не требуется,80 88 80,248,3,251,
982,165-903-168-80,нет,нет,требуется,80 83 85,248,3,251,
983,190-621-332-47,нет,нет,не требуется,80 83 78,241,10,251,
984,139-667-551-14,нет,да,требуется,80 70 91,241,10,251,Согласие на др. конкурсе
985,165-698-867-46,да,да,требуется,78 95 78,251,0,251,Рассматривается к зачислению
986,168-898-272-58,нет,нет,не требуется,78 88 85,251,0,251,
987,201-561-101-93,нет,нет,требуется,78 83 80,241,10,251,
988,184-465-802-00,нет,нет,не требуется,76 95 80,251,0,251,
989,164-573-198-90,да,да,не требуется,76 88 87,251,0,251,Рассматривается к зачислению
990,186-789-328-52,нет,да,не требуется,76 88 87,251,0,251,Согласие на др. конкурсе
991,177-456-512-04,нет,нет,требуется,76 85 80,241,10,251,
992,183-281-487-84,нет,да,требуется,76 85 80,241,10,251,Уже зачислен на др. конкурсе
993,201-544-212-00,нет,да,требуется,76 78 89,243,8,251,Согласие на др. конкурсе
994,204-813-751-42,нет,нет,требуется,76 67 98,241,10,251,
995,184-296-012-85,нет,да,не требуется,74 80 89,243,8,251,Согласие на др. конкурсе
996,194-145-914-87,нет,да,не требуется,74 78 89,241,10,251,
997,188-299-808-52,да,да,не требуется,96 90 64,250,0,250,Рассматривается к зачислению
998,184-735-709 06,нет,нет,требуется,88 75 87,250,0,250,
999,185-452-761-98,нет,нет,не требуется,88 75 87,250,0,250,
1000,184-585-854-27,нет,нет,не требуется,86 88 73,247,3,250,
1001,189-541-095-11,нет,нет,"требуется, отказано",86 73 91,250,0,250,
1002,176-880-247-14,да,да,не требуется,84 67 89,240,10,250,Рассматривается к зачислению
1003,160-703-258-34,нет,нет,требуется,82 83 85,250,0,250,
1004,167-211-063-41,да,да,не требуется,80 88 72,240,10,250,Рассматривается к зачислению
1005,184-841-806-01,нет,да,не требуется,80 85 85,250,0,250,Согласие на др. конкурсе
1006,205-751-522-44,да,да,не требуется,80 85 85,250,0,250,Рассматривается к зачислению
1007,163-233-280-38,нет,нет,требуется,80 80 87,247,3,250,
1008,133-631-243-25,нет,нет,не требуется,80 75 85,240,10,250,Преим. право
1009,159-173-858-05,нет,нет,требуется,78 85 87,250,0,250,
1010,184-400-978-73,нет,нет,не требуется,78 83 89,250,0,250,
1011,184-519-566-03,нет,нет,требуется,78 83 89,250,0,250,
1012,203-971-196-58,нет,нет,требуется,78 83 89,250,0,250,
1013,145-312-304-19,нет,нет,"требуется, отказано",78 80 89,247,3,250,
1014,164-854-087-96,нет,нет,не требуется,78 80 89,247,3,250,
1015,147-948-954-35,нет,нет,требуется,78 75 94,247,3,250,
1016,170-547-064-58,нет,нет,требуется,76 85 89,250,0,250,
1017,190-973-212-91,нет,да,требуется,76 83 91,250,0,250,Согласие на др. конкурсе
1018,165-610-090-50,нет,да,требуется,76 80 94,250,0,250,Уже зачислен на др. конкурсе
,,,,,,,,,Преим. право
1019,171-987-866-34,нет,нет,требуется,76 80 94,250,0,250,Преим. право
1020,142-761-987-80,нет,нет,не требуется,76 72 94,242,8,250,
1021,178-793-980-61,нет,нет,не требуется,74 85 91,250,0,250,
1022,179-497-474-53,нет,нет,требуется,74 80 96,250,0,250,
1023,165-253-349-66,нет,нет,не требуется,72 83 85,240,10,250,
1024,188-471-715-18,нет,нет,не требуется,72 80 98,250,0,250,
1025,192-282-875-97,нет,нет,не требуется,70 85 85,240,10,250,
1026,183-907-108-86,нет,нет,не требуется,90 83 76,249,0,249,
1027,173-189-620-89,нет,да,не требуется,86 83 80,249,0,249,Согласие на др. конкурсе
1028,181-551-985-86,нет,да,не требуется,84 93 69,246,3,249,
1029,188-365-687-36,нет,нет,не требуется,84 83 82,249,0,249,Преим. право
1030,164-987-928-44,нет,да,не требуется,84 80 85,249,0,249,Согласие на др. конкурсе
1031,184-305-579-76,нет,нет,не требуется,84 75 80,239,10,249,
1032,136-124-483-37,нет,нет,"требуется, отказано",82 80 87,249,0,249,Преим. право
1033,196-654-592-33,нет,нет,не требуется,82 78 89,249,0,249,
1034,189-975-773-81,нет,нет,не требуется,82 75 82,239,10,249,
1035,180-081-668-54,нет,нет,не требуется,80 88 78,246,3,249,
1036,129-691-466-01,нет,нет,требуется,80 83 76,239,10,249,Преим. право
1037,196-337-423-01,нет,нет,не требуется,80 83 76,239,10,249,
1038,183-539-802-00,нет,нет,требуется,80 80 89,249,0,249,
1039,188-745-741-39,нет,нет,не требуется,80 80 89,249,0,249,
1040,174-557-949-18,нет,нет,требуется,80 78 91,249,0,249,
1041,144-203-285-19,нет,нет,требуется,80 72 96,248,1,249,
1042,155-073-891-73,нет,нет,"требуется, отказано",80 72 87,239,10,249,
1043,166-308-188-75,нет,нет,не требуется,78 88 76,242,7,249,
1044,190-558-101-71,нет,да,не требуется,78 83 85,246,3,249,Согласие на др. конкурсе
1045,169-128-516-90,нет,нет,требуется,76 93 80,249,0,249,
1046,152-845-258-74,нет,нет,требуется,76 88 85,249,0,249,
1047,144-709-853-83,нет,нет,требуется,76 83 80,239,10,249,
1048,167-945-355-22,нет,нет,не требуется,74 88 87,249,0,249,
1049,167-820-751-95,нет,нет,не требуется,74 80 85,239,10,249,
1050,183-602-334-56,нет,нет,не требуется,100 59 89,248,0,248,
1051,181-418-776-81,нет,нет,не требуется,90 78 80,248,0,248,
1052,190-710-362-50,нет,нет,не требуется,86 90 72,248,0,248,
1053,142-440-396-31,нет,нет,требуется,86 90 69,245,3,248,
1054,159-370-115-74,нет,нет,требуется,84 67 87,238,10,248,
1055,196-467-933-39,нет,нет,требуется,84 67 87,238,10,248,
1056,199-728-781-64,нет,нет,требуется,84 67 87,238,10,248,
1057,157-250-930-67,нет,нет,не требуется,80 93 72,245,3,248,
1058,188-560-684-25,нет,нет,не требуется,80 85 80,245,3,248,
1059,200-223-027-63,нет,нет,не требуется,80 85 80,245,3,248,
1060,166-936-775-30,нет,нет,"требуется, отказано",80 80 78,238,10,248,
1061,176-363-275-91,нет,да,не требуется,78 90 80,248,0,248,Согласие на др. конкурсе
1062,180-649-406-82,нет,нет,требуется,78 88 82,248,0,248,Согласие на др. конкурсе
1063,174-413-726-64,нет,нет,требуется,78 80 80,238,10,248,Согласие на др. конкурсе
1064,187-423-195-93,нет,нет,требуется,76 83 89,248,0,248,
1065,168-914-116-98,нет,да,не требуется,76 80 89,245,3,248,
1066,181-465-348-78,нет,нет,требуется,76 80 82,238,10,248,
1067,196-846-294-41,нет,нет,не требуется,76 80 82,238,10,248,
1068,164-661-080-70,нет,нет,не требуется,76 75 87,238,10,248,
1069,160-125-169-16,нет,нет,требуется,72 85 91,248,0,248,
1070,166-061-156-51,нет,нет,не требуется,88 88 71,247,0,247,
1071,179-611-679-12,нет,нет,требуется,86 72 89,247,0,247,
1072,186-078-705-06,нет,нет,не требуется,84 88 70,242,5,247,
1073,158-325-730-79,нет,нет,не требуется,84 85 78,247,0,247,
1074,164-966-878-37,нет,нет,не требуется,84 85 73,242,5,247,
1075,188-425-034-92,нет,нет,не требуется,82 90 70,242,5,247,
1076,170-704-797-68,нет,нет,не требуется,82 85 80,247,0,247,
1077,167-460-686-99,нет,нет,не требуется,82 85 70,237,10,247,
1078,170-951-986-96,нет,нет,не требуется,82 80 85,247,0,247,
1079,196-233-244-79,нет,нет,не требуется,82 64 91,237,10,247,
1080,165-521-181-55,нет,нет,не требуется,80 78 89,247,0,247,
1081,201-862-951-48,нет,нет,не требуется,80 78 89,247,0,247,
1082,181-981-216-91,нет,нет,не требуется,80 72 85,237,10,247,
1083,149-845-209-05,нет,нет,не требуется,78 88 76,242,5,247,
