﻿№,СНИЛС/уникальный номер,Согласие на зачисление,Наличие подлинника/отметки о подлиннике с ЕПГУ,Потребность в общежитии,Оценки,Сумма баллов за ВИ,Балл за ИД,Сумма баллов,Примечание
",,,,,""Математика, Информатика и ИКТ, Русский язык"",,,,,,,,,,,,,",,,,,,,,,
1,134-427-149-42,нет,нет,не требуется,100 100 96,296,10,306,
2,173-651-414-68,нет,нет,не требуется,98 98 100,296,10,306,
3,169-644-902-19,нет,нет,не требуется,100 95 100,295,10,305,
4,199-728-241-41,нет,нет,требуется,100 93 100,293,10,303,
5,195-523-406-85,нет,нет,требуется,100 93 98,291,10,301,
6,184-371-554-86,нет,нет,не требуется,100 90 100,290,10,300,
7,205-189-153-50,нет,нет,не требуется,96 98 96,290,10,300,
8,150-248-803-39,нет,нет,требуется,94 98 98,290,10,300,
9,162-653-939-85,нет,нет,не требуется,92 100 98,290,10,300,
10,158-008-092-56,нет,нет,требуется,94 95 100,289,10,299,
11,158-300-433-43,нет,нет,требуется,100 90 98,288,10,298,
12,162-593-352-78,нет,нет,"требуется, отказано",100 90 98,288,10,298,
13,132-218-529-23,нет,нет,не требуется,90 98 100,288,10,298,
14,196-581-133-07,нет,нет,не требуется,100 93 94,287,10,297,
15,175-724-153-83,нет,да,не требуется,92 95 100,287,10,297,Согласие на др. конкурсе
16,190-852-814-91,нет,нет,не требуется,100 100 85,285,10,295,
17,166-487-193-13,нет,нет,требуется,96 93 96,285,10,295,
18,196-844-580-36,нет,нет,требуется,94 95 96,285,10,295,
19,186-507-675-08,нет,нет,не требуется,92 93 100,285,10,295,
20,144-175-278-57,нет,нет,не требуется,100 93 91,284,10,294,
21,181-919-928-12,нет,да,не требуется,100 90 94,284,10,294,Уже зачислен на др. конкурсе
22,165-481-908-94,нет,нет,не требуется,100 88 96,284,10,294,
23,169-373-622-07,нет,нет,требуется,92 98 94,284,10,294,
24,145-405-260-37,нет,нет,требуется,90 100 94,284,10,294,
25,165-649-113-91,нет,да,не требуется,96 100 87,283,10,293,Согласие на др. конкурсе
26,156-037-274-57,нет,нет,требуется,92 95 96,283,10,293,
27,174-671-368-96,нет,нет,не требуется,92 93 98,283,10,293,
28,166-217-121-51,нет,нет,требуется,98 90 94,282,10,292,
29,165-027-201-36,нет,нет,требуется,100 95 96,291,0,291,
30,189-578-271-52,нет,нет,требуется,100 90 91,281,10,291,
31,198-624-566-30,нет,нет,требуется,92 95 94,281,10,291,
32,166-496-137-06,нет,нет,"требуется, отказано",90 98 100,288,3,291,
33,168-622-599-07,нет,нет,не требуется,90 98 98,286,5,291,
34,206-516-009-27,нет,да,требуется,90 95 96,281,10,291,Согласие на др. конкурсе
35,166-838-329-14,нет,нет,требуется,90 93 98,281,10,291,
36,197-075-019-95,нет,да,требуется,90 93 98,281,10,291,Согласие на др. конкурсе
37,165-847-831-17,нет,да,требуется,88 95 98,281,10,291,Согласие на др. конкурсе
38,160-429-163-44,нет,да,не требуется,86 95 100,281,10,291,Согласие на др. конкурсе
39,161-901-838-59,нет,нет,не требуется,86 95 100,281,10,291,
40,155-763-238-87,нет,нет,требуется,100 100 80,280,10,290,
41,165-059-764-89,нет,нет,не требуется,98 98 94,290,0,290,
42,174-108-491-61,нет,нет,требуется,98 98 94,290,0,290,
43,174-325-417-61,нет,нет,не требуется,86 100 94,280,10,290,
44,178-575-579-42,нет,нет,не требуется,82 100 98,280,10,290,
45,195-071-752-87,нет,нет,требуется,92 93 94,279,10,289,
46,157-838-189-19,нет,нет,требуется,90 95 94,279,10,289,
47,140-443-240-10,нет,нет,требуется,90 93 96,279,10,289,
48,169-525-892-22,нет,да,не требуется,90 93 96,279,10,289,Согласие на др. конкурсе
49,186-507-995-21,нет,нет,не требуется,90 93 96,279,10,289,
50,149-977-299-52,нет,нет,требуется,88 95 96,279,10,289,
51,172-969-049-14,нет,да,требуется,96 95 87,278,10,288,Согласие на др. конкурсе
52,183-969-127-26,нет,нет,не требуется,94 93 96,283,5,288,
53,134-886-497-08,нет,нет,требуется,94 93 91,278,10,288,
54,177-572-744-18,нет,нет,не требуется,94 93 91,278,10,288,
55,194-671-438-08,нет,нет,требуется,94 93 91,278,10,288,
56,184-347-112-73,нет,нет,не требуется,94 90 94,278,10,288,
57,185-477-951-31,нет,нет,не требуется,92 95 91,278,10,288,
58,159-676-309-23,нет,да,требуется,92 88 98,278,10,288,Согласие на др. конкурсе
59,194-735-843-19,нет,нет,требуется,92 88 98,278,10,288,
60,164-544-651-79,нет,нет,требуется,86 98 94,278,10,288,
61,195-057-588-06,нет,нет,требуется,86 98 94,278,10,288,
62,163-077-288-70,нет,нет,требуется,84 100 94,278,10,288,
63,146-344-040-44,нет,нет,требуется,82 98 98,278,10,288,
64,164-793-319-02,нет,нет,не требуется,92 93 92,277,10,287,
65,160-289-889-93,нет,да,требуется,92 85 100,277,10,287,Согласие на др. конкурсе
66,192-473-055-80,нет,нет,не требуется,90 100 89,279,8,287,
67,187-470-075-99,нет,нет,требуется,90 93 94,277,10,287,
68,205-423-682-34,нет,нет,требуется,88 93 96,277,10,287,
69,179-322-512-82,нет,нет,требуется,86 100 91,277,10,287,
70,170-662-956-81,нет,нет,требуется,86 93 98,277,10,287,
71,201-368-792-45,нет,да,не требуется,84 93 100,277,10,287,Согласие на др. конкурсе
72,155-829-176-00,нет,нет,требуется,94 95 87,276,10,286,
73,161-754-041-55,нет,нет,требуется,94 95 87,276,10,286,
74,162-037-099-40,нет,нет,требуется,92 93 91,276,10,286,
75,176-089-894-27,нет,нет,не требуется,92 88 96,276,10,286,
76,205-853-892-81,нет,нет,не требуется,92 88 96,276,10,286,
77,177-354-909-07,нет,нет,требуется,90 95 91,276,10,286,
78,181-058-361-58,нет,да,требуется,90 90 96,276,10,286,Согласие на др. конкурсе
79,196-021-560-63,нет,нет,требуется,90 88 98,276,10,286,
80,201-837-098-41,нет,да,не требуется,86 90 100,276,10,286,Согласие на др. конкурсе
81,195-617-309-01,нет,да,не требуется,84 98 94,276,10,286,Согласие на др. конкурсе
82,186-259-711-10,нет,нет,не требуется,94 90 91,275,10,285,
83,164-785-031-93,нет,нет,требуется,92 98 85,275,10,285,
84,199-304-624-02,нет,нет,не требуется,92 95 89,276,9,285,
85,148-133-816-61,нет,нет,требуется,92 93 100,285,0,285,
86,181-136-932-59,нет,нет,не требуется,88 98 89,275,10,285,
87,174-404-627-61,нет,нет,не требуется,86 95 96,277,8,285,
88,145-606-549-67,нет,нет,требуется,86 95 94,275,10,285,
89,189-526-684-36,нет,нет,требуется,84 93 98,275,10,285,
90,200-584-595-41,нет,да,требуется,90 93 91,274,10,284,Согласие на др. конкурсе
91,209-440-317-42,нет,нет,требуется,90 93 91,274,10,284,
92,188-076-446-12,нет,нет,не требуется,90 88 96,274,10,284,
93,146-944-662-03,нет,нет,требуется,88 98 98,284,0,284,
94,184-566-240-98,нет,да,требуется,88 98 98,284,0,284,Согласие на др. конкурсе
95,171-987-299-25,нет,нет,не требуется,88 95 91,274,10,284,
96,185-513-141-66,нет,нет,не требуется,88 93 100,281,3,284,
97,203-695-236-57,нет,нет,"требуется, отказано",88 90 96,274,10,284,
98,161-976-123-86,нет,нет,требуется,88 88 98,274,10,284,
99,164-994-924-33,нет,нет,требуется,98 100 85,283,0,283,
100,191-127-294-59,нет,нет,не требуется,94 90 96,280,3,283,
101,190-566-993-11,нет,нет,требуется,94 90 89,273,10,283,
102,165-880-036-91,нет,да,требуется,92 90 91,273,10,283,Согласие на др. конкурсе
103,179-744-959-50,нет,нет,не требуется,92 90 91,273,10,283,
104,187-246-059-96,нет,нет,не требуется,92 85 96,273,10,283,
105,187-041-786-88,нет,да,не требуется,90 85 98,273,10,283,Согласие на др. конкурсе
106,181-625-637-76,нет,да,требуется,84 93 96,273,10,283,Согласие на др. конкурсе
107,194-199-591-28,нет,нет,требуется,84 93 96,273,10,283,
108,192-525-395-86,нет,нет,требуется,100 85 89,274,8,282,
109,177-190-034-74,нет,нет,не требуется,96 90 96,282,0,282,
110,144-175-855-68,нет,нет,не требуется,92 100 80,272,10,282,
111,168-912-395-10,нет,нет,требуется,92 80 100,272,10,282,
112,159-249-630-02,нет,нет,требуется,88 95 89,272,10,282,
113,159-627-872-24,нет,да,требуется,88 95 89,272,10,282,Согласие на др. конкурсе
114,155-724-930-84,нет,нет,требуется,88 93 91,272,10,282,
115,2214817,нет,нет,требуется,88 90 94,272,10,282,
116,154-121-342-15,нет,нет,не требуется,88 90 94,272,10,282,
117,168-349-260-03,нет,нет,требуется,88 90 94,272,10,282,Согласие на др. конкурсе
118,184-820-875-00,нет,нет,не требуется,88 90 94,272,10,282,
119,160-359-483-66,нет,нет,требуется,86 90 96,272,10,282,
120,205-230-579-17,нет,нет,не требуется,86 90 96,272,10,282,
121,162-542-189-56,нет,нет,не требуется,86 88 98,272,10,282,
122,173-090-161-46,нет,нет,требуется,86 88 98,272,10,282,Согласие на др. конкурсе
123,175-805-601-86,нет,нет,требуется,84 88 100,272,10,282,
124,181-780-694-00,нет,нет,требуется,82 90 100,272,10,282,
125,171-412-779-52,нет,нет,требуется,100 90 91,281,0,281,
126,171-153-529-42,нет,да,требуется,98 95 78,271,10,281,Согласие на др. конкурсе
127,194-341-402-64,нет,нет,требуется,98 88 87,273,8,281,
128,142-465-246-48,нет,нет,требуется,96 90 85,271,10,281,
129,149-164-709-85,нет,нет,не требуется,94 90 94,278,3,281,
130,160-266-207-35,нет,нет,требуется,94 83 94,271,10,281,
131,161-757-875-00,нет,нет,требуется,94 83 94,271,10,281,
132,154-890-314-84,нет,нет,требуется,94 77 100,271,10,281,
133,180-661-642-70,нет,нет,не требуется,92 85 94,271,10,281,
134,188-304-735-94,нет,нет,требуется,90 90 91,271,10,281,
135,178-301-396-75,нет,да,требуется,84 93 94,271,10,281,Согласие на др. конкурсе
136,140-015-345-88,нет,нет,не требуется,82 93 96,271,10,281,
137,186-491-243-03,нет,нет,не требуется,100 85 85,270,10,280,
138,178-227-153-86,нет,нет,не требуется,98 90 89,277,3,280,
139,161-472-002-32,нет,нет,не требуется,90 95 85,270,10,280,
140,162-042-152-13,нет,нет,требуется,90 93 87,270,10,280,
141,161-770-256-62,нет,да,требуется,88 93 96,277,3,280,Согласие на др. конкурсе
142,141-390-918-47,нет,нет,требуется,88 93 89,270,10,280,
143,182-532-514-60,нет,да,требуется,86 98 96,280,0,280,
144,172-447-679-91,нет,нет,не требуется,86 93 91,270,10,280,
145,185-654-301-94,нет,нет,не требуется,86 93 91,270,10,280,
146,189-221-701-83,нет,нет,не требуется,86 93 91,270,10,280,
147,195-689-027-37,нет,да,требуется,86 93 91,270,10,280,Согласие на др. конкурсе
148,194-456-723-08,нет,нет,требуется,86 90 94,270,10,280,
149,150-729-145-52,нет,нет,требуется,84 95 91,270,10,280,
150,185-388-974-41,нет,нет,не требуется,84 90 96,270,10,280,Согласие на др. конкурсе
151,154-650-212-47,нет,нет,требуется,80 90 100,270,10,280,Согласие на др. конкурсе
152,149-131-706-55,нет,да,требуется,92 95 82,269,10,279,Согласие на др. конкурсе
153,158-511-057-60,нет,нет,требуется,92 95 82,269,10,279,
154,196-249-458-19,нет,нет,не требуется,92 90 87,269,10,279,
155,145-072-139-36,нет,нет,требуется,90 95 94,279,0,279,
156,175-058-367-84,нет,да,не требуется,90 93 96,279,0,279,Согласие на др. конкурсе
157,204-322-954-22,нет,нет,требуется,90 90 89,269,10,279,Согласие на др. конкурсе
158,184-764-008-96,нет,нет,не требуется,90 85 94,269,10,279,
159,172-959-125-04,нет,нет,не требуется,88 95 89,272,7,279,
160,148-814-101-69,нет,да,требуется,88 90 91,269,10,279,Согласие на др. конкурсе
161,205-378-146-54,нет,нет,требуется,84 98 87,269,10,279,Согласие на др. конкурсе
162,145-519-480-74,нет,нет,требуется,82 93 94,269,10,279,
163,149-641-969-10,нет,нет,требуется,80 98 91,269,10,279,
164,195-201-123-41,нет,нет,требуется,78 100 91,269,10,279,
165,190-302-826-40,нет,нет,"требуется, отказано",76 95 98,269,10,279,
166,170-992-124-82,нет,нет,требуется,100 95 73,268,10,278,
167,158-109-048-62,нет,нет,требуется,100 83 85,268,10,278,
168,156-629-626-00,нет,да,требуется,94 95 89,278,0,278,Согласие на др. конкурсе
169,190-808-440-80,нет,нет,не требуется,92 95 91,278,0,278,
170,181-920-744-76,нет,нет,не требуется,92 85 98,275,3,278,
171,157-241-920-64,нет,нет,требуется,88 93 94,275,3,278,
172,168-382-716-06,нет,нет,требуется,88 91 89,268,10,278,
173,165-849-084-14,нет,нет,требуется,84 93 91,268,10,278,
174,159-875-864-53,да,да,не требуется,84 90 94,268,10,278,Рассматривается к зачислению
175,176-385-576-18,нет,да,не требуется,84 90 94,268,10,278,Согласие на др. конкурсе
176,158-477-349-16,да,да,требуется,82 95 91,268,10,278,Рассматривается к зачислению
177,191-075-585-78,нет,нет,не требуется,82 90 96,268,10,278,
178,200-349-179-17,нет,нет,требуется,82 90 96,268,10,278,
179,163-025-456-35,нет,нет,не требуется,82 88 98,268,10,278,
180,164-096-303-65,нет,нет,требуется,80 90 98,268,10,278,
181,185-597-938-50,нет,нет,требуется,80 90 98,268,10,278,
182,158-638-635-15,нет,нет,требуется,100 85 89,274,3,277,
183,137-451-291-59,нет,нет,требуется,98 78 91,267,10,277,
184,163-644-581-81,нет,нет,требуется,96 90 91,277,0,277,
185,192-536-367-91,нет,нет,не требуется,96 80 91,267,10,277,
186,179-169-501-14,нет,нет,не требуется,94 95 88,277,0,277,
187,153-505-850-53,нет,нет,требуется,90 93 91,274,3,277,
188,180-455-175-63,нет,нет,требуется,88 95 94,277,0,277,
189,203-673-680-55,нет,нет,не требуется,88 93 91,272,5,277,
190,174-032-811-42,нет,нет,требуется,88 90 89,267,10,277,
191,165-949-228-18,нет,да,не требуется,88 88 91,267,10,277,
192,187-622-068-95,нет,нет,требуется,88 83 96,267,10,277,
193,193-721-404-73,нет,нет,требуется,88 83 96,267,10,277,
194,174-014-979-63,нет,нет,не требуется,86 83 98,267,10,277,
195,168-347-285-04,нет,нет,требуется,84 85 98,267,10,277,
196,132-543-754-43,нет,нет,"требуется, отказано",84 83 100,267,10,277,
197,202-374-753-34,нет,нет,не требуется,82 93 92,267,10,277,
198,179-453-843-22,нет,нет,не требуется,80 93 94,267,10,277,
199,141-400-176-95,да,да,требуется,76 95 96,267,10,277,Рассматривается к зачислению
200,164-914-737-93,нет,нет,требуется,76 95 96,267,10,277,
201,154-802-164-51,нет,нет,требуется,98 90 88,276,0,276,
202,174-628-124-81,нет,да,требуется,98 88 80,266,10,276,Согласие на др. конкурсе
203,163-294-825-83,нет,да,не требуется,96 83 87,266,10,276,
204,159-489-582-43,нет,нет,требуется,92 88 96,276,0,276,
205,170-831-576-66,нет,нет,не требуется,90 90 96,276,0,276,
206,149-865-335-20,нет,нет,требуется,90 85 91,266,10,276,
207,151-323-255-16,нет,нет,не требуется,90 85 91,266,10,276,
208,184-638-766-21,нет,нет,не требуется,88 93 85,266,10,276,
209,128-960-952-02,да,да,не требуется,86 98 82,266,10,276,Рассматривается к зачислению
210,187-622-800-99,нет,нет,"требуется, отказано",86 93 87,266,10,276,
211,207-448-683-79,нет,нет,требуется,82 98 96,276,0,276,
212,193-860-513-99,нет,нет,не требуется,82 95 89,266,10,276,
213,170-452-972-64,нет,нет,не требуется,82 90 94,266,10,276,Согласие на др. конкурсе
214,180-753-840-83,нет,нет,не требуется,100 88 82,270,5,275,
215,189-293-936-42,нет,нет,требуется,100 83 82,265,10,275,
216,165-163-646-71,нет,нет,требуется,100 78 87,265,10,275,
217,191-192-840-78,нет,нет,не требуется,96 85 91,272,3,275,
218,184-857-995-50,нет,нет,не требуется,96 85 89,270,5,275,
219,142-464-513-44,нет,нет,"требуется, отказано",94 83 89,266,9,275,
220,167-689-591-50,нет,нет,требуется,92 88 85,265,10,275,
221,157-369-154-98,нет,нет,требуется,92 85 88,265,10,275,
222,159-429-560-07,нет,нет,"требуется, отказано",90 98 87,275,0,275,
223,159-482-664-16,нет,нет,требуется,90 90 85,265,10,275,
224,159-850-505-03,нет,да,требуется,88 93 94,275,0,275,Согласие на др. конкурсе
225,149-606-762-98,нет,да,требуется,88 88 96,272,3,275,Согласие на др. конкурсе
226,166-522-819-81,нет,нет,не требуется,88 88 96,272,3,275,
227,175-478-973-33,нет,нет,не требуется,88 88 94,270,5,275,
228,194-313-600-61,нет,нет,требуется,88 88 89,265,10,275,
229,198-445-487-34,нет,нет,"требуется, отказано",88 83 94,265,10,275,
230,142-386-203-45,нет,нет,требуется,86 93 96,275,0,275,
231,169-728-487-37,нет,нет,требуется,86 88 91,265,10,275,
232,158-979-446-54,нет,нет,требуется,86 85 94,265,10,275,
233,201-718-900-30,нет,нет,не требуется,84 93 98,275,0,275,
234,165-276-815-93,нет,да,требуется,84 85 96,265,10,275,Согласие на др. конкурсе
235,173-453-671-79,нет,нет,не требуется,84 83 100,267,8,275,
236,154-837-645-98,да,да,требуется,84 83 98,265,10,275,Рассматривается к зачислению
237,147-191-231-57,нет,да,не требуется,80 85 100,265,10,275,Согласие на др. конкурсе
238,150-478-090-57,нет,да,требуется,76 95 94,265,10,275,Согласие на др. конкурсе
239,143-128-768-50,нет,нет,не требуется,100 83 91,274,0,274,
240,186-867-310-30,нет,нет,"требуется, отказано",100 77 89,266,8,274,
241,159-356-553-05,нет,нет,требуется,96 100 78,274,0,274,
242,186-731-803-01,нет,нет,не требуется,90 93 91,274,0,274,
243,138-327-460-68,нет,да,не требуется,90 90 89,269,5,274,
244,158-300-454-48,нет,нет,требуется,90 85 89,264,10,274,
245,195-284-646-14,нет,нет,не требуется,90 83 91,264,10,274,
246,167-122-810-55,нет,нет,требуется,90 80 94,264,10,274,
247,183-539-031-81,нет,нет,не требуется,88 90 91,269,5,274,Согласие на др. конкурсе
248,151-206-373-17,нет,да,не требуется,88 88 98,274,0,274,Согласие на др. конкурсе
249,184-976-040 20,нет,нет,не требуется,88 85 91,264,10,274,
250,162-805-266-62,нет,нет,требуется,86 100 78,264,10,274,
251,165-252-891-79,нет,нет,требуется,84 93 87,264,10,274,
252,141-108-082-03,нет,нет,требуется,84 80 100,264,10,274,
253,168-844-515-17,нет,нет,не требуется,82 100 82,264,10,274,
254,187-207-939-02,нет,нет,не требуется,82 88 94,264,10,274,
255,180-758-745-04,нет,нет,требуется,80 95 89,264,10,274,
256,158-286-870-17,нет,да,требуется,80 93 98,271,3,274,Согласие на др. конкурсе
257,166-829-776-32,нет,нет,требуется,80 90 94,264,10,274,
258,184-575-304-98,нет,нет,не требуется,100 88 80,268,5,273,
259,187-554-274-15,да,да,не требуется,96 78 89,263,10,273,Рассматривается к зачислению
260,168-093-988-19,нет,нет,требуется,94 90 89,273,0,273,Преим. право
261,184-537-898-22,нет,нет,не требуется,92 95 76,263,10,273,Согласие на др. конкурсе
262,173-710-103-38,нет,нет,не требуется,90 88 85,263,10,273,
263,132-896-129-79,нет,нет,требуется,90 75 98,263,10,273,
264,159-468-762-31,нет,нет,требуется,88 93 82,263,10,273,
265,194-730-346-88,нет,да,требуется,88 93 82,263,10,273,Согласие на др. конкурсе
266,178-232-655-88,нет,нет,требуется,88 88 94,270,3,273,
267,179-692-145-31,нет,нет,требуется,86 93 94,273,0,273,
268,159-925-585-30,нет,нет,требуется,86 90 94,270,3,273,
269,196-091-452-95,нет,нет,не требуется,86 90 87,263,10,273,
270,180-903-220-48,нет,нет,не требуется,86 88 89,263,10,273,
271,165-653-040-72,нет,да,требуется,84 95 91,270,3,273,Согласие на др. конкурсе
272,142-365-731-50,нет,да,требуется,84 85 94,263,10,273,Согласие на др. конкурсе
273,157-929-057-13,нет,нет,требуется,82 95 96,273,0,273,
274,183-741-878-04,нет,нет,не требуется,82 90 91,263,10,273,
275,188-966-807-66,нет,нет,требуется,82 90 91,263,10,273,
276,190-151-315-31,нет,да,не требуется,82 90 91,263,10,273,Согласие на др. конкурсе
277,165-774-022-90,нет,нет,требуется,76 93 94,263,10,273,
278,180-574-805-82,нет,да,требуется,96 85 91,272,0,272,Согласие на др. конкурсе
279,191-566-389-04,нет,нет,не требуется,94 90 78,262,10,272,
280,159-540-058-79,нет,нет,требуется,94 85 91,270,2,272,
281,164-889-790-46,нет,нет,требуется,90 95 87,272,0,272,
282,169-873-526-38,да,да,не требуется,90 90 82,262,10,272,Рассматривается к зачислению
283,203-341-937-20,нет,нет,требуется,90 88 94,272,0,272,
284,159-874-845-46,нет,нет,требуется,88 95 89,272,0,272,
285,148-223-963-72,нет,нет,требуется,88 88 91,267,5,272,Согласие на др. конкурсе
286,159-850-508-06,нет,нет,требуется,86 85 91,262,10,272,
287,160-057-907-43,нет,нет,требуется,78 93 91,262,10,272,
288,159-750-200-84,нет,нет,требуется,76 95 91,262,10,272,
289,187-581-575-28,нет,нет,не требуется,100 75 91,266,5,271,
290,160-927-012-52,нет,да,не требуется,96 85 80,261,10,271,Согласие на др. конкурсе
291,182-668-339-07,да,да,не требуется,94 90 87,271,0,271,Рассматривается к зачислению
292,171-919-781-03,нет,нет,требуется,92 90 89,271,0,271,
293,172-102-557-24,нет,нет,требуется,92 90 89,271,0,271,
294,203-808-458-48,нет,да,не требуется,92 88 91,271,0,271,Согласие на др. конкурсе
295,172-216-123-29,нет,нет,не требуется,90 96 85,271,0,271,
296,180-130-986-42,нет,да,не требуется,90 94 87,271,0,271,Согласие на др. конкурсе
297,184-676-573-26,нет,нет,"требуется, отказано",90 75 96,261,10,271,
298,159-039-800-86,да,да,требуется,88 88 85,261,10,271,Рассматривается к зачислению
299,157-275-862-01,нет,да,требуется,88 85 98,271,0,271,Согласие на др. конкурсе
300,173-734-822-88,нет,нет,не требуется,86 90 85,261,10,271,
301,185-388-209-11,нет,нет,не требуется,86 90 85,261,10,271,
302,204-404-882-27,да,да,требуется,86 90 85,261,10,271,Рассматривается к зачислению
303,183-741-215-72,нет,нет,не требуется,86 88 94,268,3,271,
304,183-401-903-51,да,да,не требуется,84 93 94,271,0,271,Рассматривается к зачислению
305,184-084-538-85,нет,нет,не требуется,84 93 94,271,0,271,
306,143-438-829-69,нет,нет,требуется,84 90 87,261,10,271,
307,184-596-909-34,нет,нет,не требуется,84 88 89,261,10,271,
308,199-362-178-23,нет,нет,не требуется,82 88 91,261,10,271,
309,165-613-436-68,нет,нет,не требуется,100 88 82,270,0,270,
310,195-170-832-88,да,нет,требуется,92 93 80,265,5,270,
311,154-591-873-96,нет,нет,требуется,90 100 80,270,0,270,
312,209-919-504-94,нет,да,не требуется,88 95 87,270,0,270,Согласие на др. конкурсе
313,147-971-020-86,нет,нет,требуется,88 95 84,267,3,270,
314,157-875-228-17,нет,да,не требуется,88 93 89,270,0,270,
315,188-614-773-22,нет,да,не требуется,88 90 82,260,10,270,Согласие на др. конкурсе
316,163-923-517-77,нет,нет,требуется,88 85 87,260,10,270,
317,150-565-877-73,нет,нет,требуется,88 80 92,260,10,270,
318,206-137-419-31,нет,да,требуется,88 78 94,260,10,270,Согласие на др. конкурсе
319,134-253-764-46,нет,нет,требуется,86 93 91,270,0,270,
320,187-016-626-78,нет,нет,не требуется,86 90 94,270,0,270,
321,184-845-443-10,нет,да,не требуется,86 85 89,260,10,270,Согласие на др. конкурсе
322,179-297-356-36,нет,нет,не требуется,86 80 94,260,10,270,
323,181-087-193-71,нет,нет,не требуется,84 100 76,260,10,270,
324,170-778-311-85,да,да,требуется,84 90 96,270,0,270,Рассматривается к зачислению
325,191-581-340-78,нет,нет,требуется,84 90 91,265,5,270,
326,164-131-220-19,нет,нет,не требуется,84 85 91,260,10,270,
327,203-451-209-06,да,да,требуется,80 80 100,260,10,270,Рассматривается к зачислению
328,158-421-782-81,нет,да,требуется,78 93 89,260,10,270,Согласие на др. конкурсе
329,170-033-126-04,нет,нет,требуется,76 90 94,260,10,270,
330,173-036-992-71,нет,да,не требуется,76 90 94,260,10,270,Согласие на др. конкурсе
331,150-811-203-14,нет,нет,не требуется,74 95 91,260,10,270,
332,184-807-664-09,нет,да,не требуется,99 80 82,261,8,269,Уже зачислен на др. конкурсе
333,202-932-875-51,нет,нет,не требуется,94 80 85,259,10,269,
334,157-433-943-86,нет,да,требуется,92 85 82,259,10,269,Согласие на др. конкурсе
335,178-287-275-24,нет,нет,не требуется,88 94 87,269,0,269,
336,168-660-490-07,нет,нет,требуется,88 90 91,269,0,269,
337,147-166-046-63,нет,нет,не требуется,88 85 96,269,0,269,
338,164-760-708-85,нет,нет,не требуется,88 85 96,269,0,269,
339,155-275-200-56,нет,нет,не требуется,86 93 80,259,10,269,
340,164-725-608-82,нет,нет,не требуется,86 93 80,259,10,269,
341,191-156-212-52,нет,да,не требуется,86 85 98,269,0,269,Согласие на др. конкурсе
342,206-870-391-70,нет,да,требуется,86 75 98,259,10,269,Согласие на др. конкурсе
343,184-431-693-82,нет,нет,не требуется,84 98 87,269,0,269,
344,184-703-566-87,нет,да,не требуется,84 98 87,269,0,269,Согласие на др. конкурсе
345,198-075-974-35,нет,нет,не требуется,84 95 85,264,5,269,
346,180-085-040-40,нет,нет,не требуется,82 93 91,266,3,269,
347,190-655-100-64,нет,нет,не требуется,82 83 94,259,10,269,
348,206-474-632-60,нет,нет,не требуется,80 90 94,264,5,269,
349,207-631-213-32,нет,да,не требуется,80 90 91,261,8,269,Согласие на др. конкурсе
350,164-470-721-69,нет,нет,требуется,80 90 89,259,10,269,
351,157-371-787-98,нет,нет,требуется,80 85 94,259,10,269,
352,184-762-143-94,нет,нет,не требуется,80 85 94,259,10,269,
353,143-677-407-79,нет,нет,требуется,78 83 98,259,10,269,
354,167-911-755-03,нет,нет,не требуется,78 83 98,259,10,269,
355,196-371-652-08,нет,нет,не требуется,100 98 70,268,0,268,
356,163-707-122-56,нет,нет,не требуется,96 90 82,268,0,268,
357,126-263-933-56,нет,нет,требуется,92 95 71,258,10,268,
358,160-102-849-11,нет,да,требуется,90 88 85,263,5,268,
359,2216000,нет,нет,не требуется,90 83 89,262,6,268,
360,160-474-994-80,нет,нет,требуется,88 93 87,268,0,268,
361,188-534-962-29,нет,нет,не требуется,88 93 87,268,0,268,
362,160-121-647-09,нет,нет,требуется,88 90 87,265,3,268,
363,201-344-010-81,нет,нет,требуется,88 85 85,258,10,268,
364,165-656-638-07,нет,нет,требуется,86 88 94,268,0,268,
365,169-181-200-75,нет,нет,не требуется,86 88 94,268,0,268,
366,153-873-102-69,нет,нет,требуется,86 83 89,258,10,268,
367,158-250-164-60,нет,нет,требуется,86 78 94,258,10,268,
368,158-675-851-29,нет,нет,требуется,84 93 91,268,0,268,
369,202-035-062-81,нет,да,не требуется,84 90 94,268,0,268,Согласие на др. конкурсе
370,166-817-895-25,нет,нет,не требуется,84 90 89,263,5,268,
371,187-847-120-23,нет,нет,не требуется,84 90 89,263,5,268,
372,175-927-890-32,нет,да,требуется,84 85 89,258,10,268,Согласие на др. конкурсе
373,199-649-229-53,нет,нет,не требуется,82 88 98,268,0,268,
374,165-536-154-77,да,да,не требуется,76 93 89,258,10,268,Рассматривается к зачислению
375,160-245-786-51,нет,нет,требуется,76 88 94,258,10,268,
376,185-526-880-10,нет,нет,не требуется,98 88 78,264,3,267,
377,158-655-636-14,нет,нет,требуется,94 93 80,267,0,267,
378,190-537-328-74,нет,да,не требуется,94 85 85,264,3,267,Согласие на др. конкурсе
379,196-440-120-73,нет,нет,не требуется,88 90 89,267,0,267,
380,168-474-327-06,нет,нет,требуется,88 83 96,267,0,267,
381,189-907-174-37,нет,нет,требуется,86 93 78,257,10,267,
382,164-646-390-91,нет,нет,требуется,86 80 91,257,10,267,
383,189-412-807-02,нет,нет,не требуется,86 80 91,257,10,267,
384,157-661-097-92,нет,нет,требуется,84 88 85,257,10,267,
385,162-700-367-40,нет,нет,требуется,82 93 89,264,3,267,
386,164-987-651-34,нет,нет,не требуется,82 91 94,267,0,267,
387,153-698-253-00,нет,нет,"требуется, отказано",82 90 85,257,10,267,
388,184-120-722-43,нет,нет,не требуется,82 88 87,257,10,267,
389,179-573-989-55,да,да,не требуется,80 93 89,262,5,267,Рассматривается к зачислению
390,204-752-932-55,нет,нет,требуется,78 95 94,267,0,267,
391,168-310-833-68,нет,нет,требуется,78 85 94,257,10,267,
392,188-224-053-79,нет,нет,требуется,78 85 94,257,10,267,Согласие на др. конкурсе
393,186-913-610-04,нет,нет,не требуется,100 78 78,256,10,266,
394,186-319-095-96,нет,нет,не требуется,96 72 98,266,0,266,
395,159-851-097-12,нет,нет,требуется,94 88 84,266,0,266,
396,202-317-356-07,нет,нет,не требуется,92 95 76,263,3,266,
397,196-436-544-11,нет,нет,не требуется,90 85 91,266,0,266,
398,163-709-498-93,нет,нет,требуется,88 88 80,256,10,266,
399,200-880-923-39,нет,нет,не требуется,86 88 87,261,5,266,
400,192-470-118-66,нет,нет,не требуется,84 95 87,266,0,266,
401,165-481-501-75,нет,нет,не требуется,84 90 89,263,3,266,
402,191-517-086-72,нет,нет,не требуется,84 90 82,256,10,266,
403,180-647-125-68,нет,нет,не требуется,84 88 91,263,3,266,
404,155-098-500-75,нет,нет,требуется,84 83 89,256,10,266,Согласие на др. конкурсе
405,180-851-367-77,нет,нет,не требуется,84 83 89,256,10,266,
406,185-816-345-05,нет,нет,не требуется,84 83 89,256,10,266,
407,202-054-638-04,нет,нет,не требуется,82 90 94,266,0,266,
408,160-693-123-59,нет,нет,требуется,82 88 96,266,0,266,
409,203-672-233-32,нет,нет,требуется,82 83 91,256,10,266,
410,187-383-327-10,нет,нет,не требуется,82 80 94,256,10,266,
411,201-965-603-49,нет,нет,не требуется,80 88 98,266,0,266,
412,188-273-115-97,нет,нет,требуется,78 93 85,256,10,266,
413,148-383-565-98,нет,нет,требуется,78 88 100,266,0,266,
414,153-364-368-62,нет,нет,не требуется,78 84 94,256,10,266,
415,174-767-820-19,нет,да,не требуется,74 100 82,256,10,266,Уже зачислен на др. конкурсе
416,204-320-480-01,нет,нет,требуется,92 93 80,265,0,265,
417,167-517-074-86,нет,нет,требуется,90 83 82,255,10,265,
418,186-305-679-93,нет,нет,не требуется,88 92 85,265,0,265,
419,148-155-407-66,нет,нет,требуется,88 90 87,265,0,265,
420,159-783-550-29,нет,нет,"требуется, отказано",88 85 82,255,10,265,
421,164-915-647-96,нет,нет,требуется,88 83 94,265,0,265,
422,197-622-814-12,нет,нет,не требуется,86 88 91,265,0,265,
423,133-070-084-08,нет,нет,требуется,86 85 94,265,0,265,
424,155-441-916-66,нет,нет,не требуется,86 83 96,265,0,265,
425,162-069-911-66,нет,нет,требуется,84 95 76,255,10,265,
426,135-054-472-36,да,да,не требуется,84 75 96,255,10,265,Рассматривается к зачислению
427,184-317-003-54,нет,нет,не требуется,84 75 96,255,10,265,
428,185-083-163-77,нет,нет,не требуется,82 88 85,255,10,265,
429,187-975-136-44,да,да,не требуется,82 85 98,265,0,265,Рассматривается к зачислению
430,161-103-684-19,нет,нет,требуется,82 85 88,255,10,265,
431,165-442-552 70,нет,нет,требуется,80 93 82,255,10,265,
432,165-670-036-74,нет,нет,требуется,80 93 82,255,10,265,
433,167-810-422-76,да,да,требуется,80 90 85,255,10,265,Рассматривается к зачислению
434,185-419-031-79,нет,нет,не требуется,80 88 87,255,10,265,
435,197-810-747-17,нет,нет,не требуется,80 81 94,255,10,265,
436,146-673-711-89,нет,нет,не требуется,78 95 82,255,10,265,
437,163-861-020-63,нет,да,требуется,78 95 82,255,10,265,Согласие на др. конкурсе
438,176-495-901-22,нет,нет,не требуется,78 88 89,255,10,265,
439,187-357-500-06,нет,нет,не требуется,78 88 89,255,10,265,
440,196-443-017-87,нет,нет,не требуется,76 93 91,260,5,265,
441,156-977-171-24,нет,нет,требуется,74 83 98,255,10,265,
442,191-274-224-64,нет,нет,не требуется,92 80 82,254,10,264,
443,187-909-664-44,нет,нет,не требуется,92 78 94,264,0,264,
444,182-546-057-77,нет,да,не требуется,90 93 78,261,3,264,Уже зачислен на др. конкурсе
445,203-049-736-27,нет,нет,"требуется, отказано",90 88 76,254,10,264,
446,198-354-893-39,нет,нет,не требуется,86 98 80,264,0,264,
447,154-438-714-74,нет,нет,требуется,84 95 85,264,0,264,
448,185-385-935-22,нет,нет,требуется,84 95 85,264,0,264,
449,132-100-498-91,нет,нет,требуется,84 93 87,264,0,264,
450,149-201-100-22,нет,нет,требуется,82 85 87,254,10,264,
451,179-090-832-03,нет,нет,"требуется, отказано",82 85 87,254,10,264,
452,185-495-453-20,нет,нет,не требуется,82 85 87,254,10,264,
453,156-019-713-57,нет,да,требуется,82 83 89,254,10,264,Согласие на др. конкурсе
454,158-441-631-77,нет,нет,не требуется,82 78 94,254,10,264,
455,158-725-370-99,нет,да,требуется,82 78 94,254,10,264,
456,139-323-391-63,нет,нет,требуется,80 85 89,254,10,264,Преим. право
457,169-184-627-09,нет,нет,не требуется,80 85 89,254,10,264,
458,205-650-584-48,нет,нет,не требуется,80 83 91,254,10,264,
459,178-702-927-07,нет,нет,требуется,80 78 96,254,10,264,
460,186-285-109-98,нет,да,не требуется,78 95 89,262,2,264,Согласие на др. конкурсе
461,174-202-621-35,нет,нет,не требуется,74 95 85,254,10,264,
462,159-416-627-93,нет,нет,требуется,100 67 87,254,9,263,
463,139-851-619-00,да,да,требуется,98 75 80,253,10,263,Рассматривается к зачислению
464,173-657-613-97,нет,нет,требуется,94 83 86,263,0,263,
465,186-232-070-63,нет,нет,не требуется,92 90 73,255,8,263,
466,202-440-243-93,нет,нет,требуется,92 80 91,263,0,263,
467,207-502-252-22,нет,нет,не требуется,88 93 82,263,0,263,Согласие на др. конкурсе
468,166-944-845-24,нет,нет,требуется,88 88 87,263,0,263,
469,204-616-658-46,нет,нет,требуется,88 85 87,260,3,263,
470,145-035-172-29,нет,нет,требуется,88 85 80,253,10,263,
471,162-092-485-56,нет,нет,не требуется,86 88 89,263,0,263,Преим. право
472,161-497-164-79,нет,нет,требуется,86 88 89,263,0,263,
473,204-787-384-84,нет,да,не требуется,86 85 92,263,0,263,Согласие на др. конкурсе
474,183-982-955-36,нет,нет,не требуется,86 75 92,253,10,263,
475,174-302-859-61,нет,нет,требуется,84 78 91,253,10,263,
476,182-465-094-82,нет,да,не требуется,82 90 89,261,2,263,Согласие на др. конкурсе
477,181-470-644-68,нет,нет,не требуется,80 75 98,253,10,263,
478,160-689-564-99,нет,нет,требуется,76 88 96,260,3,263,
479,188-596-106-35,нет,нет,не требуется,76 88 89,253,10,263,
480,170-714-725-57,нет,нет,не требуется,76 83 94,253,10,263,
481,161-585-974-98,да,да,требуется,74 83 96,253,10,263,Рассматривается к зачислению
482,179-771-514-28,нет,нет,требуется,90 90 82,262,0,262,
483,174-771-414-91,нет,нет,не требуется,86 85 91,262,0,262,
484,169-971-468-43,нет,да,не требуется,84 88 85,257,5,262,Согласие на др. конкурсе
485,141-821-476-41,да,нет,не требуется,84 84 94,262,0,262,
486,185-540-537-85,нет,нет,не требуется,82 93 87,262,0,262,
487,175-648-609-13,нет,нет,не требуется,82 88 82,252,10,262,
488,193-439-031-83,нет,нет,требуется,80 93 89,262,0,262,
489,194-330-070-55,нет,нет,не требуется,80 93 89,262,0,262,
490,158-141-343-54,нет,нет,не требуется,80 88 94,262,0,262,
491,177-805-083-00,нет,нет,не требуется,80 88 94,262,0,262,
492,164-309-065-55,нет,нет,требуется,80 88 85,253,9,262,Согласие на др. конкурсе
493,181-919-708-02,нет,нет,не требуется,80 85 94,259,3,262,
494,186-571-853-19,да,да,не требуется,80 83 94,257,5,262,Рассматривается к зачислению
495,199-723-440-26,нет,нет,требуется,80 83 89,252,10,262,
496,202-008-227-81,нет,нет,не требуется,78 90 89,257,5,262,
497,185-105-973-77,нет,нет,не требуется,78 88 96,262,0,262,
498,170-881-167-78,да,да,не требуется,78 80 94,252,10,262,Рассматривается к зачислению
499,196-383-258-15,нет,нет,требуется,78 80 94,252,10,262,
500,158-994-296-48,нет,нет,требуется,76 95 91,262,0,262,
501,167-941-046-97,нет,нет,требуется,76 80 96,252,10,262,
502,175-751-421-87,нет,нет,не требуется,70 88 94,252,10,262,
503,185-765-845-35,нет,нет,не требуется,100 85 76,261,0,261,
504,205-811-671-42,нет,нет,требуется,100 85 76,261,0,261,
505,185-032-709-60,нет,нет,не требуется,98 78 85,261,0,261,
506,175-874-297-28,нет,нет,не требуется,88 88 85,261,0,261,
507,203-395-036-33,да,да,не требуется,88 88 82,258,3,261,Рассматривается к зачислению
508,185-676-745-35,нет,нет,требуется,88 85 78,251,10,261,
509,201-430-165-84,нет,нет,не требуется,86 90 82,258,3,261,
510,198-380-854-31,нет,нет,не требуется,86 88 87,261,0,261,
511,164-961-091-91,нет,нет,требуется,86 83 89,258,3,261,
512,186-830-287-05,нет,нет,не требуется,86 83 89,258,3,261,
513,151-598-995-11,нет,да,требуется,86 78 87,251,10,261,Уже зачислен на др. конкурсе
514,160-698-038-83,нет,нет,не требуется,84 90 87,261,0,261,
515,139-021-948-52,нет,нет,требуется,84 88 89,261,0,261,
516,159-806-019-94,нет,нет,требуется,84 88 89,261,0,261,
517,176-085-288-96,нет,нет,не требуется,84 85 89,258,3,261,
518,186-598-330-35,нет,нет,не требуется,84 85 82,251,10,261,
519,150-183-530-27,нет,нет,требуется,84 80 87,251,10,261,
520,174-381-968-00,нет,нет,не требуется,84 80 87,251,10,261,
521,161-580-981-77,нет,да,не требуется,82 90 89,261,0,261,Согласие на др. конкурсе
522,183-885-991-46,нет,нет,не требуется,82 90 89,261,0,261,
523,198-452-889-41,нет,нет,не требуется,82 90 89,261,0,261,
524,176-290-147-81,нет,да,не требуется,82 85 94,261,0,261,Согласие на др. конкурсе
525,170-518-664-65,нет,нет,не требуется,82 78 91,251,10,261,
526,194-486-887-42,нет,нет,требуется,82 75 94,251,10,261,
527,138-997-526-39,нет,нет,требуется,76 88 87,251,10,261,
528,193-628-362-01,нет,нет,не требуется,100 72 78,250,10,260,
529,170-423-267-35,нет,да,не требуется,92 83 85,260,0,260,Согласие на др. конкурсе
530,200-779-460-54,нет,нет,требуется,90 90 80,260,0,260,
531,186-921-234-98,нет,нет,не требуется,88 85 87,260,0,260,
532,148-404-587-74,нет,нет,требуется,86 83 91,260,0,260,
533,136-592-084-77,нет,нет,не требуется,84 100 66,250,10,260,
534,166-382-281-87,нет,нет,требуется,84 88 85,257,3,260,
535,155-183-551-67,нет,нет,требуется,84 85 91,260,0,260,
536,189-176-502-16,нет,нет,не требуется,84 85 91,260,0,260,
537,202-042-576-95,нет,нет,требуется,84 80 96,260,0,260,
538,195-772-825-32,нет,нет,требуется,84 78 98,260,0,260,
539,166-166-870-96,нет,нет,требуется,84 70 96,250,10,260,
540,185-542-676-02,нет,нет,не требуется,82 93 82,257,3,260,
541,185-923-459-13,нет,да,не требуется,82 83 85,250,10,260,Согласие на др. конкурсе
542,176-084-962-02,да,да,не требуется,80 90 80,250,10,260,Рассматривается к зачислению
543,177-594-368-32,нет,нет,не требуется,80 88 87,255,5,260,
544,160-206-360-13,нет,нет,требуется,80 83 87,250,10,260,
545,201-924-186-29,нет,нет,не требуется,80 83 87,250,10,260,
546,205-620-937-38,нет,да,не требуется,78 88 94,260,0,260,Согласие на др. конкурсе
547,200-212-877-88,нет,нет,не требуется,78 84 98,260,0,260,
548,178-530-290-89,нет,да,не требуется,78 83 96,257,3,260,Согласие на др. конкурсе
549,175-755-832-17,нет,нет,требуется,78 78 94,250,10,260,
550,165-905-816-97,нет,нет,требуется,76 90 94,260,0,260,
551,189-734-641-34,нет,нет,не требуется,100 64 85,249,10,259,
552,172-996-125-12,нет,нет,не требуется,98 88 73,259,0,259,
553,158-367-637-10,нет,нет,требуется,88 85 76,249,10,259,
554,157-192-283-81,нет,нет,требуется,88 83 85,256,3,259,
555,142-946-358-79,нет,нет,не требуется,88 80 91,259,0,259,
556,166-189-263-00,да,да,не требуется,84 88 82,254,5,259,Рассматривается к зачислению
557,158-262-930-87,нет,нет,требуется,84 78 87,249,10,259,
558,207-275-436-57,нет,нет,не требуется,82 95 82,259,0,259,
559,133-424-204-13,нет,нет,требуется,82 85 82,249,10,259,
560,157-216-895-85,нет,нет,не требуется,80 88 91,259,0,259,
561,162-931-071-58,нет,да,не требуется,80 88 91,259,0,259,Согласие на др. конкурсе
562,167-561-912-00,нет,нет,не требуется,80 88 91,259,0,259,
563,166-287-552-04,нет,нет,требуется,78 98 73,249,10,259,
564,167-936-764-34,нет,нет,требуется,78 83 98,259,0,259,
565,176-766-128-16,нет,нет,не требуется,78 83 98,259,0,259,
566,143-228-050-25,нет,нет,требуется,78 75 96,249,10,259,
567,153-614-570-55,нет,нет,не требуется,76 95 78,249,10,259,
568,179-553-494-27,нет,нет,требуется,76 85 98,259,0,259,
569,211-254-408-05,нет,нет,требуется,72 93 94,259,0,259,
570,165-916-270-94,нет,нет,требуется,90 88 80,258,0,258,
571,148-107-048-46,да,да,не требуется,90 85 73,248,10,258,Рассматривается к зачислению
572,157-230-528-51,нет,нет,не требуется,90 78 80,248,10,258,
573,166-404-742-69,нет,нет,не требуется,88 88 82,258,0,258,
574,146-729-006-76,нет,нет,не требуется,88 85 80,253,5,258,
575,184-116-074-53,нет,нет,не требуется,88 78 82,248,10,258,
576,172-507-391-64,нет,нет,требуется,84 88 76,248,10,258,
577,166-235-458-75,нет,да,"требуется, отказано",82 88 85,255,3,258,Согласие на др. конкурсе
578,204-425-302-10,нет,да,не требуется,82 85 91,258,0,258,Согласие на др. конкурсе
579,188-574-534-33,нет,нет,не требуется,82 85 85,252,6,258,
580,179-196-380-26,нет,нет,не требуется,82 75 91,248,10,258,
581,161-343-887-60,нет,да,не требуется,80 90 78,248,10,258,Согласие на др. конкурсе
582,187-172-216-84,нет,нет,не требуется,78 90 80,248,10,258,
583,167-764-241-07,нет,нет,не требуется,78 83 87,248,10,258,
584,202-387-956-60,нет,да,не требуется,76 85 94,255,3,258,Согласие на др. конкурсе
585,188-902-088-13,нет,да,не требуется,74 88 91,253,5,258,Согласие на др. конкурсе
586,190-567-884-11,нет,нет,не требуется,100 77 80,257,0,257,
587,206-345-970-58,нет,нет,требуется,100 70 87,257,0,257,
588,166-142-922-65,нет,нет,требуется,92 83 82,257,0,257,
589,179-698-921-71,нет,нет,требуется,90 85 82,257,0,257,
590,166-258-926-03,нет,нет,не требуется,90 80 87,257,0,257,
591,160-536-079-48,нет,нет,требуется,84 88 82,254,3,257,
592,205-494-494-71,нет,да,требуется,84 88 82,254,3,257,Согласие на др. конкурсе
593,188-424-796-22,нет,нет,не требуется,82 95 80,257,0,257,
594,177-484-625-19,нет,нет,требуется,82 88 87,257,0,257,
595,186-750-710-03,нет,нет,требуется,82 88 87,257,0,257,
596,184-552-107-73,нет,нет,не требуется,80 95 82,257,0,257,
597,166-014-798-66,нет,нет,не требуется,80 90 87,257,0,257,
598,168-774-482-34,нет,нет,требуется,80 90 87,257,0,257,
599,160-478-559-81,да,да,требуется,80 83 94,257,0,257,Рассматривается к зачислению
600,191-232-093-43,нет,нет,не требуется,80 83 94,257,0,257,
601,194-006-885-77,нет,нет,не требуется,78 80 89,247,10,257,
602,172-715-936-84,нет,нет,требуется,76 75 96,247,10,257,
603,201-883-439-51,да,да,требуется,66 90 91,247,10,257,Рассматривается к зачислению
604,208-975-332-99,нет,нет,требуется,88 90 78,256,0,256,
605,202-875-780-71,нет,нет,не требуется,88 83 85,256,0,256,
606,185-265-956-11,нет,нет,"требуется, отказано",88 83 80,251,5,256,
607,181-989-676-46,нет,нет,"требуется, отказано",84 85 87,256,0,256,
608,163-990-019-87,нет,нет,требуется,84 80 89,253,3,256,
609,180-362-538-57,нет,да,не требуется,84 80 89,253,3,256,Согласие на др. конкурсе
610,201-710-732-00,нет,нет,не требуется,82 93 76,251,5,256,
611,165-959-057-22,нет,нет,требуется,82 88 76,246,10,256,
612,155-650-650-72,нет,нет,не требуется,82 83 88,253,3,256,
613,167-211-084-46,нет,нет,не требуется,74 88 91,253,3,256,
614,196-156-329-99,нет,нет,требуется,74 85 94,253,3,256,
615,169-545-021-94,нет,нет,требуется,92 85 78,255,0,255,
616,187-059-173-01,нет,нет,не требуется,90 78 82,250,5,255,
617,151-824-327-49,нет,нет,не требуется,86 70 89,245,10,255,Согласие на др. конкурсе
618,179-290-564-14,нет,нет,не требуется,84 93 78,255,0,255,
619,184-512-517-67,нет,нет,не требуется,84 80 91,255,0,255,
620,148-832-561-95,нет,нет,требуется,82 85 85,252,3,255,
621,164-534-844-81,нет,нет,требуется,82 85 78,245,10,255,
622,173-431-142-41,нет,нет,не требуется,82 83 89,254,1,255,
623,148-482-950-04,нет,нет,требуется,82 83 87,252,3,255,
624,165-649-114-92,нет,нет,не требуется,82 80 91,253,2,255,
625,147-144-341-49,нет,нет,не требуется,80 93 82,255,0,255,
626,188-557-464-38,нет,нет,не требуется,80 93 72,245,10,255,
627,173-067-857-84,нет,нет,не требуется,80 88 87,255,0,255,Согласие на др. конкурсе
628,177-440-819-92,нет,нет,не требуется,80 83 91,254,1,255,
629,185-573-354-06,нет,да,не требуется,80 83 89,252,3,255,Согласие на др. конкурсе
630,160-691-755-77,нет,нет,не требуется,80 78 87,245,10,255,
631,207-049-605-45,нет,нет,не требуется,78 90 87,255,0,255,
632,181-036-516-41,нет,нет,не требуется,78 78 89,245,10,255,
633,160-262-759-46,нет,нет,требуется,76 85 94,255,0,255,
634,177-591-603-12,нет,да,не требуется,76 75 94,245,10,255,
635,178-868-346-52,нет,нет,требуется,76 75 94,245,10,255,
636,195-226-093-82,нет,нет,не требуется,74 88 85,247,8,255,
637,181-749-402-91,нет,нет,требуется,72 85 98,255,0,255,
638,148-914-996-21,нет,нет,не требуется,72 83 91,246,9,255,
639,165-955-014-96,нет,нет,не требуется,72 75 98,245,10,255,
640,196-329-301-96,нет,да,не требуется,94 66 94,254,0,254,Согласие на др. конкурсе
641,196-185-047-02,нет,нет,не требуется,90 88 76,254,0,254,
642,164-255-263-62,нет,нет,"требуется, отказано",88 80 76,244,10,254,
643,164-516-478-77,нет,нет,не требуется,86 90 78,254,0,254,
644,199-336-969-47,нет,да,не требуется,86 88 80,254,0,254,Согласие на др. конкурсе
645,194-627-288-11,нет,да,не требуется,86 83 82,251,3,254,Согласие на др. конкурсе
646,190-347-137-62,нет,да,не требуется,84 85 85,254,0,254,Согласие на др. конкурсе
647,166-520-758-77,нет,да,не требуется,84 78 82,244,10,254,Согласие на др. конкурсе
648,185-500-182-58,нет,нет,не требуется,82 85 87,254,0,254,
649,189-388-319-44,нет,нет,требуется,80 93 71,244,10,254,
650,2200064,нет,нет,требуется,80 74 100,254,0,254,
651,159-823-300-90,нет,нет,не требуется,74 70 100,244,10,254,
652,168-273-682-06,нет,нет,"требуется, отказано",90 75 85,250,3,253,
653,187-524-115-87,нет,да,не требуется,88 78 87,253,0,253,Согласие на др. конкурсе
654,174-477-265-01,нет,нет,не требуется,84 93 76,253,0,253,
655,203-603-839-25,нет,нет,не требуется,84 78 91,253,0,253,
656,136-713-664-67,нет,нет,не требуется,82 83 85,250,3,253,
657,185-783-711-24,нет,нет,не требуется,80 88 82,250,3,253,
658,191-324-642-59,нет,нет,не требуется,80 83 80,243,10,253,
659,139-211-831-47,нет,нет,требуется,78 88 87,253,0,253,
660,157-230-566-57,нет,нет,требуется,78 88 87,253,0,253,
661,147-805-284-83,нет,нет,не требуется,78 80 85,243,10,253,
662,167-211-538-55,нет,нет,не требуется,78 79 96,253,0,253,
663,212-803-182-20,нет,нет,требуется,76 88 89,253,0,253,
664,186-704-843-06,да,да,не требуется,74 75 94,243,10,253,Рассматривается к зачислению
665,192-641-544-81,нет,нет,не требуется,90 75 87,252,0,252,
666,173-088-507-79,нет,нет,требуется,82 90 80,252,0,252,
667,178-275-808-18,нет,нет,"требуется, отказано",82 88 82,252,0,252,
668,183-942-827-09,нет,нет,не требуется,82 88 82,252,0,252,
669,172-339-001-48,нет,нет,требуется,82 83 87,252,0,252,
670,183-977-379-41,нет,нет,не требуется,82 80 80,242,10,252,
671,183-977-574-42,нет,нет,не требуется,82 80 80,242,10,252,
672,160-815-604-51,нет,нет,требуется,80 85 87,252,0,252,
673,163-804-802-67,нет,нет,требуется,80 85 87,252,0,252,
674,186-823-778-26,нет,нет,не требуется,100 62 89,251,0,251,
675,169-664-103-06,нет,нет,требуется,98 64 89,251,0,251,
676,184-364-573-96,нет,да,не требуется,88 80 80,248,3,251,
677,190-559-754-05,нет,нет,требуется,86 80 85,251,0,251,
678,168-937-994-57,нет,нет,требуется,86 78 87,251,0,251,
679,190-122-303-16,нет,нет,требуется,84 80 87,251,0,251,Согласие на др. конкурсе
680,179-819-336-36,нет,нет,не требуется,82 72 87,241,10,251,
681,170-458-529-73,нет,нет,требуется,80 85 76,241,10,251,
682,187-436-988-34,нет,нет,требуется,80 67 94,241,10,251,
683,178-644-643-20,нет,нет,требуется,78 85 85,248,3,251,
684,201-544-212-00,нет,да,требуется,76 78 89,243,8,251,Согласие на др. конкурсе
685,168-511-414-69,нет,нет,требуется,72 75 94,241,10,251,
686,184-585-854-27,нет,нет,не требуется,86 88 73,247,3,250,
687,184-317-731-79,нет,да,не требуется,86 80 78,244,6,250,Согласие на др. конкурсе
688,147-409-467-80,нет,нет,требуется,86 78 86,250,0,250,
689,169-121-057-56,нет,да,не требуется,84 78 85,247,3,250,Согласие на др. конкурсе
690,192-438-930-98,нет,нет,не требуется,82 77 91,250,0,250,
691,175-093-216-70,нет,нет,не требуется,80 88 82,250,0,250,
692,191-408-327-63,нет,нет,требуется,78 80 89,247,3,250,
693,171-394-247-71,нет,нет,не требуется,78 78 94,250,0,250,
694,178-125-441-77,нет,нет,требуется,78 75 89,242,8,250,
695,171-913-856-82,нет,нет,требуется,68 81 91,240,10,250,
696,178-729-829-44,нет,нет,не требуется,92 67 87,246,3,249,
697,174-477-540-01,нет,нет,требуется,86 80 80,246,3,249,
698,183-539-802-00,нет,нет,требуется,80 80 89,249,0,249,
699,178-635-219-07,нет,нет,"требуется, отказано",80 72 87,239,10,249,
700,178-206-677-95,да,да,не требуется,78 72 89,239,10,249,Рассматривается к зачислению
701,202-053-592-03,нет,нет,требуется,76 93 80,249,0,249,
702,175-770-524-99,нет,нет,требуется,76 88 85,249,0,249,
703,207-635-520-56,нет,да,требуется,76 88 85,249,0,249,Согласие на др. конкурсе
704,201-634-166-12,нет,нет,не требуется,76 85 78,239,10,249,
705,203-870-850-55,нет,нет,не требуется,76 80 91,247,2,249,
706,155-614-950-77,нет,нет,не требуется,74 93 82,249,0,249,
707,169-691-621-26,нет,нет,требуется,74 88 87,249,0,249,
708,183-602-334-56,нет,нет,не требуется,100 59 89,248,0,248,
709,142-440-396-31,нет,нет,требуется,86 90 69,245,3,248,
710,154-881-560-95,нет,нет,требуется,84 88 76,248,0,248,
711,200-256-217-94,нет,нет,не требуется,84 75 89,248,0,248,
712,200-446-236-03,нет,нет,требуется,80 88 80,248,0,248,
713,159-140-334-56,нет,нет,требуется,80 85 73,238,10,248,
714,192-101-073-21,нет,да,не требуется,80 80 85,245,3,248,Согласие на др. конкурсе
715,201-718-908-38,нет,нет,не требуется,78 83 87,248,0,248,
716,206-901-551-43,нет,нет,не требуется,76 85 85,246,2,248,
717,184-652-863-07,нет,нет,не требуется,76 78 94,248,0,248,
718,184-193-301-73,нет,нет,не требуется,74 80 94,248,0,248,
719,174-469-275-06,нет,нет,не требуется,74 75 89,238,10,248,
720,189-298-561-51,нет,нет,не требуется,70 83 85,238,10,248,
721,179-611-679-12,нет,нет,требуется,86 72 89,247,0,247,
722,188-129-302-91,нет,нет,не требуется,82 80 82,244,3,247,
723,156-965-150-06,нет,нет,не требуется,82 70 85,237,10,247,
724,157-765-899-39,нет,нет,требуется,92 85 66,243,3,246,
725,131-751-346-33,нет,нет,требуется,86 75 85,246,0,246,
726,176-998-646-68,да,да,требуется,86 70 80,236,10,246,Рассматривается к зачислению
727,200-239-469-13,нет,нет,не требуется,84 90 72,246,0,246,
728,165-173-593-80,нет,нет,требуется,82 88 76,246,0,246,
729,174-680-038-82,нет,нет,не требуется,82 80 84,246,0,246,
730,197-705-210-99,нет,нет,"требуется, отказано",80 90 76,246,0,246,
731,179-668-914-57,нет,нет,не требуется,80 88 78,246,0,246,
732,204-063-344-08,нет,нет,требуется,80 88 78,246,0,246,
733,159-295-849-28,нет,нет,не требуется,80 85 76,241,5,246,
734,205-341-611-15,нет,нет,требуется,78 88 80,246,0,246,
735,203-589-849-85,нет,нет,не требуется,78 83 85,246,0,246,
736,179-498-292-53,нет,да,не требуется,78 67 91,236,10,246,
737,188-734-226-16,да,да,не требуется,78 64 94,236,10,246,Рассматривается к зачислению
738,166-204-909-62,нет,да,требуется,76 85 85,246,0,246,Уже зачислен на др. конкурсе
,,,,,,,,,Преим. право
739,169-967-344-51,нет,нет,требуется,76 78 82,236,10,246,
740,205-193-352-36,нет,нет,требуется,74 85 87,246,0,246,
741,184-316-893-92,нет,да,не требуется,72 88 78,238,8,246,Согласие на др. конкурсе
742,143-916-471-71,нет,нет,не требуется,82 80 80,242,3,245,
743,200-533-869-19,нет,нет,не требуется,82 78 85,245,0,245,
744,188-504-171-92,нет,нет,не требуется,82 72 91,245,0,245,
745,181-321-558-44,нет,нет,требуется,82 62 91,235,10,245,
746,179-713-357-11,нет,нет,"требуется, отказано",80 85 80,245,0,245,
747,174-390-022-61,нет,нет,требуется,80 83 82,245,0,245,
748,177-205-676-83,нет,нет,не требуется,80 70 85,235,10,245,
749,186-610-820-83,нет,нет,не требуется,80 64 91,235,10,245,
750,181-373-575-78,нет,нет,требуется,78 80 87,245,0,245,
751,157-624-886-04,нет,да,не требуется,78 75 82,235,10,245,Согласие на др. конкурсе
752,169-361-418-93,нет,нет,требуется,76 80 89,245,0,245,
753,157-405-070-55,нет,да,не требуется,76 75 94,245,0,245,Согласие на др. конкурсе
754,168-796-249-45,нет,нет,требуется,74 80 91,245,0,245,
755,172-511-806-47,нет,нет,не требуется,72 88 85,245,0,245,
756,167-725-205-88,нет,нет,не требуется,88 83 73,244,0,244,
757,155-669-216-99,нет,нет,требуется,86 80 78,244,0,244,
758,165-400-595-53,нет,нет,требуется,86 78 80,244,0,244,
759,164-206-792-61,нет,нет,не требуется,84 80 80,244,0,244,
760,202-710-276-04,нет,нет,требуется,82 80 80,242,2,244,Согласие на др. конкурсе
761,173-091-680-68,нет,нет,не требуется,76 78 82,236,8,244,
762,173-651-303-62,да,да,не требуется,84 83 76,243,0,243,Рассматривается к зачислению
763,169-569-816-46,нет,нет,не требуется,78 95 70,243,0,243,
764,204-848-898-95,да,да,не требуется,76 78 89,243,0,243,Рассматривается к зачислению
765,180-732-867-80,нет,нет,не требуется,70 83 87,240,3,243,
766,182-571-597-95,нет,нет,требуется,64 83 96,243,0,243,
767,150-427-587-48,да,да,не требуется,92 80 67,239,3,242,Рассматривается к зачислению
768,183-982-876-38,нет,нет,не требуется,88 72 82,242,0,242,
769,177-574-516-16,нет,нет,не требуется,86 80 76,242,0,242,
770,146-329-578-83,нет,нет,не требуется,76 72 94,242,0,242,
771,164-787-990-38,нет,да,требуется,76 72 94,242,0,242,Согласие на др. конкурсе
772,181-418-784-81,нет,да,не требуется,74 67 91,232,10,242,Согласие на др. конкурсе
773,163-700-170-36,нет,нет,требуется,84 70 87,241,0,241,
774,175-240-732-60,нет,да,не требуется,82 72 82,236,5,241,Уже зачислен на др. конкурсе
,,,,,,,,,Преим. право
775,159-330-276-70,нет,нет,не требуется,82 67 82,231,10,241,Согласие на др. конкурсе
776,181-919-984-20,нет,нет,не требуется,80 72 89,241,0,241,
777,176-959-635-49,нет,нет,"требуется, отказано",78 80 80,238,3,241,
778,165-090-563-66,нет,нет,не требуется,76 80 85,241,0,241,
779,192-397-842-18,нет,да,не требуется,76 80 80,236,5,241,Уже зачислен на др. конкурсе
780,179-499-750-62,нет,нет,требуется,76 85 76,237,3,240,
781,170-152-660-33,нет,нет,требуется,74 90 73,237,3,240,
782,167-159-719-03,нет,нет,не требуется,58 88 89,235,5,240,
783,183-836-795-23,нет,нет,не требуется,78 64 87,229,10,239,
784,170-332-572-36,нет,нет,требуется,76 78 85,239,0,239,
785,174-496-388-17,нет,нет,не требуется,76 78 85,239,0,239,
786,167-994-522-40,нет,нет,не требуется,70 70 89,229,10,239,
787,202-128-224-94,нет,нет,не требуется,84 80 71,235,3,238,
788,134-487-132-63,нет,да,не требуется,78 80 80,238,0,238,
789,184-017-151-47,нет,нет,не требуется,100 72 65,237,0,237,
790,200-871-426-26,нет,да,требуется,86 88 60,234,3,237,
791,196-484-528-28,нет,нет,требуется,86 80 71,237,0,237,
