﻿№,СНИЛС/уникальный номер,Согласие на зачисление,Наличие подлинника/отметки о подлиннике с ЕПГУ,Потребность в общежитии,Оценки,Сумма баллов за ВИ,Балл за ИД,Сумма баллов,Примечание
",,,,,""Математика, Информатика и ИКТ, Русский язык"",,,,,,,,,,,,,",,,,,,,,,
1,153-261-982-60,нет,нет,требуется,99 100 98,297,10,307,
2,169-965-275-47,нет,нет,не требуется,100 96 100,296,10,306,
3,171-619-649-83,нет,нет,требуется,99 100 94,293,10,303,
4,147-895-454-27,нет,нет,не требуется,98 100 96,294,8,302,
5,190-184-818-76,нет,нет,требуется,98 98 96,292,10,302,
6,187-748-418-36,нет,нет,не требуется,100 94 96,290,10,300,
7,166-014-170-36,нет,нет,не требуется,100 99 100,299,0,299,
8,194-995-735-58,нет,нет,требуется,97 92 100,289,10,299,
9,159-987-503-50,нет,нет,требуется,95 94 100,289,10,299,
10,164-869-875-40,нет,нет,требуется,89 100 98,287,10,297,
11,161-595-823-89,нет,нет,требуется,95 92 98,285,10,295,
12,212-828-451-52,нет,да,требуется,100 92 92,284,10,294,Согласие на др. конкурсе
13,165-611-960-75,нет,да,требуется,93 100 91,284,10,294,Уже зачислен на др. конкурсе
14,185-185-527-99,нет,да,требуется,93 92 98,283,10,293,Согласие на др. конкурсе
15,167-564-966-25,нет,да,не требуется,90 100 98,288,5,293,Согласие на др. конкурсе
16,158-378-759-28,нет,нет,требуется,99 96 87,282,10,292,
17,188-600-779-07,нет,нет,требуется,100 90 91,281,10,291,
18,180-885-195-05,нет,нет,не требуется,95 100 96,291,0,291,
19,161-901-838-59,нет,нет,не требуется,95 86 100,281,10,291,
20,176-497-174-23,нет,нет,требуется,93 92 96,281,10,291,
21,165-059-764-89,нет,нет,не требуется,98 98 94,290,0,290,
22,184-538-205-88,нет,нет,не требуется,98 88 94,280,10,290,
23,178-176-955-26,нет,нет,не требуется,98 84 98,280,10,290,
24,143-792-458-86,нет,нет,не требуется,93 100 87,280,10,290,
25,191-827-611-94,нет,нет,требуется,99 92 88,279,10,289,
26,175-638-419-04,нет,нет,требуется,95 90 94,279,10,289,Согласие на др. конкурсе
27,164-416-704-62,нет,нет,требуется,93 92 94,279,10,289,
28,174-404-587-70,нет,нет,не требуется,89 90 100,279,10,289,
29,135-709-062-59,нет,да,требуется,98 84 96,278,10,288,Согласие на др. конкурсе
,,,,,,,,,Преим. право
30,171-272-630-50,нет,нет,требуется,95 96 94,285,3,288,
31,166-301-457-49,нет,нет,требуется,95 94 89,278,10,288,
32,164-617-187-79,нет,нет,не требуется,98 90 89,277,10,287,
33,187-322-637-88,нет,нет,требуется,95 88 94,277,10,287,
34,202-301-452-78,нет,нет,требуется,95 82 100,277,10,287,
35,164-793-319-02,нет,нет,не требуется,93 92 92,277,10,287,
36,187-858-418-47,нет,нет,требуется,95 92 89,276,10,286,
37,151-950-593-70,нет,нет,не требуется,90 88 98,276,10,286,
38,160-516-884-59,нет,нет,"требуется, отказано",100 86 89,275,10,285,
39,164-327-620-62,нет,нет,требуется,93 100 87,280,5,285,
40,183-636-426-90,нет,нет,не требуется,93 96 91,280,5,285,Согласие на др. конкурсе
41,165-486-154-96,нет,нет,требуется,93 88 94,275,10,285,
42,195-405-813-88,нет,нет,не требуется,93 88 94,275,10,285,
43,197-847-738-59,нет,нет,требуется,93 88 94,275,10,285,Согласие на др. конкурсе
44,202-052-269-92,нет,нет,не требуется,93 86 96,275,10,285,
45,166-275-174-86,нет,нет,требуется,93 84 98,275,10,285,
46,185-824-362-03,нет,нет,требуется,85 94 96,275,10,285,
47,197-691-045-26,нет,да,не требуется,100 90 94,284,0,284,Согласие на др. конкурсе
48,161-471-417-47,нет,нет,требуется,100 80 94,274,10,284,
49,158-827-869-34,нет,нет,требуется,99 88 87,274,10,284,
50,185-930-380-00,нет,нет,требуется,98 92 91,281,3,284,
51,165-045-651-60,нет,нет,"требуется, отказано",95 90 89,274,10,284,
52,164-883-923-17,нет,да,не требуется,95 88 91,274,10,284,Согласие на др. конкурсе
53,154-256-586-74,нет,нет,"требуется, отказано",93 92 89,274,10,284,
54,167-837-932-30,нет,нет,требуется,93 90 91,274,10,284,
55,199-736-142-36,нет,нет,не требуется,90 90 94,274,10,284,
56,158-693-817-29,нет,нет,требуется,88 92 94,274,10,284,
57,200-262-995-17,нет,нет,не требуется,88 88 98,274,10,284,
58,161-785-962-05,нет,нет,не требуется,100 84 89,273,10,283,
59,151-763-154-56,нет,нет,не требуется,93 86 94,273,10,283,
60,164-899-512-31,нет,нет,требуется,90 96 87,273,10,283,
61,165-606-029-64,нет,нет,требуется,89 86 98,273,10,283,
62,212-828-577-65,нет,да,требуется,100 80 92,272,10,282,Согласие на др. конкурсе
63,176-071-155-63,нет,нет,"требуется, отказано",99 84 89,272,10,282,
64,180-494-188-84,нет,да,требуется,98 94 80,272,10,282,Согласие на др. конкурсе
65,171-365-076-59,нет,нет,не требуется,97 96 89,282,0,282,
66,186-961-478-35,нет,нет,требуется,95 92 85,272,10,282,
67,150-033-822-05,нет,нет,требуется,93 88 98,279,3,282,
68,159-483-755-22,нет,нет,требуется,93 88 91,272,10,282,
69,181-234-530-43,нет,нет,"требуется, отказано",93 88 91,272,10,282,
70,177-190-034-74,нет,нет,не требуется,90 96 96,282,0,282,
71,181-789-280-18,нет,нет,не требуется,90 86 96,272,10,282,
72,189-955-639-66,нет,нет,не требуется,88 100 94,282,0,282,
73,193-082-132-60,нет,нет,не требуется,95 94 87,276,5,281,
74,142-810-071-22,нет,нет,требуется,95 80 96,271,10,281,
75,190-560-878-86,нет,да,требуется,95 78 98,271,10,281,Согласие на др. конкурсе
76,143-969-977-28,нет,нет,требуется,93 84 94,271,10,281,
77,165-417-741-78,нет,да,требуется,88 94 89,271,10,281,Согласие на др. конкурсе
78,156-814-587-97,нет,да,требуется,87 86 98,271,10,281,Согласие на др. конкурсе
79,180-661-642-70,нет,нет,не требуется,85 92 94,271,10,281,
80,175-987-614-44,нет,да,требуется,100 88 82,270,10,280,Уже зачислен на др. конкурсе
81,166-206-117-46,нет,нет,не требуется,99 84 94,277,3,280,
82,181-423-922-58,нет,нет,требуется,95 88 94,277,3,280,
83,164-366-523-78,нет,нет,требуется,95 88 87,270,10,280,
84,150-729-145-52,нет,нет,требуется,95 84 91,270,10,280,
85,166-760-851-04,нет,да,не требуется,95 84 91,270,10,280,Согласие на др. конкурсе
86,191-740-993-97,нет,нет,не требуется,93 88 89,270,10,280,
87,187-316-758-06,нет,да,не требуется,93 86 91,270,10,280,Согласие на др. конкурсе
88,165-894-481-28,нет,нет,требуется,90 98 89,277,3,280,
89,154-650-212-47,нет,нет,требуется,90 80 100,270,10,280,Согласие на др. конкурсе
90,174-913-224-77,нет,нет,требуется,88 88 94,270,10,280,
91,173-814-705-80,нет,нет,требуется,100 94 85,279,0,279,
92,157-071-665-71,нет,нет,требуется,99 90 87,276,3,279,
93,169-544-728-17,нет,нет,"требуется, отказано",97 88 94,279,0,279,
94,162-141-041-09,нет,нет,требуется,95 84 100,279,0,279,
95,156-590-484-97,нет,нет,требуется,95 80 94,269,10,279,
96,173-128-201-40,нет,нет,требуется,95 80 94,269,10,279,
97,200-452-728-07,нет,да,требуется,95 78 96,269,10,279,Согласие на др. конкурсе
98,195-688-291-47,нет,нет,требуется,93 94 89,276,3,279,
99,157-808-143-91,нет,нет,не требуется,93 82 94,269,10,279,
100,158-313-899-90,нет,нет,требуется,93 82 94,269,10,279,
101,157-480-282-85,нет,нет,требуется,93 80 96,269,10,279,
102,169-093-976-22,нет,нет,требуется,93 78 98,269,10,279,
103,161-340-357-27,нет,нет,требуется,93 76 100,269,10,279,Согласие на др. конкурсе
104,199-707-753-46,нет,нет,требуется,93 76 100,269,10,279,Согласие на др. конкурсе
105,184-594-744-23,нет,нет,требуется,90 88 91,269,10,279,
106,186-451-828-02,нет,нет,не требуется,90 88 91,269,10,279,
107,151-648-578-80,нет,нет,не требуется,89 94 96,279,0,279,
108,159-326-757-00,нет,нет,требуется,89 90 90,269,10,279,
109,146-345-969-88,нет,нет,требуется,89 86 94,269,10,279,
110,202-696-240-50,нет,нет,требуется,87 82 100,269,10,279,
111,158-378-445-13,нет,нет,требуется,95 86 87,268,10,278,
112,166-032-112-28,нет,да,требуется,95 82 91,268,10,278,Согласие на др. конкурсе
113,180-484-541-76,нет,нет,требуется,95 82 91,268,10,278,
114,164-137-821-62,нет,нет,требуется,93 100 85,278,0,278,
115,170-994-404-95,нет,нет,требуется,93 90 85,268,10,278,
116,195-153-193-82,нет,нет,требуется,93 90 85,268,10,278,
117,168-214-241-60,нет,нет,требуется,93 86 89,268,10,278,
118,190-861-201-69,нет,да,требуется,93 86 89,268,10,278,Согласие на др. конкурсе
119,166-755-928-23,нет,да,требуется,93 84 91,268,10,278,Согласие на др. конкурсе
120,194-905-134-95,нет,нет,требуется,90 90 98,278,0,278,
121,167-627-696-20,нет,нет,не требуется,90 84 94,268,10,278,Согласие на др. конкурсе
122,184-346-449-91,нет,да,не требуется,90 82 96,268,10,278,Согласие на др. конкурсе
123,165-684-061-96,нет,да,требуется,90 80 98,268,10,278,Согласие на др. конкурсе
124,169-865-298-48,нет,нет,требуется,88 86 94,268,10,278,
125,166-127-671-75,нет,нет,требуется,88 84 96,268,10,278,
126,170-319-481-52,нет,нет,"требуется, отказано",85 92 91,268,10,278,
127,163-775-760-06,нет,нет,требуется,80 92 96,268,10,278,
128,184-318-708-84,нет,нет,не требуется,99 84 94,277,0,277,
129,166-010-972-46,да,да,не требуется,99 74 94,267,10,277,Рассматривается к зачислению
130,160-543-170-35,нет,да,требуется,95 86 96,277,0,277,Согласие на др. конкурсе
131,163-294-959-96,нет,нет,требуется,95 82 100,277,0,277,
132,2209604,нет,да,требуется,93 90 94,277,0,277,Согласие на др. конкурсе
133,131-481-485-40,нет,нет,требуется,93 88 96,277,0,277,
134,164-598-878-36,нет,нет,требуется,93 86 98,277,0,277,
135,170-561-027-39,нет,да,"требуется, отказано",93 82 96,271,6,277,Согласие на др. конкурсе
136,146-986-691-36,нет,да,требуется,90 100 87,277,0,277,Согласие на др. конкурсе
137,196-048-730-00,нет,нет,требуется,90 88 89,267,10,277,
138,164-414-058-47,нет,нет,требуется,89 96 82,267,10,277,
139,165-949-228-18,нет,да,не требуется,88 88 91,267,10,277,
140,166-836-149-04,нет,нет,не требуется,85 88 94,267,10,277,
141,158-879-392-51,нет,да,требуется,98 82 96,276,0,276,Согласие на др. конкурсе
142,139-542-215-66,нет,нет,требуется,98 78 90,266,10,276,
143,141-225-435-12,нет,да,требуется,95 84 94,273,3,276,Согласие на др. конкурсе
144,166-037-588-80,нет,нет,требуется,95 82 89,266,10,276,
145,143-177-201-37,нет,нет,требуется,93 86 87,266,10,276,
146,158-961-794-34,нет,нет,требуется,93 82 91,266,10,276,
147,157-494-931-15,нет,нет,требуется,91 86 89,266,10,276,
148,167-388-939-36,нет,нет,требуется,90 84 92,266,10,276,
149,176-435-820-93,нет,нет,требуется,90 80 96,266,10,276,Согласие на др. конкурсе
150,205-973-792-94,нет,нет,не требуется,90 78 98,266,10,276,
151,166-150-817-62,нет,нет,требуется,89 92 85,266,10,276,
152,159-435-991-15,нет,нет,требуется,88 96 82,266,10,276,
153,159-344-948-07,нет,да,требуется,87 88 91,266,10,276,Согласие на др. конкурсе
154,157-338-939-03,нет,нет,требуется,85 100 91,276,0,276,
155,185-018-096-68,нет,нет,не требуется,100 82 85,267,8,275,
156,158-709-424-01,нет,нет,требуется,95 84 96,275,0,275,
157,165-939-375-23,нет,нет,требуется,95 72 98,265,10,275,
158,150-352-448-27,нет,нет,требуется,93 92 90,275,0,275,
159,173-790-751-03,нет,нет,требуется,93 78 94,265,10,275,
160,190-624-026-52,нет,да,не требуется,93 74 98,265,10,275,Согласие на др. конкурсе
161,147-012-018-12,нет,нет,требуется,91 94 80,265,10,275,
162,162-363-942-67,нет,нет,требуется,91 76 98,265,10,275,
163,201-590-561-27,нет,да,требуется,90 88 87,265,10,275,Согласие на др. конкурсе
164,162-968-371-09,нет,нет,не требуется,90 86 89,265,10,275,
165,202-443-828-23,нет,нет,требуется,90 86 89,265,10,275,
166,158-395-708-15,нет,да,требуется,90 84 91,265,10,275,Согласие на др. конкурсе
167,159-748-501-20,нет,нет,требуется,90 84 91,265,10,275,
168,193-318-263-77,нет,нет,не требуется,90 84 91,265,10,275,
169,163-254-738-65,нет,нет,требуется,89 94 82,265,10,275,
170,141-814-732-45,нет,нет,требуется,89 82 94,265,10,275,
171,149-575-821-16,нет,нет,требуется,87 80 98,265,10,275,
172,165-276-815-93,нет,да,требуется,85 84 96,265,10,275,Согласие на др. конкурсе
173,133-915-640-58,нет,да,требуется,83 84 98,265,10,275,Согласие на др. конкурсе
174,162-967-724-10,нет,нет,требуется,83 84 98,265,10,275,
175,184-318-687-96,нет,нет,не требуется,83 82 100,265,10,275,
176,200-504-262-84,нет,да,не требуется,100 78 91,269,5,274,Согласие на др. конкурсе
177,166-194-680-99,нет,нет,требуется,97 76 91,264,10,274,
178,196-702-300-81,нет,нет,требуется,95 80 89,264,10,274,
179,173-041-524-32,нет,нет,требуется,94 84 96,274,0,274,
180,163-266-855-82,нет,нет,требуется,93 90 91,274,0,274,
181,184-310-274-47,нет,нет,не требуется,93 82 96,271,3,274,
182,173-364-523-71,нет,нет,требуется,93 82 89,264,10,274,
183,183-628-362-94,нет,да,не требуется,93 82 89,264,10,274,Согласие на др. конкурсе
184,148-551-645-86,нет,нет,требуется,93 80 91,264,10,274,
185,166-706-978-12,нет,нет,требуется,93 80 91,264,10,274,
186,197-573-960-44,нет,нет,не требуется,90 80 94,264,10,274,
187,136-209-887-69,нет,да,требуется,90 78 96,264,10,274,Согласие на др. конкурсе
,,,,,,,,,Преим. право
188,158-572-611-98,нет,да,требуется,90 78 96,264,10,274,Согласие на др. конкурсе
189,158-056-085-74,нет,нет,требуется,90 76 98,264,10,274,
190,170-211-831-16,нет,нет,требуется,90 76 98,264,10,274,
191,177-104-625-62,нет,нет,требуется,88 82 94,264,10,274,
192,186-773-248-24,нет,да,не требуется,88 82 94,264,10,274,Согласие на др. конкурсе
193,161-689-201-82,нет,да,требуется,88 78 98,264,10,274,Согласие на др. конкурсе
194,175-528-220-81,нет,нет,"требуется, отказано",80 96 98,274,0,274,
195,160-263-341-28,нет,нет,требуется,95 80 94,269,4,273,
196,160-391-427-46,нет,нет,требуется,93 92 88,273,0,273,
197,171-259-932-79,нет,нет,не требуется,93 90 80,263,10,273,
198,205-792-846-85,нет,нет,требуется,93 86 94,273,0,273,
199,143-324-908-40,нет,нет,требуется,93 82 88,263,10,273,
200,184-078-266-91,нет,нет,не требуется,90 92 91,273,0,273,
201,200-646-903-27,нет,да,требуется,90 86 94,270,3,273,Согласие на др. конкурсе
202,172-690-595-97,нет,нет,требуется,90 86 87,263,10,273,
203,160-531-390-32,нет,нет,требуется,90 84 89,263,10,273,
204,147-239-501-68,нет,нет,требуется,90 82 91,263,10,273,
205,178-232-655-88,нет,нет,требуется,88 88 94,270,3,273,
206,172-936-010-73,нет,нет,требуется,88 84 91,263,10,273,
207,195-815-157-07,нет,нет,не требуется,88 84 91,263,10,273,
208,157-529-465-01,нет,нет,требуется,87 90 96,273,0,273,
209,157-379-698-29,нет,нет,требуется,87 88 98,273,0,273,
210,168-296-266-16,нет,нет,не требуется,85 84 94,263,10,273,
211,161-121-928-22,нет,да,требуется,85 80 98,263,10,273,Согласие на др. конкурсе
212,180-130-773-31,нет,да,не требуется,83 84 96,263,10,273,Согласие на др. конкурсе
213,142-610-770-30,нет,нет,требуется,100 86 76,262,10,272,
214,186-292-527-04,нет,нет,требуется,98 78 96,272,0,272,
215,159-476-425-14,нет,нет,требуется,95 88 89,272,0,272,
216,169-442-007-78,нет,нет,требуется,95 78 89,262,10,272,
217,159-750-200-84,нет,нет,требуется,95 76 91,262,10,272,
218,195-480-792-19,нет,нет,не требуется,93 92 87,272,0,272,
219,163-593-500-79,нет,нет,требуется,93 88 91,272,0,272,Согласие на др. конкурсе
220,175-437-641-93,нет,нет,требуется,93 84 85,262,10,272,
221,155-662-162-74,нет,нет,требуется,93 80 89,262,10,272,
222,205-405-859-39,нет,да,требуется,93 80 89,262,10,272,Согласие на др. конкурсе
223,187-357-225-06,нет,да,не требуется,90 92 80,262,10,272,Согласие на др. конкурсе
224,158-917-482-20,нет,нет,требуется,90 88 94,272,0,272,
225,186-001-635-47,нет,нет,требуется,90 88 94,272,0,272,
226,164-760-656-90,нет,да,требуется,90 86 96,272,0,272,Согласие на др. конкурсе
227,144-387-176-77,нет,нет,требуется,90 78 94,262,10,272,
228,130-162-594-13,нет,нет,не требуется,88 90 89,267,5,272,
229,163-832-590-81,нет,нет,требуется,88 76 98,262,10,272,
230,205-292-398-52,нет,нет,требуется,88 76 98,262,10,272,
231,185-484-493-19,нет,нет,не требуется,87 88 87,262,10,272,
232,155-310-421-23,нет,нет,требуется,87 84 91,262,10,272,
233,180-089-264-70,нет,да,не требуется,85 86 91,262,10,272,Уже зачислен на др. конкурсе
234,186-823-778-26,нет,нет,не требуется,83 100 89,272,0,272,
235,184-475-539-08,нет,нет,не требуется,80 86 96,262,10,272,
236,199-120-293-86,нет,нет,требуется,78 88 96,262,10,272,
237,183-893-191-19,нет,нет,не требуется,98 82 91,271,0,271,
238,194-389-838-39,нет,нет,не требуется,93 86 89,268,3,271,
239,135-542-210-33,нет,нет,требуется,93 84 94,271,0,271,
240,150-397-279-68,нет,нет,требуется,93 84 94,271,0,271,
241,173-870-984-14,нет,нет,требуется,93 84 94,271,0,271,Согласие на др. конкурсе
242,205-514-539-33,нет,да,не требуется,93 84 94,271,0,271,Согласие на др. конкурсе
243,179-636-143-15,нет,нет,требуется,93 84 91,268,3,271,
244,172-435-271-58,нет,да,требуется,93 80 98,271,0,271,
245,152-529-855-77,нет,нет,требуется,90 92 89,271,0,271,
246,165-973-205-02,нет,нет,требуется,90 86 85,261,10,271,
247,158-280-206-68,нет,да,требуется,90 84 87,261,10,271,Согласие на др. конкурсе
248,158-911-302-78,нет,да,требуется,90 80 96,266,5,271,Согласие на др. конкурсе
249,157-303-287-56,нет,нет,требуется,90 80 91,261,10,271,
250,175-847-885-39,нет,нет,требуется,90 80 91,261,10,271,
251,185-123-355-59,нет,нет,не требуется,90 80 91,261,10,271,
252,201-716-811-22,нет,нет,не требуется,89 90 89,268,3,271,
253,176-191-875-03,нет,нет,требуется,89 78 94,261,10,271,
254,136-853-441-80,нет,нет,требуется,88 86 87,261,10,271,
255,164-500-215-27,нет,нет,требуется,88 84 89,261,10,271,
256,189-677-817-66,нет,да,не требуется,88 82 98,268,3,271,Согласие на др. конкурсе
257,199-362-178-23,нет,нет,не требуется,88 82 91,261,10,271,
258,166-094-858-00,нет,нет,требуется,85 96 80,261,10,271,Согласие на др. конкурсе
259,182-114-987-63,нет,нет,требуется,85 90 96,271,0,271,
260,178-059-090-99,нет,да,не требуется,85 82 94,261,10,271,
261,170-978-814-14,нет,нет,не требуется,85 80 96,261,10,271,
262,148-601-095-59,нет,да,требуется,85 78 98,261,10,271,Согласие на др. конкурсе
263,159-025-225-56,нет,нет,требуется,83 88 96,267,4,271,
264,188-112-545-75,нет,нет,не требуется,83 84 94,261,10,271,Согласие на др. конкурсе
265,165-483-167-89,нет,да,требуется,98 86 76,260,10,270,Согласие на др. конкурсе
266,163-451-557-62,нет,нет,требуется,98 80 89,267,3,270,
267,126-263-933-56,нет,нет,требуется,97 92 71,260,10,270,
268,194-439-005-88,нет,нет,требуется,95 90 85,270,0,270,
269,171-436-864-74,нет,нет,требуется,95 76 89,260,10,270,
270,170-098-795-85,нет,нет,требуется,95 74 91,260,10,270,
271,2224759,нет,нет,требуется,93 86 91,270,0,270,
272,133-803-665-48,нет,нет,требуется,93 86 91,270,0,270,
273,158-286-146-97,нет,нет,требуется,93 82 85,260,10,270,Согласие на др. конкурсе
274,165-847-945-26,нет,нет,не требуется,93 80 94,267,3,270,
275,161-993-541-98,нет,нет,требуется,93 80 87,260,10,270,
276,198-480-322-14,нет,нет,требуется,93 80 87,260,10,270,
277,160-122-577-16,нет,да,требуется,93 76 91,260,10,270,
278,166-200-914-43,нет,нет,требуется,93 76 91,260,10,270,
279,164-124-330-31,нет,нет,требуется,91 84 85,260,10,270,
280,188-614-773-22,нет,да,не требуется,90 88 82,260,10,270,Согласие на др. конкурсе
281,162-162-271-35,нет,нет,требуется,90 84 96,270,0,270,
282,158-208-991-94,нет,да,требуется,90 82 98,270,0,270,Согласие на др. конкурсе
283,158-715-116-82,нет,нет,требуется,90 72 98,260,10,270,
284,166-589-830-33,нет,да,требуется,85 88 87,260,10,270,
285,158-875-235-23,нет,нет,требуется,85 86 89,260,10,270,
286,184-845-443-10,нет,да,не требуется,85 86 89,260,10,270,Согласие на др. конкурсе
287,199-641-631-27,нет,нет,не требуется,85 84 98,267,3,270,
288,188-668-680-59,нет,нет,требуется,83 90 87,260,10,270,
289,150-565-877-73,нет,нет,требуется,80 88 92,260,10,270,
290,177-962-958-49,нет,нет,не требуется,80 84 96,260,10,270,
291,202-644-503-21,нет,да,требуется,80 80 100,260,10,270,Согласие на др. конкурсе
292,189-114-169-86,нет,нет,не требуется,78 84 98,260,10,270,
293,165-042-439-46,нет,нет,требуется,95 78 96,269,0,269,
294,159-817-219-08,нет,нет,требуется,93 90 76,259,10,269,
295,139-902-403-72,нет,нет,требуется,93 84 82,259,10,269,
296,187-481-442-10,нет,нет,не требуется,91 84 94,269,0,269,
297,185-512-426-72,нет,нет,не требуется,90 82 94,266,3,269,
298,190-853-762-00,нет,нет,не требуется,90 80 89,259,10,269,Согласие на др. конкурсе
299,208-950-353-74,нет,нет,требуется,90 78 91,259,10,269,
300,181-192-360-59,нет,нет,не требуется,89 76 94,259,10,269,
301,162-772-062-69,нет,нет,требуется,88 80 91,259,10,269,
302,163-212-537-30,нет,нет,требуется,85 86 98,269,0,269,
303,174-273-175-73,нет,нет,требуется,85 80 94,259,10,269,
304,184-762-143-94,нет,нет,не требуется,85 80 94,259,10,269,
305,162-732-866-77,нет,нет,не требуется,85 78 96,259,10,269,
306,176-005-121-34,нет,нет,требуется,85 78 96,259,10,269,
307,195-926-526-27,нет,нет,требуется,85 76 98,259,10,269,
308,163-175-560-65,нет,нет,требуется,100 76 82,258,10,268,Согласие на др. конкурсе
309,164-577-894-22,нет,нет,требуется,98 78 82,258,10,268,
310,188-685-455-50,нет,нет,"требуется, отказано",93 90 85,268,0,268,
311,142-106-539-14,нет,нет,требуется,93 88 87,268,0,268,
312,160-474-994-80,нет,нет,требуется,93 88 87,268,0,268,
313,165-567-882-20,нет,нет,требуется,93 88 87,268,0,268,
314,176-321-580-69,нет,нет,требуется,93 86 89,268,0,268,
315,176-437-136-88,нет,нет,не требуется,93 78 87,258,10,268,
316,197-976-335-61,нет,нет,требуется,93 78 87,258,10,268,
317,159-934-706-22,нет,да,требуется,93 76 89,258,10,268,Согласие на др. конкурсе
318,189-541-095-11,нет,нет,"требуется, отказано",91 86 91,268,0,268,
319,161-923-285-66,нет,нет,"требуется, отказано",90 96 82,268,0,268,
320,184-479-550-19,нет,нет,не требуется,90 88 85,263,5,268,
321,162-077-243-50,нет,нет,требуется,90 86 89,265,3,268,
322,165-523-214-55,нет,нет,требуется,90 84 94,268,0,268,
323,203-823-924-43,нет,нет,не требуется,90 82 96,268,0,268,
324,159-416-614-88,нет,нет,требуется,90 80 98,268,0,268,
325,184-959-592-49,нет,да,не требуется,89 84 85,258,10,268,Согласие на др. конкурсе
326,197-197-339-31,нет,нет,"требуется, отказано",88 82 98,268,0,268,
327,183-968-864-48,нет,да,не требуется,88 80 94,262,6,268,Согласие на др. конкурсе
328,134-276-450-53,нет,нет,требуется,87 80 91,258,10,268,
329,166-580-077-89,нет,нет,требуется,85 86 87,258,10,268,
330,141-894-425-77,нет,нет,требуется,83 94 91,268,0,268,
331,162-152-906-42,нет,нет,"требуется, отказано",83 86 89,258,10,268,
332,156-079-088-85,нет,да,требуется,80 84 94,258,10,268,Согласие на др. конкурсе
333,164-958-582-27,нет,нет,требуется,78 92 98,268,0,268,
334,181-508-922-74,нет,нет,требуется,78 84 96,258,10,268,
335,183-158-314-71,нет,нет,требуется,76 84 98,258,10,268,
336,174-101-093-23,нет,нет,требуется,74 88 96,258,10,268,
337,168-363-766-10,нет,нет,не требуется,74 84 100,258,10,268,
338,172-957-185-08,нет,да,не требуется,72 92 94,258,10,268,Согласие на др. конкурсе
339,197-036-586-04,нет,нет,требуется,96 88 73,257,10,267,
340,175-882-538-23,нет,нет,требуется,95 82 80,257,10,267,
341,147-741-646-87,нет,нет,не требуется,95 78 94,267,0,267,
342,179-758-708-54,нет,нет,не требуется,93 86 80,259,8,267,
343,162-700-367-40,нет,нет,требуется,93 82 89,264,3,267,
344,166-251-992-86,нет,да,требуется,93 80 91,264,3,267,Согласие на др. конкурсе
345,166-263-705-78,нет,нет,не требуется,93 80 91,264,3,267,
346,179-573-989-55,нет,да,не требуется,93 80 89,262,5,267,Согласие на др. конкурсе
347,187-331-557-90,нет,нет,не требуется,90 92 82,264,3,267,
348,169-656-098-29,нет,да,требуется,90 86 91,267,0,267,Согласие на др. конкурсе
349,136-256-302-46,нет,нет,не требуется,90 82 85,257,10,267,
350,160-074-715-35,нет,нет,требуется,90 78 89,257,10,267,
351,165-132-197-48,нет,нет,не требуется,90 78 89,257,10,267,
352,168-798-930-63,нет,нет,требуется,90 76 91,257,10,267,
353,165-698-829-40,нет,нет,требуется,89 86 89,264,3,267,
354,150-078-079-38,нет,нет,требуется,88 84 85,257,10,267,
355,176-148-131-74,нет,да,не требуется,88 82 94,264,3,267,Согласие на др. конкурсе
356,156-167-100-57,нет,нет,требуется,88 80 89,257,10,267,Согласие на др. конкурсе
357,162-052-778-46,нет,нет,требуется,88 80 89,257,10,267,
358,186-188-537-19,нет,да,не требуется,88 80 89,257,10,267,Согласие на др. конкурсе
359,199-413-935-21,нет,нет,не требуется,88 80 89,257,10,267,
360,165-073-098-64,нет,нет,требуется,87 86 94,267,0,267,
361,163-405-533-45,нет,нет,требуется,85 90 82,257,10,267,
362,151-634-473-51,нет,нет,требуется,85 84 98,267,0,267,
363,158-759-799-54,нет,да,требуется,85 78 94,257,10,267,
364,167-211-079-49,нет,нет,не требуется,85 76 96,257,10,267,
365,187-824-083-13,нет,нет,не требуется,83 92 82,257,10,267,
366,160-562-056-40,нет,нет,требуется,83 88 96,267,0,267,
367,183-867-658-34,нет,нет,требуется,83 86 98,267,0,267,
368,164-009-857-61,нет,нет,требуется,83 80 94,257,10,267,
369,202-963-081-44,нет,нет,"требуется, отказано",83 80 94,257,10,267,
370,133-933-706-61,нет,нет,требуется,83 78 96,257,10,267,
371,165-724-621-82,нет,нет,требуется,83 78 96,257,10,267,
372,202-493-420-28,нет,нет,требуется,83 78 96,257,10,267,
373,149-324-206-59,нет,нет,требуется,82 90 85,257,10,267,
374,160-395-910-68,нет,нет,требуется,81 82 94,257,10,267,
375,161-782-798-00,нет,да,не требуется,81 82 94,257,10,267,Согласие на др. конкурсе
376,156-617-995-08,нет,нет,требуется,80 88 89,257,10,267,
377,190-580-113-58,нет,нет,"требуется, отказано",100 78 85,263,3,266,
378,141-242-581-19,нет,да,требуется,97 86 80,263,3,266,Согласие на др. конкурсе
379,192-470-118-66,нет,нет,не требуется,95 84 87,266,0,266,
380,131-909-078-51,нет,да,требуется,95 72 89,256,10,266,Согласие на др. конкурсе
,,,,,,,,,Преим. право
381,191-693-797-25,нет,нет,требуется,93 88 82,263,3,266,
382,146-729-006-76,нет,нет,не требуется,93 88 80,261,5,266,
383,145-870-019-69,нет,нет,требуется,93 74 89,256,10,266,
384,201-383-456-22,нет,нет,"требуется, отказано",91 92 80,263,3,266,
385,132-860-530-45,нет,нет,требуется,91 76 89,256,10,266,
386,165-654-061-81,нет,нет,требуется,91 74 91,256,10,266,
387,165-277-506-87,нет,нет,требуется,90 86 87,263,3,266,
388,175-547-282-00,нет,нет,не требуется,90 72 94,256,10,266,
389,200-199-168-27,нет,нет,не требуется,89 76 91,256,10,266,
390,163-709-498-93,нет,нет,требуется,88 88 80,256,10,266,
391,166-057-694-91,нет,нет,"требуется, отказано",88 84 91,263,3,266,
392,185-716-730-04,нет,нет,не требуется,88 82 96,266,0,266,
393,164-566-864-07,нет,нет,требуется,88 80 98,266,0,266,
394,170-391-291-56,нет,нет,требуется,88 80 98,266,0,266,
395,203-352-671-22,нет,нет,требуется,88 80 98,266,0,266,
396,148-383-565-98,нет,нет,требуется,88 78 100,266,0,266,
397,169-012-842-66,нет,нет,требуется,86 88 82,256,10,266,
398,181-238-530-59,нет,нет,требуется,85 88 90,263,3,266,
399,156-344-347-68,нет,нет,требуется,85 84 87,256,10,266,
400,181-036-526-43,нет,нет,требуется,85 82 96,263,3,266,
401,148-900-295-79,нет,нет,требуется,83 88 85,256,10,266,
402,168-536-245-00,нет,нет,требуется,83 86 87,256,10,266,
403,177-238-617-99,нет,да,не требуется,83 86 87,256,10,266,Уже зачислен на др. конкурсе
404,179-499-140-42,нет,нет,требуется,83 86 87,256,10,266,
405,155-098-500-75,нет,нет,требуется,83 84 89,256,10,266,Согласие на др. конкурсе
406,174-510-891-70,нет,нет,не требуется,83 84 89,256,10,266,
407,194-139-027-76,нет,нет,не требуется,83 84 89,256,10,266,
408,203-672-233-32,нет,нет,требуется,83 82 91,256,10,266,
409,190-691-489-01,нет,нет,не требуется,81 86 89,256,10,266,
410,183-452-782-89,нет,нет,не требуется,80 80 96,256,10,266,
411,169-483-657-29,нет,нет,требуется,80 78 98,256,10,266,
412,172-158-017-50,нет,нет,требуется,78 84 94,256,10,266,
413,142-414-026-09,нет,нет,требуется,78 78 100,256,10,266,
414,159-596-297-40,нет,нет,требуется,95 76 94,265,0,265,
415,156-079-232-75,нет,нет,требуется,93 82 80,255,10,265,
416,160-031-673-10,нет,нет,требуется,93 74 98,265,0,265,
417,177-440-876-00,нет,нет,требуется,91 80 94,265,0,265,
418,151-307-523-23,нет,нет,требуется,90 90 85,265,0,265,
419,197-289-913-48,нет,нет,требуется,90 90 85,265,0,265,
420,190-778-083-07,нет,нет,не требуется,90 88 87,265,0,265,
421,167-985-425-39,нет,да,не требуется,90 82 88,260,5,265,Согласие на др. конкурсе
422,180-792-939-08,нет,нет,требуется,90 80 85,255,10,265,
423,160-191-035-22,нет,нет,требуется,90 78 94,262,3,265,
424,175-912-595-03,нет,нет,требуется,89 82 91,262,3,265,
425,171-259-973-88,нет,да,не требуется,88 82 85,255,10,265,
426,142-714-393-47,да,да,требуется,88 78 89,255,10,265,Рассматривается к зачислению
427,174-757-804-14,нет,да,не требуется,88 78 89,255,10,265,Согласие на др. конкурсе
428,190-931-504-72,нет,да,не требуется,88 78 89,255,10,265,Согласие на др. конкурсе
429,144-825-182-67,нет,нет,требуется,88 76 91,255,10,265,
430,177-943-612-20,нет,нет,требуется,87 84 94,265,0,265,
431,159-783-550-29,нет,нет,"требуется, отказано",85 88 82,255,10,265,
432,187-975-136-44,нет,да,не требуется,85 82 98,265,0,265,Согласие на др. конкурсе
433,164-062-787-66,нет,нет,требуется,85 76 94,255,10,265,
434,204-768-225-64,нет,нет,требуется,85 76 94,255,10,265,Согласие на др. конкурсе
435,171-321-692-41,нет,да,требуется,85 74 96,255,10,265,Согласие на др. конкурсе
436,167-517-074-86,нет,нет,требуется,83 90 82,255,10,265,
437,168-823-477-14,нет,да,не требуется,83 80 96,259,6,265,Согласие на др. конкурсе
438,203-487-537-58,нет,да,"требуется, отказано",83 76 96,255,10,265,Согласие на др. конкурсе
439,159-172-390-87,нет,да,не требуется,83 74 98,255,10,265,Согласие на др. конкурсе
440,157-743-391-99,нет,нет,требуется,80 88 87,255,10,265,
441,201-515-594-16,нет,нет,требуется,80 86 89,255,10,265,Согласие на др. конкурсе
442,164-050-584-44,нет,нет,требуется,78 86 91,255,10,265,
443,190-696-078-06,нет,нет,не требуется,75 86 94,255,10,265,
444,184-349-119-88,нет,да,требуется,98 84 82,264,0,264,Согласие на др. конкурсе
445,159-324-945-95,нет,нет,не требуется,95 84 85,264,0,264,
446,198-539-061-29,нет,нет,не требуется,95 74 85,254,10,264,
447,207-047-138-31,нет,да,не требуется,93 84 87,264,0,264,Согласие на др. конкурсе
448,169-656-094-25,нет,нет,не требуется,93 82 89,264,0,264,
449,189-064-327-00,нет,нет,требуется,92 76 96,264,0,264,
450,157-827-425-03,нет,нет,не требуется,90 86 78,254,10,264,
451,212-013-868-00,нет,да,требуется,90 84 90,264,0,264,Согласие на др. конкурсе
452,165-545-026-71,нет,нет,не требуется,90 82 87,259,5,264,
453,190-889-542-28,нет,нет,не требуется,90 80 91,261,3,264,
454,178-072-939-04,нет,нет,требуется,88 86 90,264,0,264,
455,196-298-635-39,нет,нет,требуется,88 84 82,254,10,264,
456,178-515-982-19,нет,нет,требуется,88 82 94,264,0,264,
457,161-057-518-41,нет,нет,требуется,88 72 94,254,10,264,
458,199-243-226-02,нет,нет,требуется,87 90 87,264,0,264,
459,187-334-636-00,нет,нет,не требуется,87 86 91,264,0,264,
460,161-923-286-67,нет,нет,"требуется, отказано",85 94 85,264,0,264,
461,182-822-393-82,нет,нет,требуется,85 84 85,254,10,264,Преим. право
462,167-030-811-47,нет,нет,не требуется,85 82 91,258,6,264,
463,150-159-425-36,нет,нет,требуется,85 80 89,254,10,264,
464,161-009-627-28,нет,нет,требуется,85 80 89,254,10,264,
465,188-939-233-47,нет,нет,не требуется,85 80 89,254,10,264,
466,163-884-438-06,нет,нет,требуется,85 78 94,257,7,264,
467,170-738-502-70,нет,нет,требуется,85 78 91,254,10,264,
468,178-288-011-06,нет,нет,требуется,85 78 91,254,10,264,
469,191-274-224-64,нет,нет,не требуется,80 92 82,254,10,264,
470,155-619-474-90,нет,нет,требуется,80 78 96,254,10,264,
471,176-826-793-29,нет,нет,не требуется,80 78 96,254,10,264,
472,158-441-631-77,нет,нет,не требуется,78 82 94,254,10,264,
473,142-340-176-15,нет,нет,требуется,78 80 96,254,10,264,
474,158-215-036-53,нет,нет,требуется,78 80 96,254,10,264,
475,164-687-935-25,нет,нет,не требуется,78 78 98,254,10,264,
476,190-616-223-58,нет,нет,не требуется,78 78 98,254,10,264,
477,188-202-165-68,нет,нет,требуется,76 82 96,254,10,264,
478,172-396-072-81,нет,нет,"требуется, отказано",76 80 98,254,10,264,
479,165-898-459-46,нет,нет,требуется,72 88 94,254,10,264,Согласие на др. конкурсе
480,155-669-216-99,нет,нет,требуется,99 86 78,263,0,263,
481,143-274-143-38,нет,нет,не требуется,95 86 82,263,0,263,
482,173-308-473-64,нет,нет,требуется,95 82 76,253,10,263,
483,206-125-012-00,нет,нет,не требуется,95 76 82,253,10,263,
484,207-502-252-22,нет,нет,не требуется,93 88 82,263,0,263,Согласие на др. конкурсе
485,166-188-491-06,нет,нет,не требуется,93 82 88,263,0,263,
486,197-595-980-66,нет,нет,требуется,93 82 78,253,10,263,
487,187-366-853-29,нет,нет,требуется,93 78 82,253,10,263,
488,177-492-426-11,нет,нет,не требуется,90 86 87,263,0,263,
489,163-493-856-98,нет,нет,требуется,90 78 85,253,10,263,
490,170-610-203-14,нет,нет,не требуется,88 84 91,263,0,263,
491,156-657-814-08,нет,нет,требуется,88 80 85,253,10,263,
492,198-153-638-10,нет,да,не требуется,88 80 85,253,10,263,Согласие на др. конкурсе
493,171-234-060-26,нет,нет,требуется,88 78 87,253,10,263,
494,200-369-288-31,нет,нет,требуется,88 78 87,253,10,263,
495,164-974-011-92,нет,нет,требуется,88 76 89,253,10,263,
496,166-358-275-98,нет,нет,требуется,88 76 89,253,10,263,
497,193-190-936-91,нет,да,не требуется,88 76 89,253,10,263,Согласие на др. конкурсе
498,160-452-422-31,нет,нет,требуется,88 74 98,260,3,263,
499,169-498-305-33,нет,нет,требуется,88 74 91,253,10,263,
500,181-877-489-26,нет,да,требуется,88 74 91,253,10,263,Согласие на др. конкурсе
501,145-035-172-29,нет,нет,требуется,85 88 80,253,10,263,
502,190-519-062-65,нет,нет,требуется,85 84 94,263,0,263,
503,168-773-655-33,нет,нет,требуется,85 84 91,260,3,263,
504,166-924-846-15,нет,нет,"требуется, отказано",83 86 94,263,0,263,
505,173-492-033-71,нет,нет,не требуется,83 86 94,263,0,263,
506,187-975-225-44,нет,нет,не требуется,83 86 91,260,3,263,
507,177-986-131-40,нет,нет,требуется,83 76 94,253,10,263,
508,146-215-062-33,нет,нет,не требуется,78 84 91,253,10,263,
509,159-705-697-15,нет,нет,требуется,76 86 91,253,10,263,
510,183-982-955-36,нет,нет,не требуется,75 86 92,253,10,263,
511,159-500-840-73,нет,нет,требуется,95 78 89,262,0,262,
512,158-150-283-60,нет,нет,требуется,93 84 85,262,0,262,
513,147-914-173-84,нет,нет,не требуется,93 82 87,262,0,262,
514,193-439-031-83,нет,нет,требуется,93 80 89,262,0,262,
515,200-709-833-28,нет,нет,не требуется,93 80 89,262,0,262,
516,199-889-673-00,нет,нет,требуется,93 70 96,259,3,262,
517,153-519-166-61,нет,нет,требуется,91 82 89,262,0,262,Согласие на др. конкурсе
518,166-209-113-54,нет,нет,требуется,90 90 82,262,0,262,
519,179-771-514-28,нет,нет,требуется,90 90 82,262,0,262,
520,144-709-307-62,нет,нет,требуется,90 84 78,252,10,262,
521,183-662-675-03,нет,да,не требуется,90 78 89,257,5,262,Согласие на др. конкурсе
522,202-008-227-81,нет,нет,не требуется,90 78 89,257,5,262,
523,185-265-956-11,нет,нет,"требуется, отказано",89 88 80,257,5,262,
524,169-691-602-23,нет,нет,требуется,89 78 85,252,10,262,
525,192-235-787-85,нет,нет,требуется,88 86 78,252,10,262,
526,169-971-468-43,нет,да,не требуется,88 84 85,257,5,262,Согласие на др. конкурсе
527,164-309-065-55,нет,нет,требуется,88 80 85,253,9,262,Согласие на др. конкурсе
528,185-105-973-77,нет,нет,не требуется,88 78 96,262,0,262,
529,195-425-511-87,нет,нет,требуется,88 78 96,262,0,262,
530,173-171-906-63,нет,нет,требуется,88 76 98,262,0,262,
531,143-082-571-39,нет,нет,не требуется,87 92 73,252,10,262,
532,129-531-779-80,нет,нет,не требуется,85 80 87,252,10,262,
533,161-553-481-59,нет,да,не требуется,85 80 87,252,10,262,Согласие на др. конкурсе
534,190-291-487-76,нет,нет,не требуется,83 84 87,254,8,262,
535,184-639-899-37,нет,нет,не требуется,83 82 87,252,10,262,
536,141-973-357-74,нет,нет,не требуется,83 80 89,252,10,262,
537,158-651-090-87,нет,нет,требуется,83 80 89,252,10,262,
538,153-535-808-66,нет,да,требуется,83 78 91,252,10,262,Согласие на др. конкурсе
539,163-989-456-34,нет,нет,не требуется,80 92 80,252,10,262,
540,170-031-924-18,нет,нет,не требуется,80 92 80,252,10,262,
541,174-748-684-23,нет,нет,требуется,80 88 91,259,3,262,
542,175-710-569-82,нет,нет,не требуется,80 78 94,252,10,262,
543,168-751-483-13,нет,нет,требуется,80 76 96,252,10,262,
544,142-460-955-50,нет,нет,требуется,78 76 98,252,10,262,Согласие на др. конкурсе
545,159-374-216-94,нет,нет,не требуется,72 84 96,252,10,262,
546,163-160-321-27,нет,нет,требуется,95 76 80,251,10,261,Согласие на др. конкурсе
547,166-358-471-00,нет,нет,требуется,93 78 80,251,10,261,
548,194-988-610-53,нет,нет,требуется,93 74 91,258,3,261,
549,191-459-247-93,нет,нет,требуется,91 76 94,261,0,261,
550,161-580-981-77,нет,да,не требуется,90 82 89,261,0,261,Согласие на др. конкурсе
551,157-326-722-76,нет,да,требуется,90 74 87,251,10,261,Согласие на др. конкурсе
552,184-835-565-14,нет,нет,требуется,88 86 87,261,0,261,Согласие на др. конкурсе
553,139-021-948-52,нет,нет,требуется,88 84 89,261,0,261,
554,159-806-019-94,нет,нет,требуется,88 84 89,261,0,261,
555,187-976-156-52,нет,нет,не требуется,88 82 91,261,0,261,
556,131-554-975-56,нет,нет,требуется,88 78 85,251,10,261,Преим. право
557,166-203-983-68,нет,нет,не требуется,88 76 94,258,3,261,
558,170-283-362-51,нет,нет,требуется,88 76 94,258,3,261,
559,179-832-961-37,нет,да,не требуется,85 88 78,251,10,261,Согласие на др. конкурсе
560,165-868-192-23,нет,нет,требуется,85 86 87,258,3,261,
561,200-774-685-49,нет,да,не требуется,85 82 89,256,5,261,Согласие на др. конкурсе
562,191-149-197-77,нет,нет,требуется,85 80 96,261,0,261,
563,200-413-159-81,нет,нет,"требуется, отказано",85 80 96,261,0,261,
564,201-179-619-30,нет,нет,не требуется,85 80 96,261,0,261,
565,164-575-022-75,нет,нет,требуется,85 72 94,251,10,261,
566,186-830-287-05,нет,нет,не требуется,83 86 89,258,3,261,
567,197-433-537-07,нет,нет,требуется,83 84 94,261,0,261,
568,180-813-754-72,нет,нет,не требуется,83 84 91,258,3,261,
569,166-823-842-01,нет,нет,не требуется,83 74 94,251,10,261,
570,187-397-594-48,нет,нет,не требуется,83 70 98,251,10,261,
571,159-832-958-26,нет,нет,требуется,80 80 91,251,10,261,
572,188-464-639-30,нет,нет,не требуется,80 80 91,251,10,261,
573,193-883-385-30,нет,да,не требуется,78 86 87,251,10,261,Согласие на др. конкурсе
574,146-511-710-44,нет,нет,не требуется,78 84 89,251,10,261,
575,144-021-066-00,нет,да,требуется,75 82 94,251,10,261,Согласие на др. конкурсе
576,194-486-887-42,нет,нет,требуется,75 82 94,251,10,261,
577,151-812-027-27,нет,да,не требуется,95 82 80,257,3,260,Согласие на др. конкурсе
578,133-134-080-06,нет,нет,требуется,95 78 87,260,0,260,Преим. право
579,162-790-524-80,нет,нет,требуется,95 76 89,260,0,260,
580,157-250-649-69,нет,нет,требуется,95 74 91,260,0,260,
581,173-502-407-42,нет,нет,не требуется,93 84 78,255,5,260,
582,169-009-809-88,нет,нет,требуется,93 78 89,260,0,260,
583,194-046-050-62,нет,нет,требуется,93 78 89,260,0,260,
584,200-779-460-54,нет,нет,требуется,90 90 80,260,0,260,
585,167-189-537-14,нет,нет,требуется,90 90 70,250,10,260,
586,173-835-747-03,нет,нет,требуется,90 84 78,252,8,260,
587,176-084-962-02,нет,да,не требуется,90 80 80,250,10,260,Согласие на др. конкурсе
588,156-073-832-69,нет,нет,требуется,90 78 89,257,3,260,
589,201-123-235-70,нет,нет,требуется,90 78 82,250,10,260,
590,178-415-567-02,нет,да,не требуется,90 74 91,255,5,260,Согласие на др. конкурсе
591,164-269-118-75,нет,нет,требуется,88 88 80,256,4,260,
592,166-382-281-87,нет,нет,требуется,88 84 85,257,3,260,
593,170-729-917-88,нет,нет,требуется,88 80 89,257,3,260,
594,199-748-971-78,нет,нет,требуется,88 80 82,250,10,260,
595,143-575-061-59,нет,нет,требуется,88 78 94,260,0,260,
596,163-590-094-74,нет,да,требуется,88 78 94,260,0,260,Согласие на др. конкурсе
597,169-480-131-93,нет,нет,требуется,88 78 94,260,0,260,
598,199-602-730-13,нет,нет,требуется,88 76 96,260,0,260,
599,207-087-457-63,нет,нет,требуется,88 74 98,260,0,260,
600,192-324-774-77,нет,да,"требуется, отказано",85 90 76,251,9,260,Согласие на др. конкурсе
601,186-921-234-98,нет,нет,не требуется,85 88 87,260,0,260,
602,135-837-766-97,нет,нет,требуется,85 86 89,260,0,260,
603,207-374-819-70,нет,нет,требуется,85 82 85,252,8,260,
604,196-564-287-26,нет,нет,не требуется,85 78 94,257,3,260,
605,147-692-606-01,нет,нет,требуется,85 76 89,250,10,260,
606,170-423-267-35,нет,да,не требуется,83 92 85,260,0,260,Согласие на др. конкурсе
607,154-075-921-63,нет,нет,не требуется,83 82 85,250,10,260,Преим. право
608,206-681-265-62,нет,нет,требуется,83 82 85,250,10,260,
609,171-209-114-28,нет,нет,требуется,83 80 87,250,10,260,
610,149-629-818-18,нет,нет,не требуется,83 78 89,250,10,260,Согласие на др. конкурсе
611,162-070-322-20,нет,нет,требуется,80 76 94,250,10,260,
612,195-576-922-36,нет,нет,не требуется,80 76 94,250,10,260,
613,178-649-394-42,нет,да,требуется,80 74 96,250,10,260,
614,203-951-545-49,нет,нет,требуется,80 74 96,250,10,260,
615,161-792-034-68,нет,нет,требуется,78 78 94,250,10,260,
616,162-534-904-62,нет,да,не требуется,75 86 89,250,10,260,Согласие на др. конкурсе
617,202-095-293-23,нет,нет,не требуется,74 80 96,250,10,260,
618,196-257-216-00,нет,нет,требуется,72 84 94,250,10,260,
619,157-598-554-32,нет,нет,требуется,95 88 76,259,0,259,
620,169-951-683-38,нет,да,требуется,95 82 82,259,0,259,Согласие на др. конкурсе
621,207-275-436-57,нет,нет,не требуется,95 82 82,259,0,259,
622,211-254-408-05,нет,нет,требуется,93 72 94,259,0,259,
623,171-274-451-57,нет,нет,требуется,90 82 87,259,0,259,
624,192-631-307-65,нет,нет,не требуется,90 82 87,259,0,259,
625,162-869-747-19,нет,нет,не требуется,90 80 89,259,0,259,
626,142-674-583-75,нет,нет,требуется,90 78 91,259,0,259,
627,178-752-530-15,нет,нет,требуется,90 78 91,259,0,259,
628,190-681-619-89,нет,нет,не требуется,90 78 91,259,0,259,
629,186-807-349-15,нет,нет,не требуется,89 80 90,259,0,259,
630,166-189-263-00,нет,да,не требуется,88 84 82,254,5,259,Согласие на др. конкурсе
631,200-991-264-42,нет,да,требуется,88 82 89,259,0,259,Согласие на др. конкурсе
632,162-931-071-58,нет,да,не требуется,88 80 91,259,0,259,Согласие на др. конкурсе
633,198-121-386-87,нет,да,требуется,88 80 88,256,3,259,Согласие на др. конкурсе
634,183-977-379-41,нет,нет,не требуется,87 82 80,249,10,259,
635,158-367-637-10,нет,нет,требуется,85 88 76,249,10,259,
636,171-713-783-70,нет,нет,требуется,85 84 80,249,10,259,
637,193-862-248-08,нет,нет,требуется,85 82 92,259,0,259,
638,204-754-551-54,нет,нет,требуется,85 78 96,259,0,259,Согласие на др. конкурсе
639,179-903-049-09,нет,нет,не требуется,85 78 91,254,5,259,
640,142-088-754-61,нет,нет,не требуется,85 70 100,255,4,259,
641,157-192-283-81,нет,нет,требуется,83 88 85,256,3,259,
642,176-766-128-16,нет,нет,не требуется,83 78 98,259,0,259,
643,178-909-987-59,нет,нет,требуется,81 84 94,259,0,259,
644,158-165-743-92,нет,нет,требуется,80 84 87,251,8,259,
645,173-392-523-78,нет,да,не требуется,80 84 85,249,10,259,Согласие на др. конкурсе
646,189-101-854-83,нет,нет,не требуется,80 84 85,249,10,259,
647,146-156-329-59,нет,нет,требуется,80 80 89,249,10,259,Преим. право
648,153-214-548-33,нет,нет,"требуется, отказано",80 80 89,249,10,259,
649,183-757-764-24,нет,нет,не требуется,80 80 89,249,10,259,
650,158-376-720-05,нет,да,требуется,80 78 91,249,10,259,Согласие на др. конкурсе
651,172-959-067-11,нет,нет,требуется,80 78 91,249,10,259,
652,146-121-799-50,нет,нет,требуется,78 90 91,259,0,259,
653,170-870-940-82,нет,нет,требуется,78 90 91,259,0,259,
654,158-262-930-87,нет,нет,требуется,78 84 87,249,10,259,
655,178-451-258-97,нет,нет,не требуется,78 82 89,249,10,259,
656,180-143-466-40,нет,нет,"требуется, отказано",78 82 89,249,10,259,
657,144-601-312-21,нет,да,не требуется,78 80 91,249,10,259,Согласие на др. конкурсе
658,171-820-779-73,нет,нет,требуется,75 80 94,249,10,259,
659,165-847-794-29,нет,нет,не требуется,75 78 96,249,10,259,
660,181-383-861-86,нет,нет,не требуется,98 70 87,255,3,258,
661,178-316-915-00,нет,нет,требуется,95 78 85,258,0,258,
662,187-059-489-18,нет,нет,не требуется,95 76 87,258,0,258,
663,166-993-611-29,нет,нет,требуется,93 76 89,258,0,258,
664,174-028-976-81,нет,нет,требуется,93 76 89,258,0,258,
665,202-855-074-42,нет,нет,требуется,91 76 91,258,0,258,
666,187-172-216-84,нет,нет,не требуется,90 78 80,248,10,258,
667,165-303-358-48,нет,да,требуется,90 70 98,258,0,258,Согласие на др. конкурсе
668,159-243-277-82,нет,нет,требуется,88 82 78,248,10,258,
669,163-387-896-10,нет,нет,не требуется,88 80 87,255,3,258,Преим. право
670,151-511-219-11,нет,да,не требуется,88 78 89,255,3,258,Согласие на др. конкурсе
671,169-073-676-03,нет,нет,требуется,88 78 82,248,10,258,
672,156-894-894-44,нет,нет,требуется,88 76 94,258,0,258,
673,168-545-293-08,нет,нет,не требуется,88 76 94,258,0,258,
674,159-971-172-22,нет,нет,требуется,88 74 96,258,0,258,
675,188-902-088-13,нет,да,не требуется,88 74 91,253,5,258,Согласие на др. конкурсе
676,185-264-268-91,нет,нет,не требуется,87 86 80,253,5,258,
677,162-823-974-85,нет,нет,требуется,85 86 87,258,0,258,
678,184-433-295-80,нет,нет,требуется,85 84 89,258,0,258,
679,204-425-302-10,нет,да,не требуется,85 82 91,258,0,258,Согласие на др. конкурсе
680,143-166-417-42,нет,нет,требуется,85 78 85,248,10,258,
681,205-761-310-39,нет,нет,требуется,85 76 94,255,3,258,
682,140-185-122-15,нет,нет,требуется,85 76 87,248,10,258,Согласие на др. конкурсе
683,148-329-006-66,нет,нет,требуется,85 76 87,248,10,258,Согласие на др. конкурсе
684,159-346-964-15,нет,нет,требуется,85 76 87,248,10,258,
685,187-207-873-01,нет,да,не требуется,84 82 89,255,3,258,Согласие на др. конкурсе
686,159-632-344-91,нет,нет,требуется,83 84 91,258,0,258,
687,194-314-256-69,нет,нет,требуется,83 78 87,248,10,258,
688,163-026-006-17,нет,да,не требуется,83 76 89,248,10,258,Согласие на др. конкурсе
689,174-789-634-37,нет,нет,не требуется,83 76 89,248,10,258,
690,158-026-992-85,нет,нет,требуется,81 82 85,248,10,258,
691,188-747-215-30,нет,нет,требуется,81 76 91,248,10,258,
692,157-563-633-96,нет,нет,не требуется,80 86 89,255,3,258,
693,145-764-674-99,нет,нет,требуется,80 84 94,258,0,258,
694,148-273-073-72,нет,нет,не требуется,80 74 94,248,10,258,Согласие на др. конкурсе
695,158-406-127-66,нет,да,требуется,80 74 94,248,10,258,Согласие на др. конкурсе
696,157-230-528-51,нет,нет,не требуется,78 90 80,248,10,258,
697,202-485-955-57,да,да,требуется,78 88 92,258,0,258,Рассматривается к зачислению
698,184-116-074-53,нет,нет,не требуется,78 88 82,248,10,258,
699,158-901-334-81,нет,нет,требуется,78 76 94,248,10,258,
700,191-915-903-96,нет,нет,не требуется,78 76 94,248,10,258,Согласие на др. конкурсе
701,203-710-923-19,нет,нет,требуется,78 76 94,248,10,258,
702,171-449-384-80,нет,нет,требуется,78 74 96,248,10,258,
703,184-481-120-75,нет,да,не требуется,78 74 96,248,10,258,Согласие на др. конкурсе
704,156-551-077-70,нет,нет,требуется,76 72 100,248,10,258,
705,166-051-360-48,нет,нет,"требуется, отказано",75 84 89,248,10,258,
706,174-080-516-55,нет,нет,не требуется,95 82 80,257,0,257,
707,189-800-116-94,нет,нет,требуется,95 80 82,257,0,257,
708,160-795-149-83,нет,нет,требуется,93 88 76,257,0,257,
709,176-010-607-36,нет,да,не требуется,90 84 73,247,10,257,Согласие на др. конкурсе
710,173-413-540-49,нет,нет,требуется,90 82 85,257,0,257,
711,187-554-603-12,нет,нет,не требуется,90 82 85,257,0,257,
712,203-138-109-03,нет,нет,требуется,90 76 91,257,0,257,
713,160-536-079-48,нет,нет,требуется,88 84 82,254,3,257,
714,185-354-841-99,нет,да,не требуется,88 84 82,254,3,257,Согласие на др. конкурсе
715,177-484-625-19,нет,нет,требуется,88 82 87,257,0,257,
716,186-750-710-03,нет,нет,требуется,88 82 87,257,0,257,
717,187-962-100-15,нет,нет,не требуется,88 82 87,257,0,257,
718,192-596-012-97,нет,нет,требуется,88 82 87,257,0,257,
719,208-910-651-61,нет,да,требуется,88 80 89,257,0,257,Согласие на др. конкурсе
720,138-461-149-66,нет,нет,требуется,88 80 87,255,2,257,
721,201-370-277-04,нет,нет,требуется,88 72 87,247,10,257,
722,213-526-423-29,нет,нет,требуется,87 88 82,257,0,257,
723,194-153-146-68,нет,нет,требуется,85 78 94,257,0,257,
724,169-437-702-08,нет,нет,не требуется,85 76 96,257,0,257,
725,187-014-242-58,нет,нет,не требуется,85 76 96,257,0,257,
726,164-336-914-74,нет,нет,требуется,83 88 76,247,10,257,Согласие на др. конкурсе
727,168-918-082-20,нет,да,не требуется,83 80 94,257,0,257,Согласие на др. конкурсе
728,184-765-517-15,нет,нет,не требуется,83 76 98,257,0,257,
729,183-912-302-71,нет,нет,требуется,83 74 100,257,0,257,
730,168-397-597-42,нет,нет,требуется,81 86 80,247,10,257,
731,173-689-034-06,нет,да,не требуется,80 80 87,247,10,257,Согласие на др. конкурсе
732,172-558-232-79,нет,да,не требуется,80 78 89,247,10,257,
733,186-209-819-97,нет,нет,не требуется,80 78 89,247,10,257,
734,207-347-945-72,нет,нет,не требуется,78 82 87,247,10,257,
735,189-691-621-42,нет,нет,требуется,78 80 89,247,10,257,
736,164-171-277-56,нет,нет,не требуется,78 78 91,247,10,257,
737,159-370-115-74,нет,нет,требуется,76 84 87,247,10,257,
738,175-445-482-93,нет,нет,требуется,76 80 91,247,10,257,
739,193-785-218-18,нет,нет,требуется,72 86 89,247,10,257,
740,183-428-274-83,нет,да,не требуется,93 78 85,256,0,256,Согласие на др. конкурсе
741,205-671-987-77,нет,да,требуется,93 76 87,256,0,256,Согласие на др. конкурсе
742,159-472-678-17,нет,нет,требуется,90 84 82,256,0,256,Согласие на др. конкурсе
743,193-641-201-68,нет,нет,"требуется, отказано",90 84 82,256,0,256,
744,198-081-060-92,нет,нет,требуется,90 84 82,256,0,256,
745,148-295-790-11,нет,нет,требуется,90 80 76,246,10,256,
746,180-750-105-47,нет,нет,не требуется,90 78 78,246,10,256,
747,164-371-521-61,нет,нет,требуется,90 76 80,246,10,256,
748,148-834-860-10,нет,нет,не требуется,90 72 91,253,3,256,
749,165-959-057-22,нет,нет,требуется,88 82 76,246,10,256,
750,164-717-292-85,нет,да,не требуется,88 76 89,253,3,256,Согласие на др. конкурсе
751,166-007-150-39,нет,нет,требуется,88 76 82,246,10,256,
752,166-754-746-15,нет,нет,"требуется, отказано",88 76 82,246,10,256,
753,141-551-467-37,нет,нет,не требуется,88 72 96,256,0,256,
754,165-800-933-75,нет,нет,требуется,87 80 89,256,0,256,
755,165-140-166-38,нет,нет,требуется,87 78 91,256,0,256,
756,181-989-676-46,нет,нет,"требуется, отказано",85 84 87,256,0,256,
757,194-591-234-02,нет,нет,требуется,85 84 87,256,0,256,
758,187-846-976-59,нет,нет,не требуется,85 82 89,256,0,256,
759,164-948-906-22,нет,нет,требуется,85 80 91,256,0,256,
760,127-148-015-38,нет,да,не требуется,85 76 85,246,10,256,Согласие на др. конкурсе
761,186-500-642-72,нет,нет,требуется,85 76 85,246,10,256,
762,168-541-934-02,нет,да,требуется,85 72 89,246,10,256,Согласие на др. конкурсе
763,203-495-246-47,да,да,требуется,85 72 89,246,10,256,Рассматривается к зачислению
764,149-337-515-86,нет,нет,требуется,83 88 85,256,0,256,Согласие на др. конкурсе
765,202-875-780-71,нет,нет,не требуется,83 88 85,256,0,256,
766,184-087-575-01,нет,нет,не требуется,83 88 80,251,5,256,
767,187-041-840-77,нет,да,не требуется,83 82 91,256,0,256,Согласие на др. конкурсе
768,144-845-533-80,нет,нет,требуется,83 78 85,246,10,256,
769,166-054-959-85,нет,нет,требуется,83 78 85,246,10,256,
770,176-954-733-30,нет,нет,требуется,83 78 85,246,10,256,
771,195-896-789-77,нет,нет,требуется,83 76 87,246,10,256,
772,174-498-344-13,нет,нет,не требуется,83 74 89,246,10,256,
773,158-031-990-68,нет,нет,требуется,81 86 89,256,0,256,
774,188-036-901-95,нет,нет,не требуется,80 84 87,251,5,256,
775,183-658-700-06,нет,нет,не требуется,75 90 91,256,0,256,
776,181-715-954-87,нет,нет,не требуется,75 82 89,246,10,256,
777,159-091-565-92,нет,нет,не требуется,75 80 91,246,10,256,
778,160-445-134-33,нет,нет,требуется,74 78 94,246,10,256,
779,186-451-839-05,нет,нет,не требуется,70 78 98,246,10,256,
780,165-787-212-10,нет,нет,не требуется,68 82 96,246,10,256,
781,208-976-309-03,нет,нет,требуется,95 80 80,255,0,255,
782,188-609-320-12,нет,да,требуется,95 78 82,255,0,255,Согласие на др. конкурсе
783,189-620-579-18,нет,нет,требуется,93 70 82,245,10,255,
784,167-906-114-92,нет,да,не требуется,90 80 85,255,0,255,
785,185-315-269-77,нет,нет,не требуется,90 80 85,255,0,255,
786,205-475-287-60,нет,нет,"требуется, отказано",90 78 87,255,0,255,
787,165-676-371-09,нет,да,требуется,90 76 89,255,0,255,
788,188-384-950-38,нет,нет,не требуется,88 82 82,252,3,255,
789,159-143-477-82,нет,нет,требуется,88 80 87,255,0,255,
790,184-574-961-20,нет,нет,"требуется, отказано",88 80 87,255,0,255,
791,188-298-787-60,нет,нет,не требуется,88 80 87,255,0,255,
792,147-578-906-18,нет,нет,требуется,88 78 89,255,0,255,
793,195-226-093-82,нет,нет,не требуется,88 74 85,247,8,255,
794,169-545-021-94,нет,нет,требуется,85 92 78,255,0,255,
795,148-832-561-95,нет,нет,требуется,85 82 85,252,3,255,
796,150-603-746-31,нет,нет,требуется,85 80 90,255,0,255,
797,152-945-793-98,нет,нет,требуется,85 78 82,245,10,255,
798,160-262-759-46,нет,нет,требуется,85 76 94,255,0,255,
799,168-185-168-00,нет,нет,требуется,85 74 96,255,0,255,
800,165-655-471-99,нет,нет,не требуется,83 92 80,255,0,255,
801,149-473-096-98,нет,да,не требуется,83 80 82,245,10,255,Согласие на др. конкурсе
802,162-342-653-47,нет,да,не требуется,83 80 82,245,10,255,Согласие на др. конкурсе
803,167-019-307-62,нет,да,не требуется,83 74 88,245,10,255,Согласие на др. конкурсе
804,203-184-166-21,нет,нет,требуется,80 86 89,255,0,255,
805,143-282-631-46,нет,нет,требуется,80 84 91,255,0,255,
806,190-327-973-80,нет,нет,не требуется,80 78 89,247,8,255,
807,160-802-016-20,нет,нет,требуется,80 76 89,245,10,255,
808,165-649-092-02,нет,да,не требуется,80 76 89,245,10,255,Согласие на др. конкурсе
809,206-972-312-69,нет,нет,не требуется,80 74 91,245,10,255,
810,132-610-354-10,нет,нет,требуется,78 86 91,255,0,255,
811,158-560-646-96,да,да,требуется,78 80 87,245,10,255,Рассматривается к зачислению
812,165-252-025-45,нет,да,требуется,78 78 89,245,10,255,Согласие на др. конкурсе
813,177-654-975-35,нет,нет,не требуется,78 78 89,245,10,255,
814,185-977-064-39,нет,нет,не требуется,78 78 89,245,10,255,
815,146-155-007-40,нет,нет,требуется,78 76 91,245,10,255,
816,198-158-304-11,нет,нет,не требуется,78 76 91,245,10,255,
817,174-736-960-11,нет,нет,требуется,75 86 94,255,0,255,
818,178-868-346-52,нет,нет,требуется,75 76 94,245,10,255,
819,160-610-842-31,нет,да,требуется,75 74 96,245,10,255,
820,165-955-014-96,нет,нет,не требуется,75 72 98,245,10,255,
821,158-594-460-18,нет,нет,не требуется,72 82 91,245,10,255,
822,179-266-710-15,нет,да,не требуется,72 80 94,246,9,255,Согласие на др. конкурсе
823,165-722-830-81,нет,да,требуется,70 84 91,245,10,255,Согласие на др. конкурсе
824,159-084-411-82,нет,нет,требуется,98 80 76,254,0,254,
825,180-011-214-94,нет,нет,требуется,93 78 80,251,3,254,
826,199-280-321-08,нет,нет,"требуется, отказано",93 76 82,251,3,254,
827,197-403-830-95,нет,нет,требуется,91 76 87,254,0,254,
828,185-808-184-09,нет,нет,требуется,90 82 82,254,0,254,
829,168-560-129-88,нет,нет,требуется,90 78 76,244,10,254,Согласие на др. конкурсе
830,152-590-035-48,нет,нет,требуется,90 76 85,251,3,254,
831,160-498-378-88,нет,нет,требуется,88 80 76,244,10,254,
832,131-942-958-66,нет,нет,требуется,88 68 98,254,0,254,
833,174-080-569-68,нет,нет,требуется,85 82 87,254,0,254,
834,178-980-263-34,нет,нет,не требуется,85 82 87,254,0,254,
835,179-535-532-14,нет,нет,не требуется,85 80 89,254,0,254,
836,194-058-263-86,нет,нет,требуется,85 80 89,254,0,254,
837,167-061-971-81,нет,нет,требуется,85 80 87,252,2,254,
838,157-872-168-10,нет,нет,требуется,85 78 91,254,0,254,
839,162-732-865-76,нет,нет,не требуется,85 74 85,244,10,254,
840,147-763-942-09,нет,да,не требуется,85 70 89,244,10,254,Согласие на др. конкурсе
841,194-627-288-11,нет,да,не требуется,83 86 82,251,3,254,Согласие на др. конкурсе
842,186-357-174-05,нет,нет,не требуется,83 84 82,249,5,254,
843,166-337-392-88,нет,нет,не требуется,83 82 89,254,0,254,
844,184-094-234-77,нет,нет,не требуется,83 82 89,254,0,254,
845,186-922-171-03,нет,нет,не требуется,83 82 89,254,0,254,
846,190-538-305-71,нет,нет,требуется,83 82 89,254,0,254,
847,206-793-918-95,нет,нет,не требуется,83 80 91,254,0,254,
848,166-397-069-09,нет,нет,требуется,83 74 87,244,10,254,
849,153-206-759-45,нет,нет,не требуется,81 88 85,254,0,254,
850,207-323-587-44,нет,нет,не требуется,80 86 85,251,3,254,
851,204-387-165-51,нет,нет,требуется,80 82 82,244,10,254,
852,204-206-018-92,нет,нет,требуется,80 76 98,254,0,254,
853,144-511-837-44,нет,да,требуется,80 70 94,244,10,254,Согласие на др. конкурсе
854,165-730-360-69,нет,нет,не требуется,78 88 80,246,8,254,
855,165-336-824-80,нет,нет,требуется,78 84 82,244,10,254,
856,188-231-473-88,нет,да,не требуется,78 80 87,245,9,254,Согласие на др. конкурсе
857,169-660-928-23,нет,нет,не требуется,78 78 98,254,0,254,
858,201-901-212-93,нет,нет,не требуется,78 78 98,254,0,254,
859,178-361-857-12,нет,нет,не требуется,75 80 89,244,10,254,
860,164-185-717-80,нет,нет,не требуется,75 78 91,244,10,254,
861,158-523-858-98,нет,нет,требуется,67 88 89,244,10,254,
862,196-970-561-38,нет,да,не требуется,98 82 73,253,0,253,Согласие на др. конкурсе
863,137-318-920-67,нет,да,требуется,95 86 72,253,0,253,Согласие на др. конкурсе
864,165-330-121-32,нет,нет,не требуется,93 84 76,253,0,253,
865,162-011-887-26,нет,да,не требуется,92 70 91,253,0,253,Согласие на др. конкурсе
866,208-867-021-84,нет,нет,не требуется,90 72 91,253,0,253,
867,180-436-793-77,нет,да,не требуется,90 70 91,251,2,253,Согласие на др. конкурсе
868,163-739-159-92,нет,нет,не требуется,89 82 82,253,0,253,
869,204-488-114-50,нет,да,не требуется,88 80 82,250,3,253,
870,191-173-680-74,нет,нет,требуется,88 78 87,253,0,253,Согласие на др. конкурсе
871,161-253-990-57,нет,нет,требуется,88 76 89,253,0,253,
872,156-957-180-15,нет,да,требуется,88 74 91,253,0,253,Согласие на др. конкурсе
873,185-417-936-02,нет,да,не требуется,88 74 91,253,0,253,Согласие на др. конкурсе
874,163-609-978-98,нет,нет,требуется,87 78 78,243,10,253,
875,157-690-735-09,нет,нет,требуется,85 78 80,243,10,253,
876,201-833-565-31,нет,нет,не требуется,85 78 80,243,10,253,
877,179-517-381-15,нет,да,требуется,85 76 89,250,3,253,Согласие на др. конкурсе
878,189-924-501-30,нет,да,"требуется, отказано",85 76 89,250,3,253,Согласие на др. конкурсе
879,173-792-994-28,нет,да,требуется,85 76 82,243,10,253,
880,184-152-704-64,нет,да,не требуется,85 76 82,243,10,253,Согласие на др. конкурсе
881,184-580-577-05,нет,да,требуется,85 76 82,243,10,253,Согласие на др. конкурсе
882,170-202-950-21,нет,нет,"требуется, отказано",85 74 84,243,10,253,
883,136-713-664-67,нет,нет,не требуется,83 82 85,250,3,253,
884,199-851-103-25,нет,да,не требуется,83 80 80,243,10,253,Согласие на др. конкурсе
885,165-973-003-95,нет,нет,требуется,83 78 82,243,10,253,
886,166-218-832-79,нет,нет,требуется,83 78 82,243,10,253,
887,169-267-091-07,нет,нет,требуется,83 76 94,253,0,253,
888,200-484-574-30,нет,нет,не требуется,80 82 91,253,0,253,
889,154-211-704-22,нет,да,не требуется,80 78 85,243,10,253,Согласие на др. конкурсе
890,168-138-978-13,нет,нет,не требуется,80 78 85,243,10,253,
891,178-404-795-03,нет,нет,требуется,80 76 87,243,10,253,
892,178-617-794-31,нет,нет,требуется,80 74 89,243,10,253,
893,196-875-070-38,нет,нет,требуется,80 74 89,243,10,253,
894,166-054-917-75,нет,нет,не требуется,80 72 91,243,10,253,
895,169-428-187-10,нет,да,не требуется,78 80 85,243,10,253,Согласие на др. конкурсе
896,165-085-165-71,нет,да,не требуется,75 82 91,248,5,253,Согласие на др. конкурсе
897,184-762-277-06,нет,да,требуется,72 92 89,253,0,253,Согласие на др. конкурсе
898,153-380-337-49,нет,нет,требуется,72 82 89,243,10,253,
899,190-941-085-79,нет,нет,требуется,72 80 91,243,10,253,
900,170-577-286-85,нет,нет,не требуется,100 72 80,252,0,252,
901,153-690-678-90,нет,нет,требуется,95 76 71,242,10,252,
902,157-451-074-68,нет,нет,требуется,93 86 73,252,0,252,
903,194-286-499-22,нет,нет,требуется,93 80 76,249,3,252,
904,180-528-017-53,нет,да,не требуется,93 80 69,242,10,252,Согласие на др. конкурсе
905,198-404-249-99,нет,да,не требуется,93 78 78,249,3,252,
906,186-516-683-09,нет,нет,не требуется,93 74 85,252,0,252,
907,169-414-244-82,нет,нет,требуется,90 74 85,249,3,252,
908,160-287-658-72,нет,нет,требуется,88 84 80,252,0,252,
909,194-164-365-86,нет,нет,не требуется,88 84 80,252,0,252,
910,178-275-808-18,нет,нет,"требуется, отказано",88 82 82,252,0,252,
911,194-903-988-24,нет,да,не требуется,88 74 85,247,5,252,Уже зачислен на др. конкурсе
912,187-049-105-85,нет,нет,требуется,88 72 92,252,0,252,
913,183-972-395-21,нет,нет,не требуется,85 80 87,252,0,252,
914,161-412-036-12,нет,нет,требуется,85 78 89,252,0,252,
915,193-749-554-27,нет,нет,не требуется,85 78 89,252,0,252,
916,166-256-572-90,нет,нет,не требуется,85 76 91,252,0,252,
917,184-223-326-53,нет,нет,не требуется,85 76 91,252,0,252,
918,207-639-562-82,нет,нет,не требуется,85 76 91,252,0,252,
919,181-852-174-81,нет,нет,требуется,83 84 85,252,0,252,
920,132-610-353-09,нет,нет,требуется,83 82 87,252,0,252,
921,186-283-006-84,нет,нет,не требуется,83 80 89,252,0,252,
922,183-188-406-89,нет,нет,не требуется,83 78 91,252,0,252,
923,168-435-979-20,нет,нет,требуется,83 74 85,242,10,252,
924,206-803-743-51,нет,нет,не требуется,83 74 85,242,10,252,
925,147-488-472-12,нет,нет,требуется,81 86 82,249,3,252,
926,196-249-551-15,нет,нет,требуется,81 82 89,252,0,252,
927,183-662-499-05,нет,нет,не требуется,80 84 82,246,6,252,
928,186-451-901-95,нет,нет,не требуется,80 82 80,242,10,252,
929,172-402-831-41,нет,да,не требуется,78 82 89,249,3,252,Согласие на др. конкурсе
930,157-285-747-04,нет,нет,требуется,78 80 94,252,0,252,
931,171-946-994-17,нет,нет,требуется,78 70 94,242,10,252,
932,184-392-549-02,нет,нет,не требуется,75 78 89,242,10,252,
933,187-640-671-09,нет,нет,не требуется,75 76 98,249,3,252,
934,177-089-171-06,нет,нет,требуется,75 76 91,242,10,252,
935,194-952-826-28,нет,нет,не требуется,72 84 96,252,0,252,
936,181-708-325-71,нет,да,не требуется,72 76 94,242,10,252,Согласие на др. конкурсе
937,170-304-078-20,нет,нет,не требуется,70 84 98,252,0,252,
938,172-986-761-29,нет,нет,не требуется,70 74 98,242,10,252,
939,184-465-802-00,нет,нет,не требуется,95 76 80,251,0,251,
940,193-652-256-92,да,да,не требуется,95 76 80,251,0,251,Рассматривается к зачислению
941,153-044-023-12,нет,да,не требуется,93 80 78,251,0,251,Согласие на др. конкурсе
942,160-562-832-56,нет,нет,требуется,93 80 78,251,0,251,
943,165-073-102-43,нет,нет,"требуется, отказано",93 80 78,251,0,251,
944,167-780-723-14,нет,нет,не требуется,90 88 73,251,0,251,
945,201-340-958-07,нет,да,"требуется, отказано",90 74 87,251,0,251,Согласие на др. конкурсе
946,160-392-717-57,нет,нет,требуется,88 78 85,251,0,251,
947,169-916-594-38,нет,нет,требуется,88 78 85,251,0,251,
948,158-593-619-19,нет,нет,требуется,88 72 91,251,0,251,
949,164-612-748-70,нет,нет,не требуется,85 90 76,251,0,251,
950,179-397-583-51,нет,да,требуется,85 76 90,251,0,251,
951,192-053-645-62,нет,да,требуется,85 76 87,248,3,251,
952,169-803-692-16,нет,нет,требуется,85 76 80,241,10,251,
953,177-456-512-04,нет,нет,требуется,85 76 80,241,10,251,
954,164-745-332-83,нет,нет,требуется,85 72 91,248,3,251,
955,152-496-243-72,нет,да,не требуется,83 78 80,241,10,251,Уже зачислен на др. конкурсе
956,165-253-494-74,нет,нет,требуется,83 74 94,251,0,251,
957,195-763-698-42,нет,нет,требуется,83 74 94,251,0,251,
958,195-923-220-00,да,да,не требуется,81 72 88,241,10,251,Рассматривается к зачислению
959,184-364-573-96,нет,да,не требуется,80 88 80,248,3,251,
960,196-265-972-26,нет,нет,не требуется,80 86 85,251,0,251,
961,167-504-599-93,нет,да,не требуется,80 84 87,251,0,251,Согласие на др. конкурсе
962,178-934-155-22,нет,нет,не требуется,80 84 87,251,0,251,
963,205-046-785-38,нет,нет,не требуется,80 84 85,249,2,251,
964,177-643-851-15,нет,нет,не требуется,80 82 89,251,0,251,
965,184-296-012-85,нет,да,не требуется,80 74 89,243,8,251,Согласие на др. конкурсе
966,156-187-583-98,нет,нет,требуется,80 74 87,241,10,251,
967,183-851-417-91,нет,нет,не требуется,78 94 73,245,6,251,
968,201-268-029-11,нет,да,не требуется,78 86 87,251,0,251,Согласие на др. конкурсе
969,181-633-539-72,нет,нет,требуется,78 84 89,251,0,251,
970,149-403-446-65,нет,нет,требуется,78 82 91,251,0,251,
971,155-446-755-87,нет,нет,требуется,78 76 87,241,10,251,
972,199-012-624-82,да,да,требуется,78 76 87,241,10,251,Рассматривается к зачислению
973,185-829-910-29,нет,нет,не требуется,75 82 91,248,3,251,
974,143-361-500-28,нет,нет,требуется,74 80 87,241,10,251,Преим. право
975,168-701-195-84,нет,нет,требуется,74 78 89,241,10,251,
976,188-462-889-38,нет,нет,не требуется,72 78 91,241,10,251,
977,179-751-126-10,нет,да,не требуется,70 80 91,241,10,251,Согласие на др. конкурсе
978,158-368-272-05,нет,нет,не требуется,95 76 76,247,3,250,
979,177-050-259-63,нет,нет,не требуется,90 82 78,250,0,250,
980,188-595-880-62,нет,да,не требуется,90 82 78,250,0,250,Согласие на др. конкурсе
981,159-549-436-20,нет,нет,требуется,90 78 72,240,10,250,Согласие на др. конкурсе
982,135-319-786-69,нет,да,требуется,90 70 80,240,10,250,Согласие на др. конкурсе
,,,,,,,,,Преим. право
983,167-634-726-02,нет,да,требуется,88 86 76,250,0,250,Согласие на др. конкурсе
984,184-585-854-27,нет,нет,не требуется,88 86 73,247,3,250,
985,163-025-632-33,нет,нет,требуется,88 70 82,240,10,250,
986,143-970-818-84,нет,да,требуется,88 68 91,247,3,250,Согласие на др. конкурсе
987,162-095-855-74,нет,нет,требуется,85 80 85,250,0,250,
988,184-841-806-01,нет,да,не требуется,85 80 85,250,0,250,Согласие на др. конкурсе
989,158-563-910-04,нет,нет,не требуется,85 78 87,250,0,250,
990,165-411-948-67,нет,нет,не требуется,85 78 87,250,0,250,
991,159-989-857-81,нет,нет,требуется,85 76 89,250,0,250,
992,169-514-943-07,нет,нет,требуется,85 76 89,250,0,250,
993,170-547-064-58,нет,нет,требуется,85 76 89,250,0,250,
994,174-746-313-92,нет,да,требуется,85 76 89,250,0,250,Согласие на др. конкурсе
995,177-689-201-31,нет,нет,не требуется,85 76 89,250,0,250,
996,202-361-229-02,нет,нет,требуется,85 76 89,250,0,250,
997,152-929-885-06,нет,нет,не требуется,85 74 91,250,0,250,
998,187-806-490-22,нет,нет,не требуется,84 96 70,250,0,250,
999,160-577-629-80,нет,нет,требуется,83 80 87,250,0,250,
1000,186-357-236-02,нет,нет,не требуется,83 80 87,250,0,250,
1001,185-927-967-44,нет,нет,не требуется,83 78 89,250,0,250,
1002,194-141-203-47,нет,нет,требуется,83 72 85,240,10,250,Преим. право
1003,166-220-539-50,нет,нет,не требуется,83 70 87,240,10,250,
1004,171-913-856-82,нет,нет,требуется,81 68 91,240,10,250,
1005,145-312-304-19,нет,нет,"требуется, отказано",80 78 89,247,3,250,
1006,188-576-286-44,нет,нет,требуется,80 78 89,247,3,250,
1007,191-408-327-63,нет,нет,требуется,80 78 89,247,3,250,
1008,159-148-530-90,нет,нет,не требуется,80 78 82,240,10,250,
1009,165-610-090-50,нет,да,требуется,80 76 94,250,0,250,Уже зачислен на др. конкурсе
,,,,,,,,,Преим. право
1010,165-682-804-02,нет,нет,требуется,80 76 91,247,3,250,
1011,165-527-011-62,нет,нет,требуется,80 74 96,250,0,250,
1012,204-734-284-44,нет,нет,не требуется,80 74 96,250,0,250,
1013,186-345-699-16,нет,нет,не требуется,79 74 87,240,10,250,
1014,169-934-186-28,нет,нет,не требуется,78 80 89,247,3,250,
1015,186-352-748-01,нет,да,не требуется,78 80 87,245,5,250,Согласие на др. конкурсе
1016,176-363-525-90,нет,нет,не требуется,78 78 94,250,0,250,
1017,196-599-720-57,нет,нет,требуется,78 76 96,250,0,250,
1018,192-438-930-98,нет,нет,не требуется,77 82 91,250,0,250,
1019,162-781-174-77,нет,нет,требуется,75 76 89,240,10,250,
1020,187-420-159-77,нет,нет,не требуется,74 82 94,250,0,250,
1021,187-157-843-14,нет,нет,требуется,74 78 88,240,10,250,
1022,180-603-682-56,нет,нет,не требуется,72 84 94,250,0,250,
1023,168-497-151-22,нет,нет,требуется,70 72 98,240,10,250,
1024,192-718-002-75,нет,да,требуется,68 78 94,240,10,250,Согласие на др. конкурсе
1025,181-952-102-71,нет,нет,не требуется,95 72 82,249,0,249,
1026,165-828-760-13,нет,нет,требуется,93 80 76,249,0,249,
1027,166-701-287-73,нет,нет,не требуется,93 78 78,249,0,249,Согласие на др. конкурсе
1028,202-053-592-03,нет,нет,требуется,93 76 80,249,0,249,
1029,155-614-950-77,нет,нет,не требуется,93 74 82,249,0,249,
1030,165-199-006-84,нет,нет,требуется,93 74 82,249,0,249,
1031,153-184-604-53,нет,нет,требуется,90 76 80,246,3,249,
1032,169-609-100-94,нет,нет,не требуется,88 80 78,246,3,249,
1033,166-308-188-75,нет,нет,не требуется,88 78 76,242,7,249,
1034,175-770-524-99,нет,нет,требуется,88 76 85,249,0,249,
1035,207-635-520-56,нет,да,требуется,88 76 85,249,0,249,Согласие на др. конкурсе
1036,169-691-621-26,нет,нет,требуется,88 74 87,249,0,249,
1037,194-383-148-97,нет,нет,требуется,88 74 87,249,0,249,
1038,164-170-347-49,нет,нет,не требуется,88 72 89,249,0,249,
1039,161-302-122-99,нет,нет,требуется,83 84 82,249,0,249,
1040,206-692-930-81,нет,нет,требуется,83 84 82,249,0,249,
