﻿Сумма,Сумма без ИД,Баллы*,,,,,,ИД,СНИЛС или Рег.номер,Общ.,Согласие,Примечание
,,Мат.,Инж.мат.,Физ.,Инф.,ИТ Проф.,Рус.,,,,,
297,292,,92,,,100,100,5,СНИЛС: 20024143274,б/о,не подано,
289,284,,94,,,100,90,5,СНИЛС: 18628062795,б/о,не подано,Согласие в другой КГ
289,279,92,,,93,,94,10,СНИЛС: 19365173194,б/о,не подано,
289,279,80,,99,,,100,10,СНИЛС: 15902199272,с/о,не подано,
288,288,98,,92,,,98,0,СНИЛС: 18498319430,б/о,не подано,
287,279,90,,,98,,91,8,СНИЛС: 18710765689,б/о,не подано,
286,281,92,,95,,,94,5,СНИЛС: 17601832965,с/о,не подано,
286,281,90,,93,,,98,5,СНИЛС: 18879775578,с/о,не подано,
283,276,90,,,95,,91,7,СНИЛС: 17735490907,с/о,не подано,
282,282,94,,,90,,98,0,СНИЛС: 18726723305,б/о,не подано,
282,279,88,,95,,,96,3,СНИЛС: 19057319583,б/о,не подано,
282,277,88,,,95,,94,5,СНИЛС: 16977138731,с/о,не подано,
282,277,86,,95,,,96,5,СНИЛС: 16459897536,с/о,не подано,
281,281,99,,,92,,90,0,Рег.номер: 1104589,с/о,не подано,Согласие в другой КГ
281,276,84,,,98,,94,5,СНИЛС: 19561730901,б/о,не подано,
280,275,86,,,93,,96,5,СНИЛС: 16513218847,с/о,не подано,
280,273,92,,87,,,94,7,СНИЛС: 16618064272,б/о,не подано,
280,273,86,,91,,,96,7,СНИЛС: 14026263014,с/о,не подано,
280,271,84,,89,,,98,9,СНИЛС: 17713750279,б/о,не подано,
280,270,82,,,90,,98,10,СНИЛС: 15923710776,с/о,не подано,
278,278,100,,,93,,85,0,СНИЛС: 16413782162,с/о,не подано,
278,275,88,,89,,,98,3,СНИЛС: 18626051376,б/о,не подано,
278,273,92,,99,,,82,5,СНИЛС: 16604989904,с/о,не подано,
277,272,92,,89,,,91,5,СНИЛС: 16962487220,б/о,не подано,
277,272,88,,93,,,91,5,СНИЛС: 16443467475,б/о,не подано,
277,272,84,,97,,,91,5,СНИЛС: 17964085925,б/о,не подано,
277,272,84,,,90,,98,5,СНИЛС: 18031724845,б/о,не подано,
276,276,92,,93,,,91,0,СНИЛС: 15863367100,с/о,не подано,
276,276,92,,,88,,96,0,СНИЛС: 15948958243,с/о,не подано,
276,276,90,,,90,,96,0,СНИЛС: 15875108293,с/о,не подано,
276,272,86,,,88,,98,4,СНИЛС: 13970853090,с/о,не подано,
276,271,98,,,95,,78,5,СНИЛС: 14533604848,с/о,не подано,Согласие в другой КГ
276,271,82,,,93,,96,5,СНИЛС: 17056102739,б/о,не подано,
276,269,90,,,88,,91,7,СНИЛС: 13326152624,с/о,не подано,Согласие в другой КГ
276,269,88,,93,,,88,7,СНИЛС: 18203384550,б/о,не подано,
276,269,82,,91,,,96,7,СНИЛС: 16424033637,с/о,не подано,
276,266,84,,,93,,89,10,СНИЛС: 18424008149,б/о,не подано,
275,275,90,,91,,,94,0,СНИЛС: 20019915724,с/о,не подано,
275,270,82,,99,,,89,5,СНИЛС: 16038767983,с/о,не подано,Согласие в другой КГ
275,270,82,,,88,,100,5,СНИЛС: 18592322901,б/о,не подано,
275,268,90,,,80,,98,7,СНИЛС: 17029937787,с/о,не подано,
275,268,80,,99,,,89,7,СНИЛС: 16692907516,с/о,не подано,
274,274,90,,93,,,91,0,СНИЛС: 19171963700,б/о,не подано,
274,274,88,,,90,,96,0,СНИЛС: 20077167232,с/о,не подано,
274,269,,96,,,100,73,5,СНИЛС: 18366201170,б/о,не подано,Согласие в другой КГ
274,269,90,,85,,,94,5,СНИЛС: 18052254750,с/о,не подано,
274,269,86,,,83,,100,5,СНИЛС: 16455778104,с/о,не подано,
274,269,82,,,93,,94,5,СНИЛС: 15780814391,б/о,не подано,Согласие в другой КГ
274,269,82,,87,,,100,5,СНИЛС: 20269624050,с/о,не подано,
274,269,80,,95,,,94,5,СНИЛС: 15898616339,с/о,не подано,Согласие в другой КГ
274,267,90,,,88,,89,7,СНИЛС: 16889827864,б/о,не подано,
274,267,88,,85,,,94,7,СНИЛС: 16683614904,б/о,не подано,
274,266,82,,,93,,91,8,СНИЛС: 17607804081,б/о,не подано,
274,265,84,,87,,,94,9,СНИЛС: 15787582330,с/о,не подано,Зачислен в другой КГ
274,264,88,,85,,,91,10,СНИЛС: 16656357604,б/о,не подано,
273,273,94,,82,88,,91,0,СНИЛС: 18601537264,с/о,не подано,Согласие в другой КГ
273,273,92,,81,,,100,0,СНИЛС: 18080531556,б/о,не подано,
273,273,86,,,93,,94,0,СНИЛС: 14650728466,с/о,не подано,
273,271,84,,91,,,96,2,СНИЛС: 16546021861,с/о,не подано,
273,271,82,,,98,,91,2,СНИЛС: 20387687588,с/о,не подано,
273,271,82,,91,,,98,2,СНИЛС: 16966452928,с/о,не подано,
273,270,86,,,88,,96,3,СНИЛС: 17523924783,б/о,не подано,
273,268,88,,91,,,89,5,СНИЛС: 16675003879,с/о,не подано,
273,268,86,,93,,,89,5,СНИЛС: 16821424160,с/о,не подано,
273,268,84,,,93,,91,5,СНИЛС: 16019160635,с/о,не подано,
273,268,84,,,88,,96,5,СНИЛС: 19979252359,с/о,не подано,
273,266,92,,87,,,87,7,СНИЛС: 18871827733,с/о,не подано,
273,266,88,,89,,,89,7,СНИЛС: 15953275600,с/о,не подано,
273,266,86,,91,,,89,7,СНИЛС: 16625319775,с/о,не подано,
273,266,82,,,93,,91,7,СНИЛС: 16418656586,с/о,не подано,
272,272,92,,91,,,89,0,СНИЛС: 18569017105,б/о,не подано,
272,272,90,,,88,,94,0,СНИЛС: 16423244140,б/о,не подано,
272,272,84,,97,,,91,0,СНИЛС: 14237040625,б/о,не подано,
272,268,88,,89,,,91,4,СНИЛС: 20903571846,с/о,не подано,
272,266,82,,,88,,96,6,СНИЛС: 15374625879,с/о,не подано,
272,265,98,,,85,,82,7,СНИЛС: 14475039870,б/о,не подано,
272,265,82,,87,,,96,7,СНИЛС: 14504307526,с/о,не подано,Согласие в другой КГ
272,265,74,,95,,,96,7,СНИЛС: 17224468464,с/о,не подано,
272,264,80,,97,,,87,8,СНИЛС: 17464850196,б/о,не подано,
271,271,100,,,76,,95,0,СНИЛС: 16862784522,б/о,не подано,
271,271,88,,,98,,85,0,СНИЛС: 15982457417,с/о,не подано,
271,271,84,,91,,,96,0,СНИЛС: 16919715919,б/о,не подано,
271,271,82,,93,,,96,0,СНИЛС: 16329259883,с/о,не подано,
271,269,86,,89,,,94,2,СНИЛС: 14205081813,с/о,подано,
271,268,84,,95,,,89,3,СНИЛС: 19435695617,б/о,не подано,
271,267,78,,95,,,94,4,СНИЛС: 16639852112,б/о,не подано,
271,266,94,,,83,,89,5,СНИЛС: 20894165079,б/о,не подано,
271,266,84,,,93,,89,5,СНИЛС: 16114250719,с/о,не подано,
271,266,82,,,95,,89,5,СНИЛС: 18216314146,б/о,не подано,
271,266,78,,,88,,100,5,СНИЛС: 16849369331,б/о,не подано,
271,264,82,,91,,,91,7,СНИЛС: 15821521958,с/о,не подано,
270,270,94,,,96,,80,0,Рег.номер: 1100732,с/о,не подано,Согласие в другой КГ
270,270,86,,,93,,91,0,СНИЛС: 13380366548,с/о,не подано,
270,270,86,,,90,,94,0,СНИЛС: 14386194785,с/о,не подано,Согласие в другой КГ
270,270,84,,,95,,91,0,СНИЛС: 18658436727,б/о,не подано,
270,268,82,,,95,,91,2,СНИЛС: 20227473425,б/о,не подано,
270,267,80,,,93,,94,3,СНИЛС: 20172494633,б/о,не подано,
270,265,,100,,,80,85,5,СНИЛС: 16925311376,б/о,не подано,Согласие в другой КГ
270,265,90,,93,,,82,5,СНИЛС: 15857803612,с/о,не подано,
270,263,84,,,88,,91,7,СНИЛС: 16037844061,с/о,не подано,
270,260,78,,,95,,87,10,СНИЛС: 19965871664,б/о,не подано,
269,269,96,,,86,,87,0,СНИЛС: 13612448337,с/о,не подано,Преимущественное право
269,267,92,,,90,,85,2,СНИЛС: 16626032255,б/о,не подано,
269,267,80,,93,,,94,2,СНИЛС: 16584794526,б/о,не подано,Согласие в другой КГ
269,266,84,,97,,,85,3,СНИЛС: 16579904526,б/о,не подано,
269,264,86,,93,,,85,5,СНИЛС: 16486681112,с/о,не подано,
269,264,84,,,95,,85,5,СНИЛС: 19511703262,с/о,не подано,
269,264,78,,,88,,98,5,СНИЛС: 14910231937,б/о,не подано,
269,262,88,,87,,,87,7,СНИЛС: 15954043483,с/о,не подано,
269,262,86,,87,,,89,7,СНИЛС: 16292677396,с/о,не подано,
269,262,86,,,85,,91,7,СНИЛС: 18637046495,б/о,не подано,Согласие в другой КГ
269,262,86,,,85,,91,7,СНИЛС: 18008926470,б/о,не подано,
269,262,84,,,93,,85,7,СНИЛС: 13218414827,с/о,не подано,Преимущественное право
269,262,84,,89,,,89,7,СНИЛС: 19081867400,б/о,не подано,
269,259,82,,,83,,94,10,СНИЛС: 18410460141,б/о,не подано,
269,259,80,,85,,,94,10,СНИЛС: 18757902732,б/о,не подано,
268,268,94,,,98,,76,0,СНИЛС: 18727017893,б/о,не подано,
268,268,92,,,96,,80,0,Рег.номер: 1100624,с/о,не подано,Согласие в другой КГ
268,268,90,,91,,,87,0,СНИЛС: 20412231586,с/о,не подано,
268,268,82,,,88,,98,0,СНИЛС: 19964922953,б/о,не подано,
268,268,77,,,96,,95,0,СНИЛС: 20527495254,б/о,не подано,Согласие в другой КГ
268,264,84,,91,,,89,4,СНИЛС: 17539263094,с/о,не подано,
268,263,90,,,88,,85,5,СНИЛС: 17371010338,б/о,не подано,
268,263,84,,,90,,89,5,СНИЛС: 18116648269,с/о,не подано,
268,263,84,,,88,,91,5,СНИЛС: 18750894724,б/о,не подано,
268,263,84,,85,,,94,5,СНИЛС: 16464849708,с/о,не подано,
268,263,82,,,90,,91,5,СНИЛС: 18374187804,б/о,не подано,
268,263,82,,,90,,91,5,СНИЛС: 16420887066,с/о,не подано,
268,263,80,,89,,,94,5,СНИЛС: 14033982138,с/о,не подано,
268,261,84,,,83,,94,7,СНИЛС: 16772995736,с/о,не подано,Преимущественное право
268,261,84,,83,,,94,7,СНИЛС: 16482357689,с/о,не подано,
268,261,80,,,85,,96,7,СНИЛС: 17097881414,б/о,не подано,Согласие в другой КГ
268,259,80,,81,,,98,9,СНИЛС: 16707803078,с/о,не подано,
268,258,84,,89,,,85,10,СНИЛС: 18495959249,б/о,не подано,
267,267,88,,,88,,91,0,СНИЛС: 18227440263,б/о,не подано,
267,267,84,,89,,,94,0,СНИЛС: 15512130214,с/о,не подано,
267,267,84,,85,,,98,0,СНИЛС: 15881061279,с/о,не подано,
267,265,84,,,90,,91,2,СНИЛС: 16429809900,с/о,не подано,
267,262,78,,,95,,89,5,СНИЛС: 16944200778,с/о,не подано,
267,260,88,,85,,,87,7,СНИЛС: 16658983033,с/о,не подано,
267,260,76,,,90,,94,7,СНИЛС: 16414118033,с/о,не подано,Согласие в другой КГ
266,266,90,,,96,,80,0,Рег.номер: 1100650,с/о,не подано,
266,266,90,,,96,,80,0,Рег.номер: 1100583,с/о,не подано,Согласие в другой КГ
266,266,84,,,95,,87,0,СНИЛС: 19247011866,б/о,не подано,Согласие в другой КГ
266,266,84,,93,,,89,0,СНИЛС: 19271973205,б/о,не подано,
266,266,84,,91,,,91,0,СНИЛС: 19120105215,б/о,не подано,
266,266,82,,,88,,96,0,СНИЛС: 19382839724,б/о,не подано,
266,266,82,,,88,,96,0,СНИЛС: 20168106723,б/о,не подано,
266,266,80,,,88,,98,0,СНИЛС: 17039129156,с/о,не подано,Согласие в другой КГ
266,261,86,,,93,,82,5,СНИЛС: 16901767185,с/о,подано,
266,261,86,,,93,,82,5,СНИЛС: 17316873383,б/о,не подано,
266,261,78,,,85,,98,5,СНИЛС: 14860109559,с/о,не подано,
266,259,92,,78,,,89,7,СНИЛС: 15420717740,с/о,не подано,
266,259,84,,,93,,82,7,СНИЛС: 15241321011,с/о,не подано,
266,259,84,,,93,,82,7,СНИЛС: 20533126108,б/о,не подано,
266,257,80,,,88,,89,9,СНИЛС: 16595706514,с/о,не подано,Согласие в другой КГ
266,256,82,,80,,,94,10,СНИЛС: 17462238475,б/о,не подано,
265,265,100,,,85,,80,0,Рег.номер: 1100632,с/о,не подано,Согласие в другой КГ
265,265,94,,81,,,90,0,Рег.номер: 1100388,с/о,не подано,
265,265,76,,,100,,89,0,СНИЛС: 15272562359,б/о,не подано,
265,265,73,,,100,,92,0,СНИЛС: 20591353751,б/о,не подано,Согласие в другой КГ
265,263,92,,91,,,80,2,СНИЛС: 18718685024,б/о,не подано,
265,263,84,,,88,,91,2,СНИЛС: 16605769491,с/о,не подано,
265,263,82,,,90,,91,2,СНИЛС: 20912793360,с/о,не подано,
265,263,82,,83,,,98,2,СНИЛС: 14932262869,б/о,не подано,
265,260,88,,85,,,87,5,СНИЛС: 16952797027,с/о,не подано,
265,260,88,,78,,,94,5,СНИЛС: 18393491107,с/о,не подано,
265,260,84,,85,,,91,5,СНИЛС: 19151099067,б/о,не подано,
265,260,84,,,80,,96,5,СНИЛС: 16631607766,б/о,не подано,
265,260,82,,,93,,85,5,СНИЛС: 15828614697,с/о,не подано,
265,260,82,,87,,,91,5,СНИЛС: 14939339509,с/о,не подано,
265,260,76,,,93,,91,5,СНИЛС: 16620091443,с/о,не подано,
265,259,78,,,85,,96,6,СНИЛС: 13993705001,с/о,не подано,
265,258,84,,80,,,94,7,СНИЛС: 14504307728,с/о,не подано,Согласие в другой КГ
265,258,78,,,93,,87,7,СНИЛС: 15153027828,с/о,не подано,
265,257,82,,,90,,85,8,СНИЛС: 19611388489,б/о,не подано,Согласие в другой КГ
265,256,80,,85,,,91,9,СНИЛС: 18867963967,б/о,не подано,
264,264,92,,87,,,85,0,СНИЛС: 18604770285,с/о,не подано,Согласие в другой КГ
264,264,92,,,83,,89,0,СНИЛС: 16603191854,с/о,не подано,Согласие в другой КГ
264,264,86,,,93,,85,0,СНИЛС: 16543288381,с/о,не подано,
264,264,86,,89,,,89,0,СНИЛС: 15737343080,с/о,не подано,
264,264,84,,,95,,85,0,СНИЛС: 19819867454,с/о,не подано,
264,264,82,,,93,,89,0,СНИЛС: 16627473391,с/о,не подано,
264,264,82,,,93,,89,0,СНИЛС: 19024971475,б/о,не подано,
264,264,82,,,93,,89,0,СНИЛС: 16965609425,с/о,не подано,
264,264,80,,,95,,89,0,СНИЛС: 15837673815,с/о,не подано,
264,262,84,,,93,,85,2,СНИЛС: 18191974406,с/о,не подано,
264,262,82,,89,,,91,2,СНИЛС: 17591259503,с/о,не подано,
264,262,80,,,93,,89,2,СНИЛС: 18934365618,б/о,не подано,
264,261,90,,,93,,78,3,СНИЛС: 18254605777,б/о,не подано,
264,261,84,,,88,,89,3,СНИЛС: 18172545477,б/о,не подано,
264,261,80,,,90,,91,3,СНИЛС: 19088954228,б/о,не подано,
264,259,94,,,83,,82,5,СНИЛС: 16471814074,с/о,не подано,
264,259,86,,,93,,80,5,СНИЛС: 18749200300,с/о,не подано,
264,259,82,,,95,,82,5,СНИЛС: 18903208781,б/о,не подано,
264,259,82,,,83,,94,5,СНИЛС: 18587381128,б/о,не подано,
264,259,70,,89,,,100,5,СНИЛС: 20045721305,с/о,не подано,
264,258,86,,85,,,87,6,СНИЛС: 16408646779,с/о,не подано,Согласие в другой КГ
264,257,86,,,80,,91,7,СНИЛС: 18404952681,б/о,не подано,
264,257,86,,80,,,91,7,СНИЛС: 15683806300,с/о,не подано,
264,257,76,,,90,,91,7,СНИЛС: 16879893063,с/о,не подано,
264,257,76,,81,,,100,7,СНИЛС: 15288285294,с/о,не подано,Согласие в другой КГ
264,255,74,,,85,,96,9,СНИЛС: 18443779207,б/о,не подано,
263,263,94,,93,,,76,0,СНИЛС: 20675448373,б/о,не подано,
263,263,84,,85,,,94,0,СНИЛС: 16572204160,с/о,не подано,
263,263,84,,,85,,94,0,СНИЛС: 19051906265,с/о,не подано,Согласие в другой КГ
263,263,84,,,85,,94,0,СНИЛС: 18065040954,б/о,не подано,
263,263,82,,85,,,96,0,СНИЛС: 19424411566,б/о,не подано,Согласие в другой КГ
263,263,76,,,93,,94,0,СНИЛС: 17813156779,б/о,не подано,
263,263,76,,93,,,94,0,СНИЛС: 15730831765,с/о,не подано,
263,262,78,,,88,,96,1,СНИЛС: 18546006275,б/о,не подано,
263,259,84,,,90,,85,4,СНИЛС: 15957276117,б/о,не подано,
263,259,80,,,90,,89,4,СНИЛС: 18667542929,б/о,не подано,
263,258,86,,81,,,91,5,СНИЛС: 18896040427,б/о,не подано,
263,258,84,,,98,,76,5,СНИЛС: 18927018303,б/о,не подано,
263,258,84,,,80,,94,5,СНИЛС: 16591668512,с/о,не подано,
263,258,84,,74,,,100,5,СНИЛС: 16836376610,б/о,не подано,
263,258,80,,78,,,100,5,СНИЛС: 17182121950,б/о,не подано,
263,258,76,,,88,,94,5,СНИЛС: 16024578651,с/о,не подано,
263,258,76,,,88,,94,5,СНИЛС: 18078755814,с/о,не подано,
263,258,74,,,88,,96,5,СНИЛС: 14404439839,с/о,не подано,
263,257,80,,,88,,89,6,СНИЛС: 17156923483,б/о,не подано,
263,256,86,,74,,,96,7,СНИЛС: 13196057355,с/о,не подано,Согласие в другой КГ
,,,,,,,,,,,,Преимущественное право
263,256,82,,,85,,89,7,СНИЛС: 16542391773,с/о,не подано,
263,254,82,,,85,,87,9,СНИЛС: 16835561196,с/о,не подано,Согласие в другой КГ
263,253,84,,,93,,76,10,СНИЛС: 18433803172,с/о,не подано,Согласие в другой КГ
262,262,90,,76,,,96,0,СНИЛС: 18900969511,б/о,не подано,
262,262,88,,76,,,98,0,СНИЛС: 18008067852,с/о,не подано,
262,262,82,,89,,,91,0,СНИЛС: 16455130355,с/о,не подано,
262,262,80,,,93,,89,0,СНИЛС: 18729911927,б/о,не подано,
262,262,80,,,88,,94,0,СНИЛС: 15814134354,б/о,не подано,
262,262,78,,,93,,91,0,СНИЛС: 16293182778,с/о,не подано,
262,260,86,,,78,,96,2,СНИЛС: 18090734172,б/о,не подано,
262,258,76,,91,,,91,4,СНИЛС: 20285507442,с/о,не подано,
262,257,92,,,85,,80,5,СНИЛС: 16607227162,б/о,не подано,Согласие в другой КГ
262,257,88,,,96,,73,5,СНИЛС: 19703658604,с/о,не подано,
262,257,86,,,80,,91,5,СНИЛС: 16524983695,б/о,не подано,
262,257,78,,,90,,89,5,СНИЛС: 15876328413,б/о,не подано,
262,257,78,,,88,,91,5,СНИЛС: 18723881813,с/о,не подано,
262,257,78,,,83,,96,5,СНИЛС: 20249342028,с/о,не подано,
262,257,76,,85,,,96,5,СНИЛС: 16721107949,б/о,не подано,
262,256,82,,,78,,96,6,СНИЛС: 16525009652,б/о,не подано,
262,256,82,,78,,,96,6,СНИЛС: 18868502532,с/о,не подано,
262,255,86,,,93,,76,7,СНИЛС: 15818519293,с/о,не подано,
262,255,86,,78,,,91,7,СНИЛС: 16834091382,б/о,не подано,Согласие в другой КГ
262,255,78,,,90,,87,7,СНИЛС: 16620621143,с/о,не подано,
262,255,72,,87,,,96,7,СНИЛС: 15955665522,с/о,не подано,
262,252,78,,78,,,96,10,СНИЛС: 18540044960,б/о,не подано,
262,252,74,,87,,,91,10,СНИЛС: 14963881920,с/о,не подано,
261,261,84,,,83,,94,0,СНИЛС: 18811254575,б/о,не подано,
261,261,82,,,83,,96,0,СНИЛС: 19440247268,с/о,не подано,
261,261,80,,87,,,94,0,СНИЛС: 16539902397,с/о,не подано,
261,261,76,,87,,,98,0,СНИЛС: 16032909846,с/о,не подано,
261,259,88,,,80,,91,2,СНИЛС: 18055815375,б/о,не подано,
261,259,88,,80,,,91,2,СНИЛС: 15814048563,с/о,не подано,
261,259,84,,81,,,94,2,СНИЛС: 16657847222,с/о,не подано,
261,259,70,,,93,,96,2,СНИЛС: 16788315926,б/о,не подано,
261,256,88,,86,,,82,5,СНИЛС: 16901284266,с/о,не подано,Согласие в другой КГ
261,256,88,,,83,,85,5,СНИЛС: 14890029579,с/о,не подано,
261,256,86,,97,,,73,5,СНИЛС: 15762361277,с/о,не подано,
261,256,86,,,72,,98,5,СНИЛС: 17630750572,б/о,не подано,
261,256,84,,,83,,89,5,СНИЛС: 17976727955,б/о,не подано,
261,256,82,,,85,,89,5,СНИЛС: 20210627486,б/о,не подано,
261,256,82,,80,,,94,5,СНИЛС: 14688769336,с/о,не подано,
261,256,80,,85,,,91,5,СНИЛС: 15746673405,с/о,не подано,Согласие в другой КГ
261,256,76,,91,,,89,5,СНИЛС: 13286053045,с/о,не подано,
261,256,74,,91,,,91,5,СНИЛС: 16565406181,с/о,не подано,Согласие в другой КГ
261,256,72,,93,,,91,5,СНИЛС: 20093251112,с/о,не подано,
261,256,,66,,,100,90,5,СНИЛС: 17012722624,б/о,не подано,Согласие в другой КГ
261,254,80,,76,,,98,7,СНИЛС: 17239607281,с/о,не подано,Согласие в другой КГ
261,254,78,,85,,,91,7,СНИЛС: 17073850270,с/о,не подано,Согласие в другой КГ
261,254,76,,89,,,89,7,СНИЛС: 20525250315,б/о,не подано,
261,252,76,,,85,,91,9,СНИЛС: 16069309673,с/о,не подано,
261,251,80,,,80,,91,10,СНИЛС: 15983295826,с/о,не подано,
260,260,88,,85,,,87,0,СНИЛС: 18473570906,б/о,не подано,
260,260,86,,89,,,85,0,СНИЛС: 16296543800,с/о,не подано,
260,260,86,,,85,,89,0,СНИЛС: 18748096932,б/о,не подано,
260,260,84,,87,,,89,0,СНИЛС: 14263996282,с/о,не подано,
260,260,84,,87,,,89,0,СНИЛС: 18588988373,б/о,не подано,
260,260,80,,,93,,87,0,СНИЛС: 15898785665,с/о,не подано,
260,260,78,,,93,,89,0,СНИЛС: 16643096177,с/о,не подано,
260,260,78,,,88,,94,0,СНИЛС: 14357506159,с/о,не подано,
260,260,78,,,88,,94,0,СНИЛС: 16359009474,с/о,не подано,
260,260,78,,,88,,94,0,СНИЛС: 20562093738,б/о,не подано,
260,260,76,,,90,,94,0,СНИЛС: 16590581697,с/о,не подано,
260,260,76,,,88,,96,0,СНИЛС: 15973313089,с/о,не подано,
260,258,86,,85,,,87,2,СНИЛС: 16586819223,с/о,не подано,
260,258,86,,,83,,89,2,СНИЛС: 18683028705,б/о,не подано,
260,258,80,,89,,,89,2,СНИЛС: 18010404103,с/о,не подано,
260,257,78,,,85,,94,3,СНИЛС: 19656428726,б/о,не подано,Согласие в другой КГ
260,255,86,,78,,,91,5,СНИЛС: 16405058444,с/о,не подано,Преимущественное право
260,255,78,,,88,,89,5,СНИЛС: 18859677263,с/о,не подано,
260,254,80,,74,,,100,6,СНИЛС: 14838085593,с/о,не подано,Преимущественное право
260,253,74,,,88,,91,7,СНИЛС: 18890208813,б/о,не подано,
260,251,84,,85,,,82,9,СНИЛС: 20178145335,б/о,не подано,
260,251,82,,91,,,78,9,СНИЛС: 15987064928,с/о,не подано,Согласие в другой КГ
260,250,80,,,90,,80,10,СНИЛС: 17608496202,б/о,не подано,
259,259,88,,91,,,80,0,СНИЛС: 16965462825,с/о,не подано,Согласие в другой КГ
259,259,80,,,88,,91,0,СНИЛС: 15397932713,с/о,не подано,
259,259,80,,,83,,96,0,СНИЛС: 19040780056,с/о,не подано,
259,259,78,,,90,,91,0,СНИЛС: 15934661295,с/о,не подано,Согласие в другой КГ
259,259,78,,,85,,96,0,СНИЛС: 17122593349,с/о,не подано,
259,259,76,,89,,,94,0,СНИЛС: 16568721406,с/о,не подано,
259,259,72,,,93,,94,0,СНИЛС: 21125440805,б/о,не подано,
259,258,86,,85,,,87,1,СНИЛС: 16282397485,с/о,не подано,
259,257,88,,87,,,82,2,СНИЛС: 18637081295,б/о,не подано,
259,257,80,,,88,,89,2,СНИЛС: 17072991788,с/о,не подано,
259,257,76,,,85,,96,2,СНИЛС: 18795071123,б/о,не подано,Согласие в другой КГ
259,254,88,,72,,,94,5,СНИЛС: 16589845946,с/о,не подано,
259,254,86,,,90,,78,5,СНИЛС: 16650488993,б/о,не подано,
259,254,84,,,83,,87,5,СНИЛС: 15429291474,б/о,не подано,
259,254,82,,74,,,98,5,СНИЛС: 16614367169,с/о,подано,
259,254,80,,85,,,89,5,СНИЛС: 16100962728,с/о,не подано,
259,254,80,,,85,,89,5,СНИЛС: 17467156094,б/о,не подано,
259,254,78,,91,,,85,5,СНИЛС: 18584150700,б/о,не подано,
259,254,70,,,95,,89,5,СНИЛС: 16345771077,с/о,не подано,
259,254,70,,88,,,96,5,СНИЛС: 13203382708,с/о,не подано,Преимущественное право
259,252,82,,81,,,89,7,СНИЛС: 14540388354,с/о,не подано,
259,252,74,,,80,,98,7,СНИЛС: 14849531400,с/о,не подано,
259,249,88,,,85,,76,10,СНИЛС: 15847960218,с/о,не подано,
259,249,80,,,78,,91,10,СНИЛС: 18717162290,б/о,не подано,
258,258,84,,,83,,91,0,СНИЛС: 18484125795,б/о,не подано,
258,258,82,,,80,,96,0,СНИЛС: 16419225362,б/о,не подано,
258,258,76,,,88,,94,0,СНИЛС: 15689489444,с/о,не подано,Согласие в другой КГ
258,258,74,,,93,,91,0,СНИЛС: 14843554886,с/о,не подано,
258,257,78,,,88,,91,1,СНИЛС: 13984692825,б/о,не подано,
258,256,86,,,88,,82,2,СНИЛС: 16409684287,б/о,не подано,
258,256,80,,,80,,96,2,СНИЛС: 19038393790,б/о,не подано,
258,253,92,,70,,,91,5,СНИЛС: 14363749474,с/о,не подано,
258,253,90,,,78,,85,5,СНИЛС: 19765013100,с/о,не подано,
258,253,86,,76,,,91,5,СНИЛС: 15970569715,с/о,не подано,
258,253,84,,,93,,76,5,СНИЛС: 13509455255,б/о,не подано,
258,253,76,,,90,,87,5,СНИЛС: 17871703606,б/о,не подано,
258,251,86,,,85,,80,7,СНИЛС: 16965449934,с/о,не подано,
258,251,86,,78,,,87,7,СНИЛС: 18174118266,б/о,не подано,
258,251,82,,80,,,89,7,СНИЛС: 20212623488,с/о,не подано,Согласие в другой КГ
258,251,82,,,80,,89,7,СНИЛС: 16259965311,б/о,не подано,
258,251,80,,,80,,91,7,СНИЛС: 16435123346,с/о,не подано,
258,251,78,,,88,,85,7,СНИЛС: 16576011270,с/о,не подано,
258,251,76,,,90,,85,7,СНИЛС: 16271184558,с/о,не подано,
258,250,84,,,75,,91,8,СНИЛС: 16715429783,б/о,не подано,
258,249,72,,,90,,87,9,СНИЛС: 16342320231,с/о,не подано,
258,248,78,,,90,,80,10,СНИЛС: 18717221684,б/о,не подано,
257,257,90,,,85,,82,0,СНИЛС: 18421753066,с/о,не подано,
257,257,88,,91,,,78,0,СНИЛС: 17606079681,с/о,не подано,
257,257,84,,93,,,80,0,СНИЛС: 15728567606,с/о,не подано,
257,257,84,,,93,,80,0,СНИЛС: 16580419379,с/о,не подано,
257,257,84,,91,,,82,0,СНИЛС: 15149806169,с/о,не подано,
257,257,82,,,90,,85,0,СНИЛС: 16091505651,с/о,не подано,
257,257,80,,,88,,89,0,СНИЛС: 19146561990,б/о,не подано,
257,257,78,,,90,,89,0,СНИЛС: 19414542272,с/о,не подано,
257,257,78,,,90,,89,0,СНИЛС: 13775830897,б/о,не подано,
257,257,78,,,83,,96,0,СНИЛС: 17099021980,с/о,не подано,
257,257,74,,,83,,100,0,СНИЛС: 18391230271,с/о,не подано,
257,255,86,,80,,,89,2,СНИЛС: 19128554890,с/о,не подано,
257,255,86,,,75,,94,2,СНИЛС: 19139481193,б/о,не подано,
257,254,84,,83,,,87,3,СНИЛС: 16958734538,б/о,не подано,
257,252,82,,,83,,87,5,СНИЛС: 18463989937,б/о,не подано,
257,252,82,,74,,,96,5,СНИЛС: 16547429292,с/о,не подано,
257,252,78,,83,,,91,5,СНИЛС: 16439644697,с/о,не подано,
257,252,78,,76,,,98,5,СНИЛС: 16918603600,б/о,не подано,
257,252,76,,78,,,98,5,СНИЛС: 14246095550,с/о,не подано,
257,250,92,,78,,,80,7,СНИЛС: 18328709596,б/о,не подано,
257,250,78,,,90,,82,7,СНИЛС: 16759556834,с/о,не подано,
257,250,78,,83,,,89,7,СНИЛС: 17585164708,с/о,не подано,
257,250,76,,83,,,91,7,СНИЛС: 19544876427,с/о,не подано,
256,256,90,,,75,,91,0,СНИЛС: 18365870006,б/о,не подано,
256,256,88,,,88,,80,0,СНИЛС: 20166187032,с/о,не подано,
256,256,88,,,83,,85,0,СНИЛС: 14933751586,с/о,не подано,
256,256,86,,,85,,85,0,СНИЛС: 15618238372,б/о,не подано,Преимущественное право
256,256,86,,,85,,85,0,СНИЛС: 20789944822,с/о,не подано,
256,256,86,,,83,,87,0,СНИЛС: 16676246708,с/о,не подано,
256,256,84,,,90,,82,0,СНИЛС: 15947267817,с/о,не подано,
256,256,84,,,90,,82,0,СНИЛС: 16996335538,б/о,не подано,
256,256,84,,,85,,87,0,СНИЛС: 18198967646,б/о,не подано,
256,256,84,,,83,,89,0,СНИЛС: 16617067172,с/о,не подано,
256,256,84,,78,,,94,0,СНИЛС: 15632069155,с/о,не подано,
256,256,82,,,83,,91,0,СНИЛС: 16620941262,б/о,не подано,
256,256,82,,,78,,96,0,СНИЛС: 17194696310,б/о,не подано,
256,256,80,,89,,,87,0,СНИЛС: 19979259272,с/о,не подано,
256,256,80,,87,,,89,0,СНИЛС: 16580093375,с/о,не подано,
256,256,80,,,85,,91,0,СНИЛС: 16509975002,б/о,не подано,
256,256,78,,,80,,98,0,СНИЛС: 20753810349,б/о,не подано,
256,256,76,,,95,,85,0,СНИЛС: 19012874158,с/о,не подано,
256,256,76,,,93,,87,0,СНИЛС: 20567198777,с/о,не подано,
256,256,76,,89,,,91,0,СНИЛС: 18920639906,с/о,не подано,Согласие в другой КГ
256,254,84,,76,,,94,2,СНИЛС: 16605135551,с/о,не подано,
256,254,82,,81,,,91,2,СНИЛС: 14806205246,с/о,не подано,
256,254,80,,,85,,89,2,СНИЛС: 15015942536,с/о,не подано,Согласие в другой КГ
256,254,80,,80,,,94,2,СНИЛС: 17517340165,с/о,не подано,
256,254,80,,78,,,96,2,СНИЛС: 17208892788,б/о,не подано,
256,252,86,,,88,,78,4,СНИЛС: 15863535801,с/о,не подано,
256,251,84,,87,,,80,5,СНИЛС: 18754382313,б/о,не подано,Согласие в другой КГ
256,251,82,,89,,,80,5,СНИЛС: 19409863210,с/о,не подано,
256,251,82,,,75,,94,5,СНИЛС: 16026063325,б/о,не подано,
256,250,76,,,85,,89,6,СНИЛС: 17951738115,с/о,не подано,
256,249,88,,,88,,73,7,СНИЛС: 16990376017,б/о,не подано,
256,249,80,,,80,,89,7,СНИЛС: 16429022455,с/о,не подано,
256,248,72,,,85,,91,8,СНИЛС: 16474533283,с/о,не подано,
256,247,80,,,85,,82,9,СНИЛС: 16784201285,б/о,не подано,Согласие в другой КГ
256,247,78,,,78,,91,9,СНИЛС: 17204375950,с/о,не подано,
256,246,80,,,88,,78,10,СНИЛС: 18781011988,б/о,не подано,
256,246,72,,,80,,94,10,СНИЛС: 16719220272,с/о,не подано,
255,255,92,,83,,,80,0,СНИЛС: 16565547199,б/о,не подано,
255,255,88,,,80,,87,0,СНИЛС: 19040286654,с/о,не подано,
255,255,86,,,93,,76,0,СНИЛС: 16620965579,б/о,не подано,
255,255,86,,80,,,89,0,СНИЛС: 17901920377,б/о,не подано,
255,255,84,,89,,,82,0,СНИЛС: 16430230625,с/о,не подано,
255,255,80,,,90,,85,0,СНИЛС: 16579347621,с/о,не подано,Согласие в другой КГ
255,255,80,,,88,,87,0,СНИЛС: 17759436832,б/о,не подано,
255,255,78,,,90,,87,0,СНИЛС: 18430266056,б/о,не подано,
255,255,78,,81,,,96,0,СНИЛС: 14732263453,с/о,не подано,Согласие в другой КГ
255,254,78,,,85,,91,1,СНИЛС: 15315747660,б/о,не подано,
255,253,72,,,90,,91,2,СНИЛС: 14883486010,б/о,не подано,
255,250,80,,,85,,85,5,СНИЛС: 16197542088,б/о,не подано,
255,250,80,,,83,,87,5,СНИЛС: 17120911428,б/о,не подано,
255,250,80,,,83,,87,5,СНИЛС: 15841863089,б/о,не подано,
255,250,80,,81,,,89,5,СНИЛС: 15363381462,с/о,не подано,
255,250,78,,,90,,82,5,СНИЛС: 20112323570,с/о,не подано,
255,250,78,,,90,,82,5,СНИЛС: 16550128552,с/о,не подано,
255,250,78,,,85,,87,5,СНИЛС: 16508627277,с/о,не подано,
255,250,78,,,83,,89,5,СНИЛС: 17857960947,с/о,не подано,
255,250,74,,,85,,91,5,СНИЛС: 16822031752,с/о,не подано,
255,248,80,,,72,,96,7,СНИЛС: 15875589537,с/о,не подано,
255,248,78,,,85,,85,7,СНИЛС: 14316641742,с/о,не подано,
255,248,78,,,83,,87,7,СНИЛС: 17873475427,с/о,не подано,
255,248,76,,,90,,82,7,СНИЛС: 14456882593,с/о,не подано,
255,248,72,,,78,,98,7,СНИЛС: 15663741083,с/о,не подано,
255,247,82,,,78,,87,8,СНИЛС: 18348753005,б/о,подано,
255,245,78,,,78,,89,10,СНИЛС: 15709934095,с/о,не подано,
254,254,88,,,90,,76,0,СНИЛС: 16912947804,б/о,не подано,
254,254,86,,,83,,85,0,СНИЛС: 16727278703,б/о,не подано,
254,254,84,,,85,,85,0,СНИЛС: 19115619669,с/о,не подано,
254,254,84,,,85,,85,0,СНИЛС: 14286877604,с/о,не подано,
254,254,84,,74,,,96,0,СНИЛС: 18218430259,б/о,не подано,
254,254,82,,,85,,87,0,СНИЛС: 17898026334,б/о,не подано,
254,254,82,,,83,,89,0,СНИЛС: 18409423477,б/о,не подано,
254,254,80,,,83,,91,0,СНИЛС: 14035053307,б/о,не подано,
254,254,78,,78,,,98,0,СНИЛС: 16966092823,б/о,не подано,
254,254,76,,,93,,85,0,СНИЛС: 16006225919,с/о,не подано,
254,254,76,,91,,,87,0,СНИЛС: 19740383095,с/о,не подано,
254,254,74,,91,,,89,0,СНИЛС: 15736690904,с/о,не подано,
254,254,74,,,90,,90,0,СНИЛС: 19967447762,с/о,не подано,
254,254,68,,,88,,98,0,СНИЛС: 13194295866,с/о,не подано,
254,252,82,,,72,,98,2,СНИЛС: 17967745552,б/о,не подано,
254,252,80,,,85,,87,2,СНИЛС: 16706197181,с/о,не подано,
254,252,78,,,80,,94,2,СНИЛС: 14211247403,с/о,не подано,
254,252,72,,,95,,85,2,СНИЛС: 20694438074,с/о,не подано,
254,251,74,,,83,,94,3,СНИЛС: 18019101635,б/о,не подано,Согласие в другой КГ
254,249,86,,85,,,78,5,СНИЛС: 15865714306,с/о,не подано,
254,249,,84,,,95,70,5,СНИЛС: 20202010651,б/о,не подано,Согласие в другой КГ
254,249,84,,78,,,87,5,СНИЛС: 13286607870,с/о,не подано,Преимущественное право
254,249,84,,76,,,89,5,СНИЛС: 16461939189,с/о,не подано,
254,249,80,,,80,,89,5,СНИЛС: 14615632959,с/о,не подано,
254,249,80,,,78,,91,5,СНИЛС: 18547758428,б/о,не подано,
254,248,82,,,75,,91,6,СНИЛС: 16508516571,б/о,не подано,
254,248,76,,,90,,82,6,СНИЛС: 18569108815,б/о,не подано,
254,247,84,,78,,,85,7,СНИЛС: 16159873299,с/о,не подано,
254,247,82,,80,,,85,7,СНИЛС: 18271985305,б/о,не подано,
254,247,80,,,78,,89,7,СНИЛС: 15981237499,с/о,не подано,
254,247,78,,,80,,89,7,СНИЛС: 19032797380,б/о,не подано,
254,245,84,,76,,,85,9,СНИЛС: 15863091286,с/о,не подано,
253,253,92,,,79,,82,0,СНИЛС: 16683419704,б/о,не подано,
253,253,88,,,85,,80,0,СНИЛС: 17876326223,с/о,не подано,Согласие в другой КГ
253,253,88,,,83,,82,0,СНИЛС: 16558013676,с/о,не подано,
253,253,86,,,80,,87,0,СНИЛС: 15998751150,с/о,не подано,
253,253,84,,78,,,91,0,СНИЛС: 19474842724,б/о,не подано,
253,253,82,,91,,,80,0,СНИЛС: 16405337448,с/о,не подано,
253,253,82,,89,,,82,0,СНИЛС: 17418305060,с/о,не подано,
253,253,80,,,88,,85,0,СНИЛС: 16592564909,с/о,не подано,
253,253,80,,,88,,85,0,СНИЛС: 17338878112,б/о,не подано,
253,253,78,,93,,,82,0,СНИЛС: 19212032629,с/о,не подано,
253,253,78,,,90,,85,0,СНИЛС: 17137643066,б/о,не подано,
253,253,78,,,88,,87,0,СНИЛС: 17502002215,б/о,не подано,
253,253,78,,,88,,87,0,СНИЛС: 15957510200,с/о,не подано,
253,253,78,,,88,,87,0,СНИЛС: 16631616060,б/о,не подано,
253,253,76,,,95,,82,0,СНИЛС: 16287234179,с/о,не подано,Согласие в другой КГ
253,253,76,,,88,,89,0,СНИЛС: 21280318220,с/о,не подано,Согласие в другой КГ
253,253,76,,,83,,94,0,СНИЛС: 16926709107,с/о,не подано,
253,253,74,,,88,,91,0,СНИЛС: 16721108446,б/о,не подано,
253,253,74,,,85,,94,0,СНИЛС: 17978073944,б/о,не подано,
253,253,72,,,96,,85,0,Рег.номер: 1108016,с/о,не подано,Согласие в другой КГ
253,253,72,,,85,,96,0,СНИЛС: 15936074896,б/о,не подано,
253,252,78,,,80,,94,1,СНИЛС: 17705099689,б/о,не подано,
253,251,86,,,83,,82,2,СНИЛС: 16372654379,с/о,не подано,
253,251,86,,80,,,85,2,СНИЛС: 14564634173,с/о,не подано,
253,248,82,,,75,,91,5,СНИЛС: 19081068673,с/о,не подано,
253,248,80,,,88,,80,5,СНИЛС: 15974970635,с/о,не подано,
253,248,78,,76,,,94,5,СНИЛС: 20950415847,с/о,не подано,
253,248,76,,,90,,82,5,СНИЛС: 15944627604,с/о,не подано,
253,248,76,,,85,,87,5,СНИЛС: 15737338794,с/о,не подано,
253,248,76,,85,,,87,5,СНИЛС: 15169536784,с/о,не подано,
253,248,76,,85,,,87,5,СНИЛС: 13738113658,с/о,не подано,
253,248,76,,,83,,89,5,СНИЛС: 16501968571,с/о,не подано,
253,248,72,,91,,,85,5,СНИЛС: 17810414457,с/о,не подано,
253,247,76,,,75,,96,6,СНИЛС: 15350213521,с/о,не подано,
253,246,86,,,78,,82,7,СНИЛС: 17112962449,с/о,не подано,
253,246,86,,72,,,88,7,СНИЛС: 14966849131,с/о,не подано,
253,246,78,,,83,,85,7,СНИЛС: 17695473330,с/о,не подано,Согласие в другой КГ
253,243,84,,72,,,87,10,СНИЛС: 17354957000,с/о,не подано,
253,243,80,,72,,,91,10,СНИЛС: 19094108579,с/о,не подано,
252,252,84,,,88,,80,0,СНИЛС: 19416436586,б/о,не подано,
252,252,82,,,88,,82,0,СНИЛС: 17827580818,с/о,не подано,
252,252,82,,,85,,85,0,СНИЛС: 16107495354,б/о,не подано,
252,252,82,,,83,,87,0,СНИЛС: 14524163843,б/о,не подано,Согласие в другой КГ
252,252,82,,,83,,87,0,СНИЛС: 16750721475,с/о,не подано,
252,252,82,,81,,,89,0,СНИЛС: 20723664043,б/о,не подано,Согласие в другой КГ
252,252,82,,81,,,89,0,СНИЛС: 19624955115,с/о,не подано,
252,252,80,,,85,,87,0,СНИЛС: 16781324993,с/о,не подано,
252,252,78,,87,,,87,0,СНИЛС: 20064374721,с/о,не подано,
252,252,76,,,85,,91,0,СНИЛС: 16625657290,б/о,не подано,
252,252,76,,,85,,91,0,СНИЛС: 19795009732,б/о,не подано,
252,250,92,,78,,,80,2,СНИЛС: 18328709596,б/о,не подано,
252,250,84,,81,,,85,2,СНИЛС: 17369668023,б/о,не подано,
252,250,84,,72,,,94,2,СНИЛС: 18626923609,б/о,не подано,
252,250,80,,,85,,85,2,СНИЛС: 14262342836,б/о,не подано,
252,250,78,,85,,,87,2,СНИЛС: 17212238330,с/о,не подано,
252,250,76,,,85,,89,2,СНИЛС: 18996020731,с/о,не подано,Согласие в другой КГ
252,250,74,,87,,,89,2,СНИЛС: 17715904896,с/о,не подано,
252,248,86,,66,,,96,4,СНИЛС: 16475698118,с/о,не подано,
252,247,88,,,83,,76,5,СНИЛС: 16433691474,с/о,не подано,
252,247,86,,72,,,89,5,СНИЛС: 19378521818,с/о,не подано,
252,247,84,,,83,,80,5,СНИЛС: 19290360078,с/о,подано,
252,247,84,,78,,,85,5,СНИЛС: 18877069848,б/о,не подано,
252,247,84,,,72,,91,5,СНИЛС: 19901085890,б/о,не подано,
252,247,82,,,83,,82,5,СНИЛС: 15976720521,с/о,не подано,
252,247,80,,89,,,78,5,СНИЛС: 15527583080,с/о,не подано,
252,247,80,,,80,,87,5,СНИЛС: 19959133541,с/о,не подано,
252,247,78,,,80,,89,5,СНИЛС: 19184833405,с/о,не подано,
252,247,78,,,80,,89,5,СНИЛС: 18694160211,б/о,не подано,
252,247,78,,,80,,89,5,СНИЛС: 18620981997,б/о,не подано,
252,247,76,,95,,,76,5,СНИЛС: 15512134121,с/о,не подано,
252,247,76,,,80,,91,5,СНИЛС: 16915255487,с/о,не подано,
252,247,74,,,75,,98,5,СНИЛС: 20223128994,с/о,не подано,
252,245,82,,,83,,80,7,СНИЛС: 19635456815,б/о,не подано,
252,245,82,,72,,,91,7,СНИЛС: 15859446018,б/о,не подано,Согласие в другой КГ
252,245,78,,76,,,91,7,СНИЛС: 14743720163,с/о,не подано,Согласие в другой КГ
252,245,76,,,75,,94,7,СНИЛС: 13481298064,с/о,не подано,
252,244,86,,,80,,78,8,СНИЛС: 18698677268,б/о,не подано,
252,243,82,,74,,,87,9,СНИЛС: 15441303831,с/о,не подано,
252,242,80,,,90,,72,10,СНИЛС: 17790085303,б/о,не подано,
251,251,86,,,85,,80,0,СНИЛС: 16683411587,с/о,не подано,
251,251,86,,,80,,85,0,СНИЛС: 18024531641,б/о,не подано,
251,251,86,,80,,,85,0,СНИЛС: 19626597226,б/о,не подано,
251,251,86,,,78,,87,0,СНИЛС: 17212211310,б/о,не подано,Согласие в другой КГ
251,251,84,,,85,,82,0,СНИЛС: 19273053173,с/о,не подано,
251,251,84,,,80,,87,0,СНИЛС: 15252174843,с/о,не подано,
251,251,84,,,78,,89,0,СНИЛС: 16312165934,с/о,не подано,
251,251,82,,,80,,89,0,СНИЛС: 19438721102,с/о,подано,
251,251,82,,,80,,89,0,СНИЛС: 17420691966,б/о,не подано,
251,251,78,,,88,,85,0,СНИЛС: 17737522096,с/о,подано,
251,251,76,,95,,,80,0,СНИЛС: 20566349060,с/о,не подано,
251,251,76,,,88,,87,0,СНИЛС: 18678932852,б/о,не подано,
251,251,74,,,83,,94,0,СНИЛС: 19576369842,с/о,не подано,
251,251,74,,,83,,94,0,СНИЛС: 16525349474,с/о,не подано,
251,250,82,,74,,,94,1,СНИЛС: 18742015977,б/о,не подано,
251,249,82,,,78,,89,2,СНИЛС: 17240283141,с/о,не подано,
251,247,80,,,78,,89,4,СНИЛС: 16955442409,б/о,не подано,
251,247,78,,80,,,89,4,СНИЛС: 18160080140,б/о,не подано,Согласие в другой КГ
251,247,78,,,80,,89,4,СНИЛС: 17882732927,б/о,не подано,
251,246,84,,,75,,87,5,СНИЛС: 16740425768,с/о,не подано,
251,246,80,,,70,,96,5,СНИЛС: 18024650649,с/о,подано,
251,246,78,,81,,,87,5,СНИЛС: 17575384514,с/о,не подано,
251,246,78,,81,,,87,5,СНИЛС: 16520011008,с/о,не подано,
251,246,78,,74,,,94,5,СНИЛС: 16200248713,с/о,не подано,
251,246,76,,83,,,87,5,СНИЛС: 16185348379,с/о,не подано,Согласие в другой КГ
251,246,74,,,83,,89,5,СНИЛС: 19224437166,с/о,не подано,
251,246,72,,85,,,89,5,СНИЛС: 20353486742,с/о,не подано,
251,244,82,,,75,,87,7,СНИЛС: 15645530876,с/о,не подано,
251,244,80,,68,,,96,7,СНИЛС: 19432488395,с/о,не подано,
251,244,78,,70,,,96,7,СНИЛС: 14582042857,с/о,не подано,
251,244,74,,76,,,94,7,СНИЛС: 17021045609,с/о,не подано,Согласие в другой КГ
251,242,74,,,83,,85,9,СНИЛС: 20096421025,с/о,не подано,
251,242,72,,,83,,87,9,СНИЛС: 16565374700,с/о,не подано,
251,241,80,,89,,,72,10,СНИЛС: 17394406895,б/о,не подано,
250,250,84,,,90,,76,0,СНИЛС: 18183580995,с/о,не подано,
250,250,84,,,79,,87,0,СНИЛС: 15838979339,с/о,не подано,Согласие в другой КГ
250,250,84,,,75,,91,0,СНИЛС: 20652743853,с/о,подано,
250,250,84,,72,,,94,0,СНИЛС: 13520340811,б/о,не подано,
250,250,82,,,83,,85,0,СНИЛС: 19108906984,б/о,не подано,
250,250,82,,,83,,85,0,СНИЛС: 17365140163,б/о,не подано,Согласие в другой КГ
250,250,82,,,83,,85,0,СНИЛС: 17807369406,с/о,не подано,
250,250,82,,83,,,85,0,СНИЛС: 13834067361,с/о,не подано,
250,250,80,,,88,,82,0,СНИЛС: 17509321670,б/о,не подано,
250,250,78,,,78,,94,0,СНИЛС: 17636352590,б/о,не подано,
250,250,78,,,72,,100,0,СНИЛС: 14339599897,б/о,подано,
250,250,76,,89,,,85,0,СНИЛС: 19350064360,с/о,не подано,
250,250,76,,,80,,94,0,СНИЛС: 16620527454,с/о,не подано,
250,249,80,,,80,,89,1,СНИЛС: 17976224727,б/о,не подано,
250,248,82,,,90,,76,2,СНИЛС: 16988120016,б/о,не подано,
250,248,80,,,83,,85,2,СНИЛС: 16473168988,с/о,не подано,Согласие в другой КГ
250,248,78,,,90,,80,2,СНИЛС: 14200722497,с/о,не подано,Согласие в другой КГ
250,248,78,,76,,,94,2,СНИЛС: 19346175595,с/о,не подано,
250,248,78,,74,,,96,2,СНИЛС: 16618769209,с/о,не подано,Согласие в другой КГ
250,248,76,,,83,,89,2,СНИЛС: 16521960769,с/о,не подано,
250,248,74,,,85,,89,2,СНИЛС: 14872526490,б/о,не подано,
250,248,74,,83,,,91,2,СНИЛС: 15874001876,с/о,не подано,
250,248,74,,,78,,96,2,СНИЛС: 20596317570,с/о,не подано,
250,247,86,,,88,,73,3,СНИЛС: 18458585427,б/о,не подано,
250,246,94,,72,,,80,4,СНИЛС: 16429808897,с/о,подано,
250,246,78,,,83,,85,4,СНИЛС: 15697725022,с/о,не подано,
250,246,74,,,90,,82,4,СНИЛС: 15714622562,с/о,не подано,
250,245,86,,70,,,89,5,СНИЛС: 15801615349,с/о,не подано,
250,245,84,,76,,,85,5,СНИЛС: 18430408353,б/о,не подано,
250,245,84,,72,,,89,5,СНИЛС: 19127839093,с/о,не подано,
250,245,84,,,70,,91,5,СНИЛС: 12715852156,б/о,не подано,
250,245,82,,,83,,80,5,СНИЛС: 16638617602,б/о,не подано,
250,245,80,,83,,,82,5,СНИЛС: 19820628801,с/о,не подано,
250,245,80,,80,,,85,5,СНИЛС: 16621495775,с/о,не подано,Согласие в другой КГ
250,245,80,,78,,,87,5,СНИЛС: 17068209874,с/о,не подано,
250,245,80,,74,,,91,5,СНИЛС: 16505616459,с/о,не подано,
250,245,78,,,78,,89,5,СНИЛС: 14636742478,с/о,не подано,
250,245,76,,,80,,89,5,СНИЛС: 16625122958,с/о,не подано,
250,245,76,,78,,,91,5,СНИЛС: 17935577529,с/о,не подано,
250,245,74,,93,,,78,5,СНИЛС: 16567403488,с/о,не подано,
250,245,74,,80,,,91,5,СНИЛС: 20697231269,б/о,не подано,
250,245,74,,,75,,96,5,СНИЛС: 16701417750,б/о,не подано,Согласие в другой КГ
250,243,80,,,90,,73,7,СНИЛС: 16369265397,с/о,не подано,
250,243,80,,78,,,85,7,СНИЛС: 16578761626,с/о,не подано,
250,243,78,,,83,,82,7,СНИЛС: 19573730816,с/о,не подано,
250,243,76,,,80,,87,7,СНИЛС: 17453440873,с/о,не подано,
250,243,74,,,80,,89,7,СНИЛС: 19687507038,с/о,не подано,
250,241,76,,80,,,85,9,СНИЛС: 16618414475,с/о,не подано,
250,241,76,,,78,,87,9,СНИЛС: 16321702632,б/о,не подано,
249,249,88,,81,,,80,0,Рег.номер: 1100420,с/о,не подано,
249,249,88,,81,,,80,0,СНИЛС: 14794648620,с/о,не подано,
249,249,86,,,78,,85,0,СНИЛС: 15609519985,б/о,не подано,
249,249,84,,,83,,82,0,СНИЛС: 18836568736,б/о,не подано,Преимущественное право
249,249,84,,80,,,85,0,СНИЛС: 15734457888,с/о,не подано,
249,249,80,,87,,,82,0,СНИЛС: 17660013253,с/о,не подано,
249,249,80,,78,,,91,0,СНИЛС: 18671503491,б/о,не подано,
249,249,80,,,75,,94,0,СНИЛС: 17821947099,б/о,не подано,
249,249,78,,,80,,91,0,СНИЛС: 13519860775,с/о,не подано,Преимущественное право
249,249,78,,,80,,91,0,СНИЛС: 17548651609,с/о,не подано,
249,249,78,,,80,,91,0,СНИЛС: 16602514746,с/о,не подано,Согласие в другой КГ
249,249,76,,91,,,82,0,СНИЛС: 16678592939,б/о,не подано,
249,249,74,,,93,,82,0,СНИЛС: 16519900684,с/о,не подано,
249,249,74,,,88,,87,0,СНИЛС: 16794535522,б/о,не подано,Согласие в другой КГ
249,249,72,,,90,,87,0,СНИЛС: 14181961056,с/о,не подано,
249,247,88,,83,,,76,2,СНИЛС: 17477276009,с/о,не подано,
249,247,82,,,80,,85,2,СНИЛС: 20316037098,с/о,не подано,
249,247,76,,,80,,91,2,СНИЛС: 20387085055,б/о,не подано,
249,247,74,,,88,,85,2,СНИЛС: 15679344816,с/о,не подано,
249,245,76,,,78,,91,4,СНИЛС: 14615500740,с/о,не подано,
249,244,80,,70,,,94,5,СНИЛС: 16647965626,б/о,не подано,
249,244,78,,,75,,91,5,СНИЛС: 16418571780,б/о,не подано,
249,244,78,,,70,,96,5,СНИЛС: 16609220360,с/о,не подано,
249,244,76,,,72,,96,5,СНИЛС: 18797226843,б/о,не подано,
249,244,74,,,72,,98,5,СНИЛС: 16025103508,с/о,не подано,
249,244,70,,83,,,91,5,СНИЛС: 14957756123,с/о,не подано,
