﻿#;Категория приёма;СНИЛС/Код физ.лица;Инф.;Физ.;Мат.;Рус.;Сумма баллов по ИД (все);Сумма баллов;Тип ВИ;Оригинал;Согласие на зачисление;Нуждаемость в общежитии
1;На общих основаниях;161-434-229 37;95;-;100;98;10;303;ВИ;Нет;Нет;Нет
2;На общих основаниях;169-644-902 19;95;-;96;100;10;301;ЕГЭ;Нет;Нет;Нет
3;На общих основаниях;205-189-153 50;98;-;96;96;10;300;ЕГЭ;Нет;Нет;Нет
4;На общих основаниях;166-487-193 13;93;97;96;96;10;299;ЕГЭ;Нет;Нет;Да
5;На общих основаниях;195-327-578 07;100;-;100;96;0;296;ЕГЭ;Нет;Нет;Нет
6;На общих основаниях;167-564-966 25;90;-;100;98;5;293;ЕГЭ;Нет;Нет;Нет
7;На общих основаниях;155-412-182 41;100;-;100;82;10;292;ЕГЭ;Нет;Нет;Да
8;На общих основаниях;202-830-152 09;77;96;100;85;10;291;ЕГЭ;Нет;Нет;Нет
9;На общих основаниях;198-624-566 30;95;-;92;94;10;291;ЕГЭ;Нет;Нет;Да
10;На общих основаниях;197-075-019 95;93;-;90;98;10;291;ЕГЭ;Нет;Нет;Да
11;На общих основаниях;171-590-758 85;-;100;88;91;10;289;ЕГЭ;Нет;Нет;Да
12;На общих основаниях;187-107-656 89;98;-;90;91;10;289;ЕГЭ;Нет;Нет;Нет
13;На общих основаниях;175-724-153 83;95;-;92;100;2;289;ЕГЭ;Нет;Нет;Нет
14;На общих основаниях;175-638-419 04;95;-;90;94;10;289;ЕГЭ;Нет;Нет;Да
15;На общих основаниях;195-071-752 87;93;-;92;94;10;289;ЕГЭ;Нет;Нет;Да
16;На общих основаниях;209-556-309 77;100;-;86;91;10;287;ЕГЭ;Нет;Нет;Да
17;На общих основаниях;200-304-617 79;-;99;80;98;10;287;ЕГЭ;Да;Нет;Да
18;На общих основаниях;169-965-280 44;93;-;88;96;10;287;ЕГЭ;Нет;Нет;Нет
19;На общих основаниях;143-636-393 66;-;89;90;98;10;287;ЕГЭ;Нет;Нет;Да
20;На общих основаниях;159-246-938 07;95;-;90;91;10;286;ЕГЭ;Нет;Нет;Да
21;На общих основаниях;196-697-312 43;90;-;90;96;10;286;ЕГЭ;Нет;Нет;Нет
22;На общих основаниях;189-526-684 36;93;64;84;98;10;285;ЕГЭ;Нет;Нет;Да
23;На общих основаниях;155-724-930 84;93;95;88;91;10;284;ЕГЭ;Нет;Нет;Да
24;На общих основаниях;168-469-732 30;93;-;92;89;10;284;ЕГЭ;Нет;Нет;Нет
25;На общих основаниях;190-959-659 31;95;-;84;94;10;283;ЕГЭ;Нет;Нет;Да
26;На общих основаниях;164-145-725 60;95;95;80;98;10;283;ЕГЭ;Нет;Нет;Да
27;На общих основаниях;159-541-003 68;98;-;88;91;5;282;ЕГЭ;Да;Нет;Да
28;На общих основаниях;167-947-425 27;95;-;86;91;10;282;ЕГЭ;Нет;Нет;Да
29;На общих основаниях;165-973-238 11;95;80;86;91;10;282;ЕГЭ;Нет;Нет;Да
30;На общих основаниях;178-227-153 86;90;-;98;89;5;282;ЕГЭ;Нет;Нет;Нет
31;На общих основаниях;160-359-483 66;90;-;86;96;10;282;ЕГЭ;Нет;Нет;Да
32;На общих основаниях;180-317-248 45;90;-;84;98;10;282;ЕГЭ;Нет;Нет;Нет
33;На общих основаниях;204-890-287 67;88;-;86;98;10;282;ЕГЭ;Нет;Нет;Да
34;На общих основаниях;163-192-630 60;88;-;84;100;10;282;ЕГЭ;Нет;Нет;Да
35;На общих основаниях;43662;-;100;100;81;0;281;ВИ;Да;Нет;Да
36;На общих основаниях;165-820-223 62;83;100;84;87;10;281;ЕГЭ;Нет;Нет;Да
37;На общих основаниях;184-713-802 85;100;-;82;89;10;281;ЕГЭ;Нет;Нет;Нет
38;На общих основаниях;158-638-622 10;98;-;92;91;0;281;ЕГЭ;Нет;Нет;Да
39;На общих основаниях;137-375-220 64;-;93;94;94;0;281;ЕГЭ;Нет;Нет;Да
40;На общих основаниях;173-504-294 59;93;-;90;96;2;281;ЕГЭ;Нет;Нет;Да
41;На общих основаниях;173-073-084 52;93;-;84;94;10;281;ЕГЭ;Нет;Нет;Нет
42;На общих основаниях;166-319-076 77;93;85;82;96;10;281;ЕГЭ;Нет;Нет;Да
43;На общих основаниях;165-637-617 97;80;93;82;96;10;281;ЕГЭ;Нет;Нет;Да
44;На общих основаниях;157-015-294 50;88;-;92;91;10;281;ЕГЭ;Нет;Нет;Да
45;На общих основаниях;197-184-303 02;85;68;88;98;10;281;ЕГЭ;Нет;Нет;Да
46;На общих основаниях;207-167-392 59;98;-;78;94;10;280;ЕГЭ;Нет;Нет;Да
47;На общих основаниях;162-042-152 13;93;-;90;87;10;280;ЕГЭ;Нет;Нет;Да
48;На общих основаниях;179-322-512 82;93;-;86;91;10;280;ЕГЭ;Нет;Нет;Да
49;На общих основаниях;184-267-126 83;90;87;84;96;10;280;ЕГЭ;Нет;Нет;Да
50;На общих основаниях;185-388-974 41;90;-;84;96;10;280;ЕГЭ;Нет;Нет;Нет
51;На общих основаниях;144-572-735 73;95;-;80;94;10;279;ЕГЭ;Нет;Нет;Нет
52;На общих основаниях;159-955-482 39;95;-;78;96;10;279;ЕГЭ;Нет;Нет;Нет
53;На общих основаниях;200-452-728 07;95;-;78;96;10;279;ЕГЭ;Нет;Нет;Да
54;На общих основаниях;190-302-826 40;95;-;76;98;10;279;ЕГЭ;Нет;Нет;Нет
55;На общих основаниях;170-301-900 13;-;93;82;94;10;279;ЕГЭ;Нет;Нет;Да
56;На общих основаниях;171-618-959 90;90;83;98;91;0;279;ЕГЭ;Нет;Нет;Да
57;На общих основаниях;160-549-449 71;-;87;82;100;10;279;ЕГЭ;Да;Нет;Да
58;На общих основаниях;157-558-078 05;85;-;86;98;10;279;ЕГЭ;Нет;Нет;Да
59;На общих основаниях;167-718-916 18;-;81;94;94;10;279;ЕГЭ;Нет;Нет;Да
60;На общих основаниях;157-071-665 71;-;99;90;87;2;278;ЕГЭ;Нет;Нет;Да
61;На общих основаниях;170-992-124 82;95;-;100;73;10;278;ЕГЭ;Нет;Нет;Да
62;На общих основаниях;167-216-197 74;95;-;84;89;10;278;ЕГЭ;Нет;Нет;Нет
63;На общих основаниях;180-484-541 76;72;95;82;91;10;278;ЕГЭ;Нет;Нет;Да
64;На общих основаниях;164-137-821 62;93;-;100;85;0;278;ЕГЭ;Нет;Нет;Да
65;На общих основаниях;165-809-289 05;93;-;86;89;10;278;ЕГЭ;Нет;Нет;Да
66;На общих основаниях;165-250-120 35;90;-;88;98;2;278;ЕГЭ;Нет;Нет;Нет
67;На общих основаниях;193-809-044 97;90;-;84;94;10;278;ЕГЭ;Нет;Нет;Нет
68;На общих основаниях;200-349-179 17;90;80;82;96;10;278;ЕГЭ;Нет;Нет;Да
69;На общих основаниях;185-597-938 50;90;-;80;98;10;278;ЕГЭ;Нет;Нет;Да
70;На общих основаниях;136-194-825 74;-;89;92;87;10;278;ЕГЭ;Нет;Нет;Нет
71;На общих основаниях;181-744-369 87;78;89;88;91;10;278;ЕГЭ;Нет;Нет;Нет
72;На общих основаниях;172-614-208 49;88;60;96;94;0;278;ЕГЭ;Нет;Нет;Нет
73;На общих основаниях;138-986-654 37;98;-;80;94;5;277;ЕГЭ;Нет;Нет;Нет
74;На общих основаниях;166-398-521 12;70;95;78;94;10;277;ЕГЭ;Нет;Нет;Нет
75;На общих основаниях;174-032-811 42;90;-;88;89;10;277;ЕГЭ;Нет;Нет;Да
76;На общих основаниях;159-659-086 29;90;-;86;91;10;277;ЕГЭ;Нет;Нет;Нет
77;На общих основаниях;206-137-419 31;78;85;88;94;10;277;ЕГЭ;Нет;Нет;Да
78;На общих основаниях;192-296-677 13;78;85;86;96;10;277;ЕГЭ;Нет;Нет;Да
79;На общих основаниях;165-079-970 02;-;83;100;94;0;277;ЕГЭ;Нет;Нет;Нет
80;На общих основаниях;164-601-068 44;83;-;86;98;10;277;ЕГЭ;Нет;Нет;Да
81;На общих основаниях;174-014-979 63;83;-;86;98;10;277;ЕГЭ;Нет;Нет;Нет
82;На общих основаниях;173-453-671 79;83;-;84;100;10;277;ЕГЭ;Нет;Нет;Нет
83;На общих основаниях;192-536-367 91;80;-;96;91;10;277;ЕГЭ;Нет;Нет;Нет
84;На общих основаниях;166-037-588 80;-;95;82;89;10;276;ЕГЭ;Нет;Нет;Да
85;На общих основаниях;182-163-141 46;95;58;82;89;10;276;ЕГЭ;Нет;Нет;Нет
86;На общих основаниях;188-701-323 90;93;-;92;89;2;276;ЕГЭ;Нет;Нет;Нет
87;На общих основаниях;153-505-850 53;93;-;90;91;2;276;ЕГЭ;Нет;Нет;Да
88;На общих основаниях;177-633-469 08;88;-;84;94;10;276;ЕГЭ;Нет;Нет;Нет
89;На общих основаниях;159-012-761 58;-;83;96;87;10;276;ЕГЭ;Нет;Нет;Да
90;На общих основаниях;159-850-505 03;93;-;88;94;0;275;ЕГЭ;Нет;Нет;Да
91;На общих основаниях;165-250-030 34;93;-;74;98;10;275;ЕГЭ;Нет;Нет;Нет
92;На общих основаниях;197-810-747 17;81;91;80;94;10;275;ЕГЭ;Нет;Нет;Нет
93;На общих основаниях;160-786-043 73;90;-;96;87;2;275;ЕГЭ;Нет;Нет;Да
94;На общих основаниях;159-482-664 16;90;-;90;85;10;275;ЕГЭ;Нет;Нет;Да
95;На общих основаниях;185-617-434 98;88;-;94;91;2;275;ЕГЭ;Нет;Нет;Нет
96;На общих основаниях;162-569-403 81;88;-;92;85;10;275;ЕГЭ;Нет;Нет;Да
97;На общих основаниях;175-239-247 83;88;-;86;96;5;275;ЕГЭ;Нет;Нет;Нет
98;На общих основаниях;165-276-815 93;85;-;84;96;10;275;ЕГЭ;Нет;Нет;Да
99;На общих основаниях;189-293-936 42;83;-;100;82;10;275;ЕГЭ;Нет;Нет;Да
100;На общих основаниях;151-033-799 30;83;-;86;96;10;275;ЕГЭ;Нет;Нет;Да
101;На общих основаниях;196-352-604 95;83;-;84;98;10;275;ЕГЭ;Нет;Нет;Нет
102;На общих основаниях;139-884-508 21;-;83;82;100;10;275;ЕГЭ;Нет;Нет;Да
103;На общих основаниях;207-714-998 82;100;-;82;82;10;274;ЕГЭ;Нет;Нет;Да
104;На общих основаниях;195-739-094 29;95;-;90;82;7;274;ЕГЭ;Нет;Нет;Нет
105;На общих основаниях;173-041-524 32;94;-;84;96;0;274;ЕГЭ;Нет;Нет;Да
106;На общих основаниях;170-131-774 28;93;-;96;85;0;274;ЕГЭ;Нет;Нет;Да
107;На общих основаниях;184-345-486 92;93;89;90;91;0;274;ЕГЭ;Нет;Нет;Нет
108;На общих основаниях;173-486-733 02;93;80;88;91;2;274;ЕГЭ;Нет;Нет;Да
109;На общих основаниях;154-137-088 49;93;-;86;85;10;274;ЕГЭ;Нет;Нет;Да
110;На общих основаниях;162-644-823 73;90;-;94;80;10;274;ЕГЭ;Нет;Нет;Да
111;На общих основаниях;200-166-984 24;85;89;84;91;10;274;ЕГЭ;Нет;Нет;Да
112;На общих основаниях;158-722-340 81;88;-;96;85;5;274;ЕГЭ;Нет;Нет;Да
113;На общих основаниях;151-206-373 17;88;-;88;98;0;274;ЕГЭ;Нет;Нет;Нет
114;На общих основаниях;190-529-814 86;88;-;82;94;10;274;ЕГЭ;Нет;Нет;Нет
115;На общих основаниях;149-102-319 37;88;-;78;98;10;274;ЕГЭ;Нет;Нет;Нет
116;На общих основаниях;166-399-148 15;88;-;78;98;10;274;ЕГЭ;Нет;Нет;Нет
117;На общих основаниях;189-060-456 93;98;89;92;73;10;273;ЕГЭ;Да;Нет;Нет
118;На общих основаниях;186-629-955 37;-;97;90;76;10;273;ЕГЭ;Нет;Нет;Да
119;На общих основаниях;184-537-898 22;95;91;92;76;10;273;ЕГЭ;Нет;Нет;Нет
120;На общих основаниях;194-356-956 17;-;95;84;89;5;273;ЕГЭ;Нет;Нет;Нет
121;На общих основаниях;165-417-717 78;95;-;82;94;2;273;ЕГЭ;Нет;Нет;Да
122;На общих основаниях;142-106-539 14;93;-;88;87;5;273;ЕГЭ;Нет;Нет;Да
123;На общих основаниях;146-507-284 66;93;-;86;94;0;273;ЕГЭ;Нет;Нет;Да
124;На общих основаниях;179-389-224 34;93;-;74;96;10;273;ЕГЭ;Нет;Нет;Да
125;На общих основаниях;190-151-315 31;90;-;82;91;10;273;ЕГЭ;Нет;Нет;Нет
126;На общих основаниях;188-966-807 66;90;-;82;91;10;273;ЕГЭ;Да;Нет;Да
127;На общих основаниях;183-741-878 04;90;-;82;91;10;273;ЕГЭ;Нет;Нет;Нет
128;На общих основаниях;193-278-046 94;-;89;90;94;0;273;ЕГЭ;Да;Нет;Да
129;На общих основаниях;164-994-268 24;88;-;90;85;10;273;ЕГЭ;Нет;Нет;Нет
130;На общих основаниях;181-411-587 50;85;78;84;94;10;273;ЕГЭ;Нет;Нет;Нет
131;На общих основаниях;142-365-731 50;85;-;84;94;10;273;ЕГЭ;Нет;Нет;Да
132;На общих основаниях;165-623-609 76;95;83;90;87;0;272;ЕГЭ;Нет;Нет;Да
133;На общих основаниях;165-653-040 72;95;-;84;91;2;272;ЕГЭ;Нет;Нет;Да
134;На общих основаниях;155-662-162 74;93;-;80;89;10;272;ЕГЭ;Нет;Нет;Да
135;На общих основаниях;191-235-570 63;93;-;80;89;10;272;ЕГЭ;Нет;Нет;Нет
136;На общих основаниях;187-357-225 06;90;-;92;80;10;272;ЕГЭ;Нет;Нет;Нет
137;На общих основаниях;189-160-606 95;90;-;86;96;0;272;ЕГЭ;Нет;Нет;Нет
138;На общих основаниях;173-942-899 17;90;-;78;94;10;272;ЕГЭ;Нет;Нет;Да
139;На общих основаниях;181-551-807 69;90;-;78;94;10;272;ЕГЭ;Нет;Нет;Нет
140;На общих основаниях;189-038-542 06;90;68;76;96;10;272;ЕГЭ;Нет;Нет;Нет
141;На общих основаниях;130-162-594 13;88;-;90;89;5;272;ЕГЭ;Да;Нет;Нет
142;На общих основаниях;149-606-762 98;88;-;88;96;0;272;ЕГЭ;Нет;Нет;Да
143;На общих основаниях;148-223-963 72;88;-;88;91;5;272;ЕГЭ;Нет;Нет;Да
144;На общих основаниях;139-708-530 90;88;57;86;98;0;272;ЕГЭ;Нет;Нет;Да
145;На общих основаниях;163-832-590 81;88;-;76;98;10;272;ЕГЭ;Нет;Нет;Да
146;На общих основаниях;159-540-058 79;85;-;94;91;2;272;ЕГЭ;Нет;Нет;Да
147;На общих основаниях;185-124-960 78;85;-;86;91;10;272;ЕГЭ;Нет;Нет;Нет
148;На общих основаниях;159-850-508 06;85;-;86;91;10;272;ЕГЭ;Нет;Нет;Да
149;На общих основаниях;210-132-320 68;100;-;90;76;5;271;ВИ;Да;Нет;Да
150;На общих основаниях;174-873-244 04;93;-;90;78;10;271;ЕГЭ;Нет;Нет;Нет
151;На общих основаниях;146-729-006 76;-;93;88;80;10;271;ЕГЭ;Нет;Нет;Нет
152;На общих основаниях;173-870-984 14;93;-;84;94;0;271;ЕГЭ;Нет;Нет;Да
153;На общих основаниях;184-084-538 85;93;-;84;94;0;271;ЕГЭ;Нет;Нет;Нет
154;На общих основаниях;169-175-586 16;93;-;82;96;0;271;ЕГЭ;Нет;Нет;Да
155;На общих основаниях;172-435-271 58;93;-;80;98;0;271;ЕГЭ;Нет;Нет;Да
156;На общих основаниях;205-750-386 50;90;-;82;89;10;271;ЕГЭ;Нет;Нет;Нет
157;На общих основаниях;164-745-579 03;-;89;86;96;0;271;ЕГЭ;Нет;Нет;Нет
158;На общих основаниях;193-318-394 87;-;89;78;94;10;271;ЕГЭ;Нет;Нет;Да
159;На общих основаниях;199-362-178 23;88;-;82;91;10;271;ЕГЭ;Нет;Нет;Нет
160;На общих основаниях;167-908-618 18;78;85;82;94;10;271;ЕГЭ;Нет;Нет;Да
161;На общих основаниях;178-029-635 95;85;64;80;96;10;271;ЕГЭ;Нет;Нет;Нет
162;На общих основаниях;165-655-129 88;85;-;80;96;10;271;ЕГЭ;Нет;Нет;Да
163;На общих основаниях;170-330-035 08;85;-;80;96;10;271;ЕГЭ;Да;Нет;Да
164;На общих основаниях;167-729-957 36;83;-;84;94;10;271;ЕГЭ;Нет;Нет;Да
165;На общих основаниях;148-171-023 48;-;83;82;96;10;271;ЕГЭ;Нет;Нет;Да
166;На общих основаниях;158-856-738 35;83;-;82;96;10;271;ЕГЭ;Нет;Нет;Да
167;На общих основаниях;203-311-843 00;83;-;80;98;10;271;ЕГЭ;Да;Нет;Нет
168;На общих основаниях;186-373-579 16;83;-;78;100;10;271;ЕГЭ;Нет;Нет;Нет
169;На общих основаниях;175-077-082 80;78;76;90;98;5;271;ЕГЭ;Нет;Нет;Нет
170;На общих основаниях;209-919-504 94;95;-;88;87;0;270;ЕГЭ;Нет;Нет;Нет
171;На общих основаниях;204-699-058 80;95;-;80;85;10;270;ЕГЭ;Нет;Нет;Да
172;На общих основаниях;153-919-400 76;95;-;76;89;10;270;ЕГЭ;Нет;Нет;Нет
173;На общих основаниях;150-811-203 14;95;62;74;91;10;270;ЕГЭ;Нет;Нет;Нет
174;На общих основаниях;165-215-413 45;93;-;86;91;0;270;ЕГЭ;Нет;Нет;Да
175;На общих основаниях;187-241-667 94;93;-;80;87;10;270;ЕГЭ;Нет;Нет;Да
176;На общих основаниях;166-200-914 43;93;-;76;91;10;270;ЕГЭ;Нет;Нет;Нет
177;На общих основаниях;195-701-157 81;93;-;76;91;10;270;ЕГЭ;Нет;Нет;Нет
178;На общих основаниях;161-770-754 75;90;-;86;94;0;270;ЕГЭ;Нет;Нет;Да
179;На общих основаниях;154-650-212 47;90;-;80;100;0;270;ЕГЭ;Нет;Нет;Да
180;На общих основаниях;164-141-180 33;90;-;76;94;10;270;ЕГЭ;Нет;Нет;Да
181;На общих основаниях;164-718-334 82;85;89;82;89;10;270;ЕГЭ;Нет;Нет;Нет
182;На общих основаниях;133-683-076 61;88;-;88;94;0;270;ЕГЭ;Нет;Нет;Да
183;На общих основаниях;181-685-789 20;88;-;86;96;0;270;ЕГЭ;Нет;Нет;Нет
184;На общих основаниях;183-741-215 72;88;70;86;94;2;270;ЕГЭ;Нет;Нет;Нет
185;На общих основаниях;141-182-045 14;88;-;84;96;2;270;ЕГЭ;Нет;Нет;Нет
186;На общих основаниях;208-455-135 56;88;-;78;94;10;270;ЕГЭ;Нет;Нет;Да
187;На общих основаниях;164-131-220 19;85;-;84;91;10;270;ЕГЭ;Нет;Нет;Нет
188;На общих основаниях;169-663-830 26;80;-;86;94;10;270;ЕГЭ;Нет;Нет;Нет
189;На общих основаниях;183-934-911 07;-;78;88;94;10;270;ЕГЭ;Нет;Нет;Да
190;На общих основаниях;140-477-211 36;78;-;86;96;10;270;ЕГЭ;Нет;Нет;Нет
191;На общих основаниях;164-725-608 82;93;-;86;80;10;269;ЕГЭ;Нет;Нет;Нет
192;На общих основаниях;155-275-200 56;93;61;86;80;10;269;ЕГЭ;Нет;Нет;Нет
193;На общих основаниях;176-025-661 67;85;93;84;82;10;269;ЕГЭ;Нет;Нет;Да
194;На общих основаниях;40472;-;90;90;89;0;269;ВИ;Нет;Нет;Да
195;На общих основаниях;165-446-377 89;90;-;80;89;10;269;ЕГЭ;Нет;Нет;Да
196;На общих основаниях;158-720-779 00;90;-;78;91;10;269;ЕГЭ;Нет;Нет;Да
197;На общих основаниях;181-192-360 59;-;89;76;94;10;269;ЕГЭ;Нет;Нет;Нет
198;На общих основаниях;183-816-269 97;88;-;86;85;10;269;ЕГЭ;Нет;Нет;Нет
199;На общих основаниях;184-762-143 94;85;-;80;94;10;269;ЕГЭ;Нет;Нет;Нет
200;На общих основаниях;176-005-121 34;85;-;78;96;10;269;ЕГЭ;Нет;Нет;Да
201;На общих основаниях;160-056-621 28;85;-;78;96;10;269;ЕГЭ;Нет;Нет;Нет
202;На общих основаниях;132-314-730 12;83;-;90;94;2;269;ВИ;Да;Нет;Нет
203;На общих основаниях;161-073-941 46;83;-;80;96;10;269;ЕГЭ;Да;Нет;Да
204;На общих основаниях;156-894-981 42;83;-;80;96;10;269;ЕГЭ;Нет;Нет;Да
205;На общих основаниях;185-016-980 79;80;-;90;94;5;269;ЕГЭ;Нет;Нет;Нет
206;На общих основаниях;133-530-506 19;80;-;88;96;5;269;ЕГЭ;Нет;Нет;Да
207;На общих основаниях;187-270-178 93;98;-;94;76;0;268;ЕГЭ;Нет;Нет;Нет
208;На общих основаниях;135-250-032 12;94;94;92;82;0;268;ЕГЭ;Нет;Нет;Нет
209;На общих основаниях;193-540-867 94;93;-;88;87;0;268;ЕГЭ;Нет;Нет;Нет
210;На общих основаниях;167-533-614 86;93;-;84;91;0;268;ЕГЭ;Нет;Нет;Да
211;На общих основаниях;175-041-153 39;93;-;84;91;0;268;ЕГЭ;Нет;Нет;Да
212;На общих основаниях;183-967-812 32;93;-;82;91;2;268;ЕГЭ;Нет;Нет;Нет
213;На общих основаниях;180-085-040 40;93;-;82;91;2;268;ЕГЭ;Нет;Нет;Нет
214;На общих основаниях;175-494-912 14;93;-;78;87;10;268;ЕГЭ;Нет;Нет;Да
215;На общих основаниях;152-311-376 18;90;-;86;82;10;268;ЕГЭ;Нет;Нет;Да
216;На общих основаниях;184-959-592 49;-;89;84;85;10;268;ЕГЭ;Нет;Нет;Нет
217;На общих основаниях;158-271-761 89;-;89;80;89;10;268;ЕГЭ;Нет;Нет;Да
218;На общих основаниях;144-881-922 93;79;89;78;91;10;268;ЕГЭ;Да;Нет;Нет
219;На общих основаниях;165-563-614 87;88;-;86;94;0;268;ЕГЭ;Нет;Нет;Да
220;На общих основаниях;169-594-780 46;88;-;84;96;0;268;ЕГЭ;Нет;Нет;Да
221;На общих основаниях;167-954-658 35;88;-;84;94;2;268;ЕГЭ;Нет;Нет;Да
222;На общих основаниях;178-498-474 50;-;85;84;89;10;268;ЕГЭ;Да;Нет;Да
223;На общих основаниях;200-598-976 71;85;-;84;89;10;268;ЕГЭ;Нет;Нет;Да
224;На общих основаниях;184-796-100 13;85;-;82;96;5;268;ЕГЭ;Нет;Нет;Нет
225;На общих основаниях;165-894-473 28;83;83;90;85;10;268;ЕГЭ;Нет;Нет;Да
226;На общих основаниях;207-665-188 79;83;-;84;91;10;268;ЕГЭ;Нет;Нет;Да
227;На общих основаниях;187-488-618 44;80;-;100;78;10;268;ЕГЭ;Нет;Нет;Да
228;На общих основаниях;165-916-685 12;80;-;84;94;10;268;ЕГЭ;Нет;Нет;Да
229;На общих основаниях;175-882-538 23;95;-;82;80;10;267;ЕГЭ;Нет;Нет;Да
230;На общих основаниях;147-741-646 87;95;53;78;94;0;267;ЕГЭ;Нет;Нет;Нет
231;На общих основаниях;171-962-995 12;93;-;92;82;0;267;ЕГЭ;Нет;Нет;Да
232;На общих основаниях;184-291-605 84;93;-;84;85;5;267;ЕГЭ;Нет;Нет;Нет
233;На общих основаниях;165-734-236 82;-;93;84;80;10;267;ЕГЭ;Нет;Нет;Да
234;На общих основаниях;161-959-957 21;90;-;88;89;0;267;ЕГЭ;Нет;Нет;Да
235;На общих основаниях;166-132-171 45;90;-;86;91;0;267;ЕГЭ;Нет;Нет;Да
236;На общих основаниях;136-256-302 46;90;-;82;85;10;267;ЕГЭ;Нет;Нет;Нет
237;На общих основаниях;170-217-458 39;90;-;80;87;10;267;ЕГЭ;Нет;Нет;Нет
238;На общих основаниях;182-894-706 21;90;-;80;87;10;267;ЕГЭ;Да;Нет;Да
239;На общих основаниях;146-814-019 62;90;-;76;91;10;267;ЕГЭ;Нет;Нет;Да
240;На общих основаниях;191-292-212 62;90;-;76;91;10;267;ЕГЭ;Нет;Нет;Нет
241;На общих основаниях;164-575-889 17;88;-;86;91;2;267;ЕГЭ;Да;Нет;Да
242;На общих основаниях;164-586-084 98;88;-;86;91;2;267;ЕГЭ;Нет;Нет;Да
243;На общих основаниях;157-015-274 46;88;-;82;87;10;267;ЕГЭ;Нет;Нет;Да
244;На общих основаниях;189-175-635 24;88;62;82;87;10;267;ЕГЭ;Нет;Нет;Нет
245;На общих основаниях;156-167-100 57;88;-;80;89;10;267;ЕГЭ;Нет;Нет;Да
246;На общих основаниях;159-221-920 68;88;-;80;89;10;267;ЕГЭ;Нет;Нет;Да
247;На общих основаниях;165-957-065 14;88;-;80;89;10;267;ЕГЭ;Нет;Нет;Да
248;На общих основаниях;181-470-511 56;88;-;78;91;10;267;ЕГЭ;Нет;Нет;Нет
249;На общих основаниях;154-604-626 56;85;-;86;94;2;267;ЕГЭ;Нет;Нет;Да
250;На общих основаниях;157-659-225 08;85;-;86;91;5;267;ЕГЭ;Нет;Нет;Да
251;На общих основаниях;158-759-799 54;85;-;78;94;10;267;ЕГЭ;Нет;Нет;Да
252;На общих основаниях;206-305-423 16;85;-;78;94;10;267;ЕГЭ;Нет;Нет;Да
253;На общих основаниях;160-971-259 74;83;-;92;87;5;267;ЕГЭ;Нет;Нет;Да
254;На общих основаниях;194-331-660 75;83;-;84;100;0;267;ЕГЭ;Нет;Нет;Нет
255;На общих основаниях;189-412-807 02;80;-;86;91;10;267;ЕГЭ;Нет;Нет;Нет
256;На общих основаниях;143-871-241 63;75;-;84;98;10;267;ЕГЭ;Нет;Нет;Да
257;На общих основаниях;165-799-045 26;90;97;84;85;0;266;ЕГЭ;Нет;Нет;Нет
258;На общих основаниях;192-470-118 66;95;-;84;87;0;266;ЕГЭ;Нет;Нет;Нет
259;На общих основаниях;144-651-010 35;95;-;80;89;2;266;ЕГЭ;Нет;Нет;Да
260;На общих основаниях;186-770-606 14;93;-;88;85;0;266;ЕГЭ;Нет;Нет;Да
261;На общих основаниях;150-358-891 66;93;-;84;89;0;266;ЕГЭ;Нет;Нет;Да
262;На общих основаниях;166-204-266 50;93;-;84;87;2;266;ЕГЭ;Нет;Нет;Да
263;На общих основаниях;188-273-115 97;93;-;78;85;10;266;ЕГЭ;Нет;Нет;Да
264;На общих основаниях;165-654-061 81;83;91;74;91;10;266;ЕГЭ;Нет;Нет;Да
265;На общих основаниях;165-778-606 23;90;-;86;80;10;266;ЕГЭ;Нет;Нет;Да
266;На общих основаниях;159-773-648 33;90;-;84;82;10;266;ЕГЭ;Нет;Нет;Да
267;На общих основаниях;169-579-316 36;90;-;78;96;2;266;ЕГЭ;Нет;Нет;Нет
268;На общих основаниях;165-637-805 99;88;-;88;80;10;266;ЕГЭ;Нет;Нет;Да
269;На общих основаниях;142-284-247 43;88;-;82;96;0;266;ЕГЭ;Да;Нет;Да
270;На общих основаниях;206-045-727 31;88;-;82;91;5;266;ЕГЭ;Нет;Нет;Нет
271;На общих основаниях;148-383-565 98;88;-;78;100;0;266;ЕГЭ;Нет;Нет;Да
272;На общих основаниях;168-736-386 23;88;-;74;94;10;266;ЕГЭ;Нет;Нет;Да
273;На общих основаниях;184-059-003 64;85;80;82;89;10;266;ЕГЭ;Нет;Нет;Нет
274;На общих основаниях;165-423-917 73;85;-;82;89;10;266;ЕГЭ;Нет;Нет;Да
275;На общих основаниях;149-047-834 85;-;85;82;89;10;266;ЕГЭ;Нет;Нет;Да
276;На общих основаниях;170-876-374 98;85;-;80;91;10;266;ЕГЭ;Нет;Нет;Да
277;На общих основаниях;164-390-633 74;83;-;92;91;0;266;ЕГЭ;Нет;Нет;Да
278;На общих основаниях;155-098-500 75;83;-;84;89;10;266;ЕГЭ;Нет;Нет;Нет
279;На общих основаниях;152-212-625 14;83;-;84;89;10;266;ЕГЭ;Нет;Нет;Нет
280;На общих основаниях;203-672-233 32;83;-;82;91;10;266;ЕГЭ;Нет;Нет;Да
281;На общих основаниях;165-896-363 31;80;-;82;94;10;266;ЕГЭ;Да;Нет;Нет
282;На общих основаниях;163-365-783 85;80;-;80;96;10;266;ЕГЭ;Нет;Нет;Нет
283;На общих основаниях;172-158-017 50;78;-;84;94;10;266;ЕГЭ;Нет;Нет;Да
284;На общих основаниях;165-938-539 21;100;-;80;85;0;265;ЕГЭ;Нет;Нет;Да
285;На общих основаниях;156-828-724 08;98;-;74;91;2;265;ЕГЭ;Нет;Нет;Да
286;На общих основаниях;164-331-712 46;95;-;82;78;10;265;ЕГЭ;Нет;Нет;Да
287;На общих основаниях;159-596-297 40;95;-;76;94;0;265;ЕГЭ;Нет;Нет;Да
288;На общих основаниях;157-872-159 09;95;-;74;96;0;265;ЕГЭ;Нет;Нет;Да
289;На общих основаниях;150-343-750 29;95;-;74;96;0;265;ЕГЭ;Нет;Нет;Да
290;На общих основаниях;195-170-832 88;93;-;92;80;0;265;ЕГЭ;Нет;Нет;Да
291;На общих основаниях;192-267-751 96;93;-;90;82;0;265;ЕГЭ;Нет;Нет;Да
292;На общих основаниях;193-355-611 85;-;91;80;94;0;265;ЕГЭ;Нет;Нет;Нет
293;На общих основаниях;197-283-528 19;90;74;80;85;10;265;ЕГЭ;Нет;Нет;Да
294;На общих основаниях;166-206-211 43;90;-;78;87;10;265;ЕГЭ;Нет;Нет;Да
295;На общих основаниях;164-853-955 10;90;-;76;89;10;265;ЕГЭ;Нет;Нет;Да
296;На общих основаниях;169-256-219 97;88;-;90;87;0;265;ЕГЭ;Нет;Нет;Да
297;На общих основаниях;166-057-694 91;88;-;84;91;2;265;ЕГЭ;Нет;Нет;Да
298;На общих основаниях;168-877-675 59;88;-;80;87;10;265;ЕГЭ;Нет;Нет;Да
299;На общих основаниях;188-596-772 63;88;60;78;89;10;265;ЕГЭ;Нет;Нет;Да
300;На общих основаниях;160-992-713 89;88;-;76;91;10;265;ЕГЭ;Нет;Нет;Да
301;На общих основаниях;159-556-655 22;-;87;72;96;10;265;ЕГЭ;Нет;Нет;Да
302;На общих основаниях;159-783-550 29;85;81;88;82;10;265;ЕГЭ;Нет;Нет;Да
303;На общих основаниях;158-979-446 54;85;-;86;94;0;265;ЕГЭ;Нет;Нет;Да
304;На общих основаниях;158-875-235 23;85;-;86;89;5;265;ЕГЭ;Нет;Нет;Да
305;На общих основаниях;187-975-136 44;85;-;82;98;0;265;ЕГЭ;Нет;Нет;Нет
306;На общих основаниях;206-808-239 60;85;-;76;94;10;265;ЕГЭ;Нет;Нет;Да
307;На общих основаниях;207-164-363 42;85;-;76;94;10;265;ЕГЭ;Нет;Нет;Да
308;На общих основаниях;187-569-418 38;85;-;74;96;10;265;ЕГЭ;Нет;Нет;Да
309;На общих основаниях;155-441-916 66;83;-;86;96;0;265;ЕГЭ;Нет;Нет;Нет
310;На общих основаниях;154-546-575 84;83;58;84;96;2;265;ЕГЭ;Нет;Нет;Да
311;На общих основаниях;169-302-041 54;83;53;78;94;10;265;ЕГЭ;Нет;Нет;Да
312;На общих основаниях;201-515-594 16;80;-;86;89;10;265;ЕГЭ;Нет;Нет;Да
313;На общих основаниях;182-260-290 52;75;78;92;85;10;265;ЕГЭ;Нет;Нет;Да
314;На общих основаниях;168-340-913 82;-;78;86;91;10;265;ЕГЭ;Нет;Нет;Нет
315;На общих основаниях;169-588-701 42;75;-;84;96;10;265;ЕГЭ;Нет;Нет;Да
316;На общих основаниях;173-271-046 50;75;-;82;98;10;265;ЕГЭ;Нет;Нет;Нет
317;На общих основаниях;159-262-050 71;-;99;74;91;0;264;ЕГЭ;Нет;Нет;Да
318;На общих основаниях;175-022-928 56;98;-;88;78;0;264;ЕГЭ;Нет;Нет;Да
319;На общих основаниях;185-385-935 22;95;55;84;85;0;264;ЕГЭ;Нет;Нет;Да
320;На общих основаниях;198-198-674 54;95;-;84;85;0;264;ЕГЭ;Нет;Нет;Да
321;На общих основаниях;154-438-714 74;95;-;84;85;0;264;ЕГЭ;Нет;Нет;Да
322;На общих основаниях;164-502-055 37;95;-;80;89;0;264;ЕГЭ;Нет;Нет;Да
323;На общих основаниях;147-502-296 57;95;-;78;91;0;264;ЕГЭ;Нет;Нет;Нет
324;На общих основаниях;181-515-466 64;95;-;70;89;10;264;ЕГЭ;Нет;Нет;Да
325;На общих основаниях;160-662-028 42;93;89;96;73;2;264;ЕГЭ;Нет;Нет;Да
326;На общих основаниях;134-183-146 35;93;-;86;85;0;264;ЕГЭ;Нет;Нет;Нет
327;На общих основаниях;181-919-744 06;93;-;84;85;2;264;ЕГЭ;Нет;Нет;Да
328;На общих основаниях;166-274-733 91;93;-;82;89;0;264;ЕГЭ;Нет;Нет;Да
329;На общих основаниях;204-535-269 37;93;-;80;91;0;264;ЕГЭ;Нет;Нет;Нет
330;На общих основаниях;157-757-223 04;93;-;80;91;0;264;ЕГЭ;Нет;Нет;Да
331;На общих основаниях;186-639-688 42;93;-;80;89;2;264;ЕГЭ;Нет;Нет;Нет
332;На общих основаниях;158-760-683 12;93;-;74;87;10;264;ЕГЭ;Нет;Нет;Да
333;На общих основаниях;166-504-889 93;90;-;86;78;10;264;ЕГЭ;Нет;Нет;Нет
334;На общих основаниях;148-374-297 96;90;-;84;85;5;264;ЕГЭ;Нет;Нет;Нет
335;На общих основаниях;160-191-035 22;90;56;78;94;2;264;ЕГЭ;Нет;Нет;Да
336;На общих основаниях;188-094-293 15;90;-;76;91;7;264;ЕГЭ;Нет;Нет;Нет
337;На общих основаниях;157-373-430 80;-;89;86;89;0;264;ЕГЭ;Нет;Нет;Да
338;На общих основаниях;196-298-635 39;88;-;84;82;10;264;ЕГЭ;Нет;Нет;Да
339;На общих основаниях;167-330-680 72;88;83;80;96;0;264;ЕГЭ;Нет;Нет;Нет
340;На общих основаниях;132-033-827 08;64;88;70;96;10;264;ЕГЭ;Нет;Нет;Да
341;На общих основаниях;168-326-024 72;85;-;90;89;0;264;ЕГЭ;Нет;Нет;Да
342;На общих основаниях;156-134-631 52;-;85;84;91;4;264;ЕГЭ;Нет;Нет;Да
343;На общих основаниях;192-341-319 56;85;-;82;87;10;264;ЕГЭ;Нет;Нет;Нет
344;На общих основаниях;160-348-047 41;85;-;80;89;10;264;ЕГЭ;Нет;Нет;Да
345;На общих основаниях;158-680-932 14;85;-;80;89;10;264;ЕГЭ;Нет;Нет;Да
346;На общих основаниях;168-457-636 18;85;-;78;91;10;264;ЕГЭ;Нет;Нет;Да
347;На общих основаниях;186-354-684 10;85;-;78;91;10;264;ЕГЭ;Нет;Нет;Нет
348;На общих основаниях;179-532-991 25;-;84;86;94;0;264;ЕГЭ;Нет;Нет;Нет
349;На общих основаниях;169-140-625 72;83;-;98;73;10;264;ЕГЭ;Нет;Нет;Нет
350;На общих основаниях;166-031-918 54;83;64;92;89;0;264;ЕГЭ;Нет;Нет;Да
351;На общих основаниях;187-807-362 19;83;72;92;89;0;264;ЕГЭ;Нет;Нет;Нет
352;На общих основаниях;165-782-410 95;83;-;86;85;10;264;ЕГЭ;Нет;Нет;Да
353;На общих основаниях;158-483-561 07;83;-;86;85;10;264;ЕГЭ;Нет;Нет;Да
354;На общих основаниях;166-829-795 35;83;-;82;94;5;264;ЕГЭ;Нет;Нет;Нет
355;На общих основаниях;167-615-629 97;83;-;80;91;10;264;ЕГЭ;Нет;Нет;Да
356;На общих основаниях;191-274-224 64;80;-;92;82;10;264;ЕГЭ;Нет;Нет;Да
357;На общих основаниях;136-565-499 93;78;80;78;96;10;264;ЕГЭ;Нет;Нет;Да
358;На общих основаниях;158-441-631 77;78;-;82;94;10;264;ЕГЭ;Нет;Нет;Нет
359;На общих основаниях;178-702-927 07;78;-;80;96;10;264;ЕГЭ;Нет;Нет;Да
360;На общих основаниях;164-889-423 26;-;74;84;96;10;264;ЕГЭ;Нет;Нет;Да
361;На общих основаниях;161-449-147 61;-;74;84;96;10;264;ЕГЭ;Нет;Нет;Да
362;На общих основаниях;154-804-461 65;67;68;92;94;10;264;ЕГЭ;Нет;Нет;Да
363;На общих основаниях;154-588-156 97;100;-;80;73;10;263;ЕГЭ;Нет;Нет;Да
364;На общих основаниях;143-274-143 38;-;95;86;82;0;263;ЕГЭ;Нет;Нет;Нет
365;На общих основаниях;168-543-704 99;95;-;84;82;2;263;ЕГЭ;Нет;Нет;Нет
366;На общих основаниях;181-140-460 29;95;-;82;76;10;263;ЕГЭ;Нет;Нет;Нет
367;На общих основаниях;173-308-473 64;95;76;82;76;10;263;ЕГЭ;Нет;Нет;Да
368;На общих основаниях;179-409-571 16;95;-;80;88;0;263;ЕГЭ;Нет;Нет;Да
369;На общих основаниях;167-662-719 10;95;-;80;88;0;263;ЕГЭ;Нет;Нет;Да
370;На общих основаниях;167-216-507 68;94;-;80;89;0;263;ЕГЭ;Да;Нет;Нет
371;На общих основаниях;207-502-252 22;93;-;88;82;0;263;ЕГЭ;Нет;Нет;Нет
372;На общих основаниях;184-338-031 72;93;78;84;76;10;263;ЕГЭ;Нет;Нет;Да
373;На общих основаниях;197-595-980 66;-;93;82;78;10;263;ЕГЭ;Нет;Нет;Да
374;На общих основаниях;202-410-497 98;93;-;78;82;10;263;ЕГЭ;Нет;Нет;Нет
375;На общих основаниях;159-748-992 51;88;91;86;86;0;263;ЕГЭ;Нет;Нет;Да
376;На общих основаниях;195-450-312 77;90;-;86;87;0;263;ЕГЭ;Нет;Нет;Да
377;На общих основаниях;207-096-695 76;90;-;86;87;0;263;ЕГЭ;Нет;Нет;Да
378;На общих основаниях;168-627-390 12;90;-;86;87;0;263;ЕГЭ;Нет;Нет;Нет
379;На общих основаниях;157-748-010 93;90;-;82;91;0;263;ЕГЭ;Да;Нет;Да
380;На общих основаниях;175-773-299 20;90;-;78;85;10;263;ЕГЭ;Нет;Нет;Да
381;На общих основаниях;171-189-366 80;90;-;78;85;10;263;ЕГЭ;Да;Нет;Нет
382;На общих основаниях;171-209-113 27;90;-;76;87;10;263;ЕГЭ;Да;Нет;Да
383;На общих основаниях;199-665-447 55;90;-;72;91;10;263;ЕГЭ;Нет;Нет;Нет
384;На общих основаниях;172-794-378 11;88;-;88;87;0;263;ЕГЭ;Нет;Нет;Да
385;На общих основаниях;205-926-159 62;88;-;88;87;0;263;ЕГЭ;Нет;Нет;Да
386;На общих основаниях;194-077-142 84;88;62;78;87;10;263;ЕГЭ;Нет;Нет;Нет
387;На общих основаниях;164-974-011 92;88;-;76;89;10;263;ЕГЭ;Да;Нет;Да
388;На общих основаниях;169-143-879 03;88;-;74;91;10;263;ЕГЭ;Нет;Нет;Да
389;На общих основаниях;165-405-365 61;75;85;92;86;0;263;ЕГЭ;Нет;Нет;Да
390;На общих основаниях;161-090-528 35;85;-;86;82;10;263;ЕГЭ;Нет;Нет;Да
391;На общих основаниях;147-305-921 59;85;-;84;94;0;263;ЕГЭ;Нет;Нет;Да
392;На общих основаниях;184-114-017 36;85;-;82;96;0;263;ЕГЭ;Нет;Нет;Нет
393;На общих основаниях;180-205-426 26;85;-;74;94;10;263;ЕГЭ;Да;Нет;Да
394;На общих основаниях;200-995-644 66;83;-;84;96;0;263;ЕГЭ;Нет;Нет;Нет
395;На общих основаниях;180-159-742 70;83;-;84;94;2;263;ЕГЭ;Да;Нет;Да
396;На общих основаниях;163-309-328 52;83;-;76;94;10;263;ЕГЭ;Нет;Нет;Да
397;На общих основаниях;145-354-378 65;83;-;76;94;10;263;ЕГЭ;Нет;Нет;Да
398;На общих основаниях;167-489-172 23;80;-;84;89;10;263;ЕГЭ;Нет;Нет;Да
399;На общих основаниях;139-851-619 00;75;-;98;80;10;263;ЕГЭ;Нет;Нет;Да
400;На общих основаниях;179-261-746 07;100;-;78;82;2;262;ЕГЭ;Нет;Нет;Нет
401;На общих основаниях;158-994-296 48;95;-;76;91;0;262;ЕГЭ;Да;Нет;Да
402;На общих основаниях;175-437-641 93;93;-;84;85;0;262;ЕГЭ;Нет;Нет;Да
403;На общих основаниях;159-892-584 46;93;-;84;85;0;262;ЕГЭ;Нет;Нет;Да
404;На общих основаниях;185-540-537 85;93;89;82;87;0;262;ЕГЭ;Нет;Нет;Нет
405;На общих основаниях;171-597-938 14;93;-;80;89;0;262;ЕГЭ;Нет;Нет;Да
406;На общих основаниях;166-342-870 82;93;-;80;89;0;262;ЕГЭ;Да;Нет;Да
407;На общих основаниях;187-299-119 27;93;-;80;89;0;262;ЕГЭ;Нет;Нет;Нет
408;На общих основаниях;153-760-257 64;93;-;74;85;10;262;ЕГЭ;Нет;Нет;Да
409;На общих основаниях;179-771-514 28;90;-;90;82;0;262;ЕГЭ;Нет;Нет;Да
410;На общих основаниях;170-325-490 42;90;-;78;94;0;262;ЕГЭ;Нет;Нет;Да
411;На общих основаниях;164-961-512 91;90;-;78;94;0;262;ЕГЭ;Нет;Нет;Да
412;На общих основаниях;158-763-284 13;90;-;78;89;5;262;ЕГЭ;Нет;Нет;Нет
413;На общих основаниях;158-698-190 37;90;76;76;96;0;262;ЕГЭ;Нет;Нет;Да
414;На общих основаниях;168-643-409 00;-;89;84;89;0;262;ЕГЭ;Нет;Нет;Да
415;На общих основаниях;169-691-602 23;83;89;78;85;10;262;ЕГЭ;Нет;Нет;Да
416;На общих основаниях;165-446-352 80;88;-;94;80;0;262;ЕГЭ;Нет;Нет;Да
417;На общих основаниях;181-013-160 11;88;82;94;80;0;262;ЕГЭ;Нет;Нет;Нет
418;На общих основаниях;177-805-083 00;88;-;80;94;0;262;ЕГЭ;Нет;Нет;Нет
419;На общих основаниях;180-208-224 30;88;64;80;94;0;262;ЕГЭ;Нет;Нет;Нет
420;На общих основаниях;168-348-728 14;88;-;80;89;5;262;ЕГЭ;Нет;Нет;Нет
421;На общих основаниях;185-105-973 77;88;-;78;96;0;262;ЕГЭ;Нет;Нет;Нет
422;На общих основаниях;185-755-452 17;85;-;80;87;10;262;ЕГЭ;Нет;Нет;Нет
423;На общих основаниях;156-997-376 45;83;85;80;87;10;262;ЕГЭ;Нет;Нет;Да
424;На общих основаниях;196-564-287 26;85;-;78;94;5;262;ЕГЭ;Нет;Нет;Нет
425;На общих основаниях;183-636-004 72;85;-;78;89;10;262;ЕГЭ;Нет;Нет;Нет
426;На общих основаниях;162-573-004 51;85;-;78;89;10;262;ЕГЭ;Нет;Нет;Да
427;На общих основаниях;167-994-529 47;85;-;78;89;10;262;ЕГЭ;Нет;Нет;Нет
428;На общих основаниях;207-125-155 20;85;-;78;89;10;262;ЕГЭ;Нет;Нет;Да
429;На общих основаниях;168-310-839 74;85;83;76;91;10;262;ЕГЭ;Нет;Нет;Да
430;На общих основаниях;187-684-879 59;84;72;84;94;0;262;ЕГЭ;Да;Нет;Да
431;На общих основаниях;158-109-048 62;83;83;84;85;10;262;ЕГЭ;Нет;Нет;Да
432;На общих основаниях;196-504-690 03;-;83;84;85;10;262;ЕГЭ;Нет;Нет;Нет
433;На общих основаниях;132-610-353 09;83;44;82;87;10;262;ЕГЭ;Нет;Нет;Да
434;На общих основаниях;141-973-357 74;83;-;80;89;10;262;ЕГЭ;Нет;Нет;Нет
435;На общих основаниях;201-763-858 50;-;83;78;91;10;262;ЕГЭ;Нет;Нет;Да
436;На общих основаниях;175-462-336 82;83;-;78;91;10;262;ЕГЭ;Нет;Нет;Нет
437;На общих основаниях;165-249-836 95;80;-;86;91;5;262;ЕГЭ;Нет;Нет;Нет
438;На общих основаниях;153-320-597 37;78;-;98;76;10;262;ЕГЭ;Нет;Нет;Да
439;На общих основаниях;149-344-830 87;78;-;84;98;2;262;ЕГЭ;Нет;Нет;Да
440;На общих основаниях;201-653-550 22;78;-;74;100;10;262;ЕГЭ;Нет;Нет;Да
