﻿#;Категория приёма;СНИЛС/Код физ.лица;Инф.;Физ.;Мат.;Рус.;Сумма баллов по ИД (все);Сумма баллов;Тип ВИ;Оригинал;Согласие на зачисление;Нуждаемость в общежитии
1;На общих основаниях;161-434-229 37;95;-;100;98;10;303;ВИ;Нет;Нет;Нет
2;На общих основаниях;169-644-902 19;95;-;96;100;10;301;ЕГЭ;Нет;Нет;Нет
3;На общих основаниях;205-189-153 50;98;-;96;96;10;300;ЕГЭ;Нет;Нет;Нет
4;На общих основаниях;171-970-800 84;95;83;94;98;10;297;ЕГЭ;Нет;Нет;Нет
5;На общих основаниях;192-019-459 66;93;-;96;98;10;297;ЕГЭ;Нет;Нет;Нет
6;На общих основаниях;195-327-578 07;100;-;100;96;0;296;ЕГЭ;Нет;Нет;Нет
7;На общих основаниях;177-889-673 71;88;-;100;96;10;294;ЕГЭ;Нет;Нет;Нет
8;На общих основаниях;167-564-966 25;90;-;100;98;5;293;ЕГЭ;Нет;Нет;Нет
9;На общих основаниях;155-412-182 41;100;-;100;82;10;292;ЕГЭ;Нет;Нет;Да
10;На общих основаниях;198-624-566 30;95;-;92;94;10;291;ЕГЭ;Нет;Нет;Да
11;На общих основаниях;197-075-019 95;93;-;90;98;10;291;ЕГЭ;Нет;Нет;Да
12;На общих основаниях;182-332-897 76;93;-;98;89;10;290;ЕГЭ;Нет;Нет;Да
13;На общих основаниях;171-590-758 85;-;100;88;91;10;289;ЕГЭ;Нет;Нет;Да
14;На общих основаниях;187-107-656 89;98;-;90;91;10;289;ЕГЭ;Нет;Нет;Нет
15;На общих основаниях;175-724-153 83;95;-;92;100;2;289;ЕГЭ;Нет;Нет;Нет
16;На общих основаниях;175-638-419 04;95;-;90;94;10;289;ЕГЭ;Нет;Нет;Да
17;На общих основаниях;195-071-752 87;93;-;92;94;10;289;ЕГЭ;Нет;Нет;Да
18;На общих основаниях;207-690-550 72;95;89;94;89;10;288;ЕГЭ;Нет;Нет;Да
19;На общих основаниях;200-304-617 79;-;99;80;98;10;287;ЕГЭ;Да;Да;Да
20;На общих основаниях;133-214-983 32;-;95;86;96;10;287;ЕГЭ;Нет;Нет;Да
21;На общих основаниях;168-407-948 06;95;-;84;98;10;287;ЕГЭ;Нет;Нет;Да
22;На общих основаниях;132-013-473 93;93;-;90;94;10;287;ЕГЭ;Нет;Нет;Да
23;На общих основаниях;169-965-280 44;93;-;88;96;10;287;ЕГЭ;Нет;Нет;Нет
24;На общих основаниях;159-246-938 07;95;-;90;91;10;286;ЕГЭ;Нет;Нет;Да
25;На общих основаниях;196-697-312 43;90;-;90;96;10;286;ЕГЭ;Нет;Нет;Нет
26;На общих основаниях;150-208-992 39;100;-;84;91;10;285;ЕГЭ;Да;Да;Да
27;На общих основаниях;135-306-681 44;95;-;82;98;10;285;ЕГЭ;Нет;Нет;Да
28;На общих основаниях;197-847-738 59;93;-;88;94;10;285;ЕГЭ;Нет;Нет;Да
29;На общих основаниях;165-132-188 47;93;-;86;96;10;285;ЕГЭ;Нет;Нет;Да
30;На общих основаниях;189-526-684 36;93;64;84;98;10;285;ЕГЭ;Нет;Нет;Да
31;На общих основаниях;166-275-174 86;93;-;84;98;10;285;ЕГЭ;Нет;Нет;Да
32;На общих основаниях;165-045-651 60;95;-;90;89;10;284;ЕГЭ;Нет;Нет;Да
33;На общих основаниях;155-724-930 84;93;95;88;91;10;284;ЕГЭ;Нет;Нет;Да
34;На общих основаниях;168-469-732 30;93;-;92;89;10;284;ЕГЭ;Нет;Нет;Нет
35;На общих основаниях;169-277-452 17;93;-;90;91;10;284;ЕГЭ;Нет;Нет;Да
36;На общих основаниях;167-837-932 30;-;93;90;91;10;284;ЕГЭ;Нет;Нет;Да
37;На общих основаниях;157-958-427 30;88;-;92;94;10;284;ЕГЭ;Да;Нет;Да
38;На общих основаниях;168-846-311 15;88;-;86;100;10;284;ЕГЭ;Нет;Нет;Нет
39;На общих основаниях;190-959-659 31;95;-;84;94;10;283;ЕГЭ;Нет;Нет;Да
40;На общих основаниях;170-723-809 61;95;-;82;96;10;283;ЕГЭ;Нет;Нет;Да
41;На общих основаниях;164-145-725 60;95;95;80;98;10;283;ЕГЭ;Нет;Нет;Да
42;На общих основаниях;190-566-993 11;90;-;94;89;10;283;ЕГЭ;Да;Нет;Да
43;На общих основаниях;159-541-003 68;98;-;88;91;5;282;ЕГЭ;Да;Нет;Да
44;На общих основаниях;186-961-478 35;95;-;92;85;10;282;ЕГЭ;Да;Нет;Да
45;На общих основаниях;167-947-425 27;95;-;86;91;10;282;ЕГЭ;Нет;Нет;Да
46;На общих основаниях;165-973-238 11;95;80;86;91;10;282;ЕГЭ;Нет;Нет;Да
47;На общих основаниях;178-227-153 86;90;-;98;89;5;282;ЕГЭ;Нет;Нет;Нет
48;На общих основаниях;160-359-483 66;90;-;86;96;10;282;ЕГЭ;Нет;Нет;Да
49;На общих основаниях;180-317-248 45;90;-;84;98;10;282;ЕГЭ;Нет;Нет;Нет
50;На общих основаниях;165-974-239 16;88;76;90;94;10;282;ЕГЭ;Нет;Нет;Нет
51;На общих основаниях;194-909-697 40;88;87;90;94;10;282;ЕГЭ;Нет;Нет;Да
52;На общих основаниях;204-890-287 67;88;-;86;98;10;282;ЕГЭ;Нет;Нет;Да
53;На общих основаниях;43662;-;100;100;81;0;281;ВИ;Да;Нет;Да
54;На общих основаниях;165-820-223 62;83;100;84;87;10;281;ЕГЭ;Нет;Нет;Да
55;На общих основаниях;184-713-802 85;100;-;82;89;10;281;ЕГЭ;Нет;Нет;Нет
56;На общих основаниях;158-638-622 10;98;-;92;91;0;281;ЕГЭ;Нет;Нет;Да
57;На общих основаниях;173-504-294 59;93;-;90;96;2;281;ЕГЭ;Нет;Нет;Да
58;На общих основаниях;173-073-084 52;93;-;84;94;10;281;ЕГЭ;Нет;Нет;Нет
59;На общих основаниях;166-319-076 77;93;85;82;96;10;281;ЕГЭ;Нет;Нет;Да
60;На общих основаниях;165-637-617 97;80;93;82;96;10;281;ЕГЭ;Нет;Нет;Да
61;На общих основаниях;170-566-577 84;-;91;92;98;0;281;ЕГЭ;Нет;Нет;Да
62;На общих основаниях;157-015-294 50;88;-;92;91;10;281;ЕГЭ;Нет;Нет;Да
63;На общих основаниях;197-184-303 02;85;68;88;98;10;281;ЕГЭ;Нет;Нет;Да
64;На общих основаниях;196-017-080 71;98;-;86;91;5;280;ЕГЭ;Нет;Нет;Нет
65;На общих основаниях;207-167-392 59;98;-;78;94;10;280;ЕГЭ;Нет;Нет;Да
66;На общих основаниях;162-042-152 13;93;-;90;87;10;280;ЕГЭ;Нет;Нет;Да
67;На общих основаниях;179-322-512 82;93;-;86;91;10;280;ЕГЭ;Нет;Нет;Да
68;На общих основаниях;175-843-709 08;91;-;88;91;10;280;ЕГЭ;Нет;Нет;Да
69;На общих основаниях;184-267-126 83;90;87;84;96;10;280;ЕГЭ;Нет;Нет;Да
70;На общих основаниях;185-388-974 41;90;-;84;96;10;280;ЕГЭ;Нет;Нет;Нет
71;На общих основаниях;188-631-053 96;90;-;82;98;10;280;ЕГЭ;Нет;Нет;Нет
72;На общих основаниях;200-504-262 84;100;-;78;91;10;279;ЕГЭ;Нет;Нет;Нет
73;На общих основаниях;204-240-605 00;98;-;82;89;10;279;ЕГЭ;Нет;Нет;Да
74;На общих основаниях;144-572-735 73;95;-;80;94;10;279;ЕГЭ;Нет;Нет;Нет
75;На общих основаниях;165-575-582 08;95;-;80;94;10;279;ЕГЭ;Нет;Нет;Да
76;На общих основаниях;159-955-482 39;95;-;78;96;10;279;ЕГЭ;Нет;Нет;Нет
77;На общих основаниях;200-452-728 07;95;-;78;96;10;279;ЕГЭ;Нет;Нет;Да
78;На общих основаниях;156-215-265 50;93;-;90;96;0;279;ЕГЭ;Нет;Нет;Нет
79;На общих основаниях;170-301-900 13;-;93;82;94;10;279;ЕГЭ;Нет;Нет;Да
80;На общих основаниях;180-134-241 24;93;-;82;94;10;279;ЕГЭ;Да;Да;Нет
81;На общих основаниях;165-774-051 95;93;78;80;96;10;279;ЕГЭ;Нет;Нет;Нет
82;На общих основаниях;36840;91;-;90;98;0;279;ВИ;Да;Нет;Да
83;На общих основаниях;171-618-959 90;90;83;98;91;0;279;ЕГЭ;Нет;Нет;Да
84;На общих основаниях;193-112-835 55;90;-;94;85;10;279;ЕГЭ;Нет;Нет;Нет
85;На общих основаниях;160-549-449 71;-;87;82;100;10;279;ЕГЭ;Да;Нет;Да
86;На общих основаниях;157-558-078 05;85;-;86;98;10;279;ЕГЭ;Нет;Нет;Да
87;На общих основаниях;165-976-209 18;83;-;90;96;10;279;ЕГЭ;Нет;Нет;Да
88;На общих основаниях;168-086-636 05;83;-;88;98;10;279;ЕГЭ;Нет;Нет;Нет
89;На общих основаниях;167-718-916 18;-;81;94;94;10;279;ЕГЭ;Нет;Нет;Да
90;На общих основаниях;157-071-665 71;-;99;90;87;2;278;ЕГЭ;Нет;Нет;Да
91;На общих основаниях;142-911-893 62;98;-;86;89;5;278;ЕГЭ;Нет;Нет;Да
92;На общих основаниях;170-992-124 82;95;-;100;73;10;278;ЕГЭ;Нет;Нет;Да
93;На общих основаниях;167-216-197 74;95;-;84;89;10;278;ЕГЭ;Нет;Нет;Нет
94;На общих основаниях;180-484-541 76;72;95;82;91;10;278;ЕГЭ;Нет;Нет;Да
95;На общих основаниях;206-709-664 71;95;-;82;91;10;278;ЕГЭ;Нет;Нет;Нет
96;На общих основаниях;164-137-821 62;93;-;100;85;0;278;ЕГЭ;Нет;Нет;Да
97;На общих основаниях;164-314-833 56;-;91;90;87;10;278;ЕГЭ;Нет;Нет;Да
98;На общих основаниях;152-041-571 16;-;91;86;91;10;278;ЕГЭ;Нет;Нет;Да
99;На общих основаниях;193-809-044 97;90;-;84;94;10;278;ЕГЭ;Нет;Нет;Нет
100;На общих основаниях;189-021-583 83;90;-;84;94;10;278;ЕГЭ;Нет;Нет;Нет
101;На общих основаниях;200-349-179 17;90;80;82;96;10;278;ЕГЭ;Нет;Нет;Да
102;На общих основаниях;185-597-938 50;90;-;80;98;10;278;ЕГЭ;Нет;Нет;Да
103;На общих основаниях;136-194-825 74;-;89;92;87;10;278;ЕГЭ;Нет;Нет;Нет
104;На общих основаниях;181-744-369 87;78;89;88;91;10;278;ЕГЭ;Нет;Нет;Нет
105;На общих основаниях;172-614-208 49;88;60;96;94;0;278;ЕГЭ;Нет;Нет;Нет
106;На общих основаниях;166-127-671 75;88;-;84;96;10;278;ЕГЭ;Нет;Нет;Да
107;На общих основаниях;138-986-654 37;98;-;80;94;5;277;ЕГЭ;Нет;Нет;Нет
108;На общих основаниях;169-277-124 04;95;91;86;96;0;277;ЕГЭ;Нет;Нет;Нет
109;На общих основаниях;166-398-521 12;70;95;78;94;10;277;ЕГЭ;Нет;Нет;Нет
110;На общих основаниях;187-761-880 36;93;-;88;96;0;277;ЕГЭ;Нет;Нет;Да
111;На общих основаниях;179-411-383 88;93;-;88;96;0;277;ЕГЭ;Нет;Нет;Нет
112;На общих основаниях;143-580-814 61;93;-;86;96;2;277;ЕГЭ;Нет;Нет;Да
113;На общих основаниях;165-510-459 57;90;89;96;91;0;277;ЕГЭ;Нет;Нет;Нет
114;На общих основаниях;174-032-811 42;90;-;88;89;10;277;ЕГЭ;Нет;Нет;Да
115;На общих основаниях;196-048-730 00;90;-;88;89;10;277;ЕГЭ;Нет;Нет;Да
116;На общих основаниях;159-659-086 29;90;-;86;91;10;277;ЕГЭ;Нет;Нет;Нет
117;На общих основаниях;206-137-419 31;78;85;88;94;10;277;ЕГЭ;Нет;Нет;Да
118;На общих основаниях;165-079-970 02;-;83;100;94;0;277;ЕГЭ;Нет;Нет;Нет
119;На общих основаниях;164-601-068 44;83;-;86;98;10;277;ЕГЭ;Нет;Нет;Да
120;На общих основаниях;174-014-979 63;83;-;86;98;10;277;ЕГЭ;Нет;Нет;Нет
121;На общих основаниях;173-453-671 79;83;-;84;100;10;277;ЕГЭ;Нет;Нет;Нет
122;На общих основаниях;192-536-367 91;80;-;96;91;10;277;ЕГЭ;Нет;Нет;Нет
123;На общих основаниях;167-030-802 46;98;-;84;94;0;276;ЕГЭ;Нет;Нет;Нет
124;На общих основаниях;165-698-190 24;95;-;82;89;10;276;ЕГЭ;Нет;Нет;Да
125;На общих основаниях;166-037-588 80;-;95;82;89;10;276;ЕГЭ;Нет;Нет;Да
126;На общих основаниях;182-163-141 46;95;58;82;89;10;276;ЕГЭ;Нет;Нет;Нет
127;На общих основаниях;184-612-356 74;95;-;80;91;10;276;ЕГЭ;Нет;Нет;Нет
128;На общих основаниях;188-701-323 90;93;-;92;89;2;276;ЕГЭ;Нет;Нет;Нет
129;На общих основаниях;153-505-850 53;93;-;90;91;2;276;ЕГЭ;Нет;Нет;Да
130;На общих основаниях;193-205-887 80;93;-;86;87;10;276;ЕГЭ;Нет;Нет;Нет
131;На общих основаниях;165-667-527 10;93;-;84;89;10;276;ЕГЭ;Нет;Нет;Да
132;На общих основаниях;174-699-157 28;90;-;88;91;7;276;ЕГЭ;Да;Нет;Нет
133;На общих основаниях;165-228-072 61;90;-;86;98;2;276;ЕГЭ;Нет;Нет;Нет
134;На общих основаниях;176-435-820 93;90;-;80;96;10;276;ЕГЭ;Да;Да;Да
135;На общих основаниях;166-046-255 63;90;-;78;98;10;276;ЕГЭ;Нет;Нет;Да
136;На общих основаниях;177-633-469 08;88;-;84;94;10;276;ЕГЭ;Нет;Нет;Нет
137;На общих основаниях;159-012-761 58;-;83;96;87;10;276;ЕГЭ;Нет;Нет;Да
138;На общих основаниях;141-225-435 12;95;-;84;94;2;275;ЕГЭ;Нет;Нет;Да
139;На общих основаниях;165-939-375 23;95;-;72;98;10;275;ЕГЭ;Нет;Нет;Да
140;На общих основаниях;198-178-052 20;93;-;92;80;10;275;ЕГЭ;Нет;Нет;Да
141;На общих основаниях;159-850-505 03;93;-;88;94;0;275;ЕГЭ;Нет;Нет;Да
142;На общих основаниях;131-004-865 97;93;-;84;98;0;275;ЕГЭ;Нет;Нет;Да
143;На общих основаниях;166-233-191 59;93;-;76;96;10;275;ЕГЭ;Нет;Нет;Нет
144;На общих основаниях;146-900-201 43;-;91;80;94;10;275;ЕГЭ;Нет;Нет;Да
145;На общих основаниях;162-363-942 67;-;91;76;98;10;275;ЕГЭ;Нет;Нет;Да
146;На общих основаниях;160-786-043 73;90;-;96;87;2;275;ЕГЭ;Нет;Нет;Да
147;На общих основаниях;159-482-664 16;90;-;90;85;10;275;ЕГЭ;Нет;Нет;Да
148;На общих основаниях;179-142-180 80;90;-;86;89;10;275;ЕГЭ;Нет;Нет;Да
149;На общих основаниях;162-968-371 09;90;-;86;89;10;275;ЕГЭ;Нет;Нет;Нет
150;На общих основаниях;185-617-434 98;88;-;94;91;2;275;ЕГЭ;Нет;Нет;Нет
151;На общих основаниях;174-497-490 18;88;-;88;89;10;275;ЕГЭ;Нет;Нет;Нет
152;На общих основаниях;131-784-706 64;88;64;86;91;10;275;ЕГЭ;Нет;Нет;Да
153;На общих основаниях;165-276-815 93;85;-;84;96;10;275;ЕГЭ;Нет;Нет;Да
154;На общих основаниях;189-293-936 42;83;-;100;82;10;275;ЕГЭ;Нет;Нет;Да
155;На общих основаниях;184-378-334 03;-;83;88;94;10;275;ЕГЭ;Нет;Нет;Нет
156;На общих основаниях;151-033-799 30;83;-;86;96;10;275;ЕГЭ;Нет;Нет;Да
157;На общих основаниях;196-352-604 95;83;-;84;98;10;275;ЕГЭ;Нет;Нет;Нет
158;На общих основаниях;139-884-508 21;-;83;82;100;10;275;ЕГЭ;Нет;Нет;Да
159;На общих основаниях;207-714-998 82;100;-;82;82;10;274;ЕГЭ;Нет;Нет;Да
160;На общих основаниях;195-739-094 29;95;-;90;82;7;274;ЕГЭ;Нет;Нет;Нет
161;На общих основаниях;173-399-310 95;95;-;78;91;10;274;ЕГЭ;Нет;Нет;Да
162;На общих основаниях;173-041-524 32;94;-;84;96;0;274;ЕГЭ;Нет;Нет;Да
163;На общих основаниях;170-131-774 28;93;-;96;85;0;274;ЕГЭ;Нет;Нет;Да
164;На общих основаниях;164-074-572 66;93;78;92;84;5;274;ЕГЭ;Нет;Нет;Да
165;На общих основаниях;184-345-486 92;93;89;90;91;0;274;ЕГЭ;Нет;Нет;Нет
166;На общих основаниях;173-486-733 02;93;80;88;91;2;274;ЕГЭ;Нет;Нет;Да
167;На общих основаниях;154-137-088 49;93;-;86;85;10;274;ЕГЭ;Нет;Нет;Да
168;На общих основаниях;162-644-823 73;90;-;94;80;10;274;ЕГЭ;Нет;Нет;Да
169;На общих основаниях;203-972-328 56;90;70;80;94;10;274;ЕГЭ;Нет;Нет;Да
170;На общих основаниях;200-166-984 24;85;89;84;91;10;274;ЕГЭ;Нет;Нет;Да
171;На общих основаниях;158-722-340 81;88;-;96;85;5;274;ЕГЭ;Нет;Нет;Да
172;На общих основаниях;180-942-012 58;88;-;92;94;0;274;ЕГЭ;Нет;Нет;Нет
173;На общих основаниях;151-206-373 17;88;-;88;98;0;274;ЕГЭ;Нет;Нет;Нет
174;На общих основаниях;164-153-001 28;88;-;86;100;0;274;ЕГЭ;Нет;Нет;Нет
175;На общих основаниях;149-102-319 37;88;-;78;98;10;274;ЕГЭ;Нет;Нет;Нет
176;На общих основаниях;130-729-960 59;88;-;78;98;10;274;ЕГЭ;Нет;Нет;Да
177;На общих основаниях;166-399-148 15;88;-;78;98;10;274;ЕГЭ;Нет;Нет;Нет
178;На общих основаниях;190-580-113 58;100;-;78;85;10;273;ЕГЭ;Да;Да;Нет
179;На общих основаниях;189-060-456 93;98;89;92;73;10;273;ЕГЭ;Да;Нет;Нет
180;На общих основаниях;203-876-875 88;98;81;82;91;2;273;ЕГЭ;Нет;Нет;Да
181;На общих основаниях;199-809-734 57;95;-;100;78;0;273;ЕГЭ;Нет;Нет;Нет
182;На общих основаниях;194-356-956 17;-;95;84;89;5;273;ЕГЭ;Нет;Нет;Нет
183;На общих основаниях;165-417-717 78;95;-;82;94;2;273;ЕГЭ;Нет;Нет;Да
184;На общих основаниях;142-106-539 14;93;-;88;87;5;273;ЕГЭ;Нет;Нет;Да
185;На общих основаниях;155-801-026 45;93;-;88;87;5;273;ЕГЭ;Нет;Нет;Да
186;На общих основаниях;179-389-224 34;93;-;74;96;10;273;ЕГЭ;Нет;Нет;Да
187;На общих основаниях;188-966-807 66;90;-;82;91;10;273;ЕГЭ;Да;Нет;Да
188;На общих основаниях;183-741-878 04;90;-;82;91;10;273;ЕГЭ;Нет;Нет;Нет
189;На общих основаниях;164-994-268 24;88;-;90;85;10;273;ЕГЭ;Нет;Нет;Нет
190;На общих основаниях;184-208-562 73;88;-;86;94;5;273;ЕГЭ;Нет;Нет;Нет
191;На общих основаниях;171-162-102 20;88;-;86;89;10;273;ЕГЭ;Нет;Нет;Да
192;На общих основаниях;166-917-212 95;88;-;84;91;10;273;ЕГЭ;Нет;Нет;Да
193;На общих основаниях;191-483-574 96;88;-;84;91;10;273;ЕГЭ;Нет;Нет;Нет
194;На общих основаниях;189-677-817 66;88;-;82;98;5;273;ЕГЭ;Нет;Нет;Нет
195;На общих основаниях;183-137-729 76;85;-;94;89;5;273;ЕГЭ;Нет;Нет;Да
196;На общих основаниях;181-411-587 50;85;78;84;94;10;273;ЕГЭ;Нет;Нет;Нет
197;На общих основаниях;142-365-731 50;85;-;84;94;10;273;ЕГЭ;Нет;Нет;Да
198;На общих основаниях;151-250-140 03;85;-;82;96;10;273;ЕГЭ;Нет;Нет;Нет
199;На общих основаниях;161-121-928 22;85;-;80;98;10;273;ЕГЭ;Нет;Нет;Да
200;На общих основаниях;135-640-627 52;85;-;80;98;10;273;ЕГЭ;Нет;Нет;Да
201;На общих основаниях;165-623-609 76;95;83;90;87;0;272;ЕГЭ;Нет;Нет;Да
202;На общих основаниях;165-653-040 72;95;-;84;91;2;272;ЕГЭ;Нет;Нет;Да
203;На общих основаниях;182-850-378 90;95;-;80;87;10;272;ЕГЭ;Нет;Нет;Нет
204;На общих основаниях;153-889-902 21;95;-;78;89;10;272;ЕГЭ;Нет;Нет;Нет
205;На общих основаниях;163-593-500 79;93;-;88;91;0;272;ЕГЭ;Нет;Нет;Да
206;На общих основаниях;204-194-315 28;93;-;80;89;10;272;ЕГЭ;Нет;Нет;Нет
207;На общих основаниях;145-264-089 58;93;-;78;91;10;272;ЕГЭ;Нет;Нет;Да
208;На общих основаниях;187-357-225 06;90;-;92;80;10;272;ЕГЭ;Нет;Нет;Нет
209;На общих основаниях;189-160-606 95;90;-;86;96;0;272;ЕГЭ;Нет;Нет;Нет
210;На общих основаниях;144-218-253 36;90;-;86;96;0;272;ЕГЭ;Нет;Нет;Да
211;На общих основаниях;173-942-899 17;90;-;78;94;10;272;ЕГЭ;Нет;Нет;Да
212;На общих основаниях;181-551-807 69;90;-;78;94;10;272;ЕГЭ;Нет;Нет;Нет
213;На общих основаниях;130-162-594 13;88;-;90;89;5;272;ЕГЭ;Да;Да;Нет
214;На общих основаниях;149-606-762 98;88;-;88;96;0;272;ЕГЭ;Нет;Нет;Да
215;На общих основаниях;148-223-963 72;88;-;88;91;5;272;ЕГЭ;Нет;Нет;Да
216;На общих основаниях;139-708-530 90;88;57;86;98;0;272;ЕГЭ;Нет;Нет;Да
217;На общих основаниях;157-527-507 87;88;-;80;94;10;272;ЕГЭ;Нет;Нет;Нет
218;На общих основаниях;163-832-590 81;88;-;76;98;10;272;ЕГЭ;Нет;Нет;Да
219;На общих основаниях;159-540-058 79;85;-;94;91;2;272;ЕГЭ;Нет;Нет;Да
220;На общих основаниях;201-731-748 22;85;-;86;91;10;272;ЕГЭ;Нет;Нет;Нет
221;На общих основаниях;159-850-508 06;85;-;86;91;10;272;ЕГЭ;Нет;Нет;Да
222;На общих основаниях;210-132-320 68;100;-;90;76;5;271;ВИ;Да;Нет;Да
223;На общих основаниях;149-127-503 65;95;68;82;94;0;271;ЕГЭ;Нет;Нет;Нет
224;На общих основаниях;157-806-482 99;94;-;90;87;0;271;ЕГЭ;Да;Да;Нет
225;На общих основаниях;174-873-244 04;93;-;90;78;10;271;ЕГЭ;Нет;Нет;Нет
226;На общих основаниях;146-729-006 76;-;93;88;80;10;271;ЕГЭ;Нет;Нет;Нет
227;На общих основаниях;192-338-530 80;93;-;86;87;5;271;ЕГЭ;Нет;Нет;Нет
228;На общих основаниях;173-870-984 14;93;-;84;94;0;271;ЕГЭ;Нет;Нет;Да
229;На общих основаниях;184-084-538 85;93;-;84;94;0;271;ЕГЭ;Нет;Нет;Нет
230;На общих основаниях;169-175-586 16;93;-;82;96;0;271;ЕГЭ;Нет;Нет;Да
231;На общих основаниях;172-435-271 58;93;-;80;98;0;271;ЕГЭ;Нет;Нет;Да
232;На общих основаниях;160-024-876 26;93;-;80;94;4;271;ЕГЭ;Нет;Нет;Нет
233;На общих основаниях;165-973-205 02;90;-;86;85;10;271;ЕГЭ;Нет;Нет;Да
234;На общих основаниях;164-514-907 69;90;54;84;87;10;271;ЕГЭ;Нет;Нет;Нет
235;На общих основаниях;205-750-386 50;90;-;82;89;10;271;ЕГЭ;Нет;Нет;Нет
236;На общих основаниях;198-122-084 80;90;-;80;91;10;271;ЕГЭ;Нет;Нет;Да
237;На общих основаниях;192-861-994 24;90;-;80;91;10;271;ЕГЭ;Нет;Нет;Да
238;На общих основаниях;165-853-253 95;90;-;80;91;10;271;ЕГЭ;Нет;Нет;Да
239;На общих основаниях;193-318-394 87;-;89;78;94;10;271;ЕГЭ;Нет;Нет;Да
240;На общих основаниях;136-853-441 80;88;62;86;87;10;271;ЕГЭ;Нет;Нет;Да
241;На общих основаниях;199-362-178 23;88;-;82;91;10;271;ЕГЭ;Нет;Нет;Нет
242;На общих основаниях;183-812-997 05;85;-;82;94;10;271;ЕГЭ;Нет;Нет;Нет
243;На общих основаниях;166-398-370 15;85;-;82;94;10;271;ЕГЭ;Нет;Нет;Нет
244;На общих основаниях;167-908-618 18;78;85;82;94;10;271;ЕГЭ;Нет;Нет;Да
245;На общих основаниях;178-029-635 95;85;64;80;96;10;271;ЕГЭ;Нет;Нет;Нет
246;На общих основаниях;165-655-129 88;85;-;80;96;10;271;ЕГЭ;Нет;Нет;Да
247;На общих основаниях;170-330-035 08;85;-;80;96;10;271;ЕГЭ;Да;Да;Да
248;На общих основаниях;167-729-957 36;83;-;84;94;10;271;ЕГЭ;Нет;Нет;Да
249;На общих основаниях;148-171-023 48;-;83;82;96;10;271;ЕГЭ;Нет;Нет;Да
250;На общих основаниях;158-856-738 35;83;-;82;96;10;271;ЕГЭ;Нет;Нет;Да
251;На общих основаниях;203-311-843 00;83;-;80;98;10;271;ЕГЭ;Да;Нет;Нет
252;На общих основаниях;200-954-519 38;83;-;80;98;10;271;ЕГЭ;Нет;Нет;Нет
253;На общих основаниях;186-373-579 16;83;-;78;100;10;271;ЕГЭ;Нет;Нет;Нет
254;На общих основаниях;175-077-082 80;78;76;90;98;5;271;ЕГЭ;Нет;Нет;Нет
255;На общих основаниях;164-537-517 81;98;-;84;78;10;270;ЕГЭ;Да;Нет;Да
256;На общих основаниях;141-538-613 47;98;-;78;94;0;270;ЕГЭ;Нет;Нет;Да
257;На общих основаниях;209-919-504 94;95;-;88;87;0;270;ЕГЭ;Нет;Нет;Нет
258;На общих основаниях;159-936-650 31;-;95;80;85;10;270;ЕГЭ;Нет;Нет;Да
259;На общих основаниях;204-699-058 80;95;-;80;85;10;270;ЕГЭ;Нет;Нет;Да
260;На общих основаниях;153-919-400 76;95;-;76;89;10;270;ЕГЭ;Нет;Нет;Нет
261;На общих основаниях;185-513-309 72;95;83;74;91;10;270;ЕГЭ;Нет;Нет;Нет
262;На общих основаниях;150-811-203 14;95;62;74;91;10;270;ЕГЭ;Нет;Нет;Нет
263;На общих основаниях;165-215-413 45;93;-;86;91;0;270;ЕГЭ;Нет;Нет;Да
264;На общих основаниях;187-241-667 94;93;-;80;87;10;270;ЕГЭ;Нет;Нет;Да
265;На общих основаниях;166-200-914 43;93;-;76;91;10;270;ЕГЭ;Нет;Нет;Нет
266;На общих основаниях;195-701-157 81;93;-;76;91;10;270;ЕГЭ;Нет;Нет;Нет
267;На общих основаниях;167-174-250 78;-;90;90;80;10;270;ЕГЭ;Нет;Нет;Да
268;На общих основаниях;143-861-947 85;90;-;86;94;0;270;ЕГЭ;Нет;Нет;Да
269;На общих основаниях;167-016-457 63;90;-;86;94;0;270;ЕГЭ;Нет;Нет;Нет
270;На общих основаниях;161-770-754 75;90;-;86;94;0;270;ЕГЭ;Нет;Нет;Да
271;На общих основаниях;194-950-324 03;90;80;84;91;5;270;ЕГЭ;Нет;Нет;Нет
272;На общих основаниях;154-650-212 47;90;-;80;100;0;270;ЕГЭ;Нет;Нет;Да
273;На общих основаниях;164-141-180 33;90;-;76;94;10;270;ЕГЭ;Нет;Нет;Да
274;На общих основаниях;164-718-334 82;85;89;82;89;10;270;ЕГЭ;Нет;Нет;Нет
275;На общих основаниях;165-567-610 99;-;89;80;91;10;270;ЕГЭ;Нет;Нет;Да
276;На общих основаниях;133-683-076 61;88;-;88;94;0;270;ЕГЭ;Нет;Нет;Да
277;На общих основаниях;181-685-789 20;88;-;86;96;0;270;ЕГЭ;Нет;Нет;Нет
278;На общих основаниях;141-182-045 14;88;-;84;96;2;270;ЕГЭ;Нет;Нет;Нет
279;На общих основаниях;191-962-636 08;88;-;84;96;2;270;ЕГЭ;Нет;Нет;Нет
280;На общих основаниях;208-455-135 56;88;-;78;94;10;270;ЕГЭ;Нет;Нет;Да
281;На общих основаниях;196-403-799 05;72;81;92;87;10;270;ЕГЭ;Нет;Нет;Нет
282;На общих основаниях;169-663-830 26;80;-;86;94;10;270;ЕГЭ;Нет;Нет;Нет
283;На общих основаниях;183-934-911 07;-;78;88;94;10;270;ЕГЭ;Нет;Нет;Да
284;На общих основаниях;140-477-211 36;78;-;86;96;10;270;ЕГЭ;Нет;Нет;Нет
285;На общих основаниях;163-451-557 62;98;74;80;89;2;269;ЕГЭ;Нет;Нет;Да
286;На общих основаниях;168-086-749 13;93;-;98;78;0;269;ЕГЭ;Нет;Нет;Да
287;На общих основаниях;164-725-608 82;93;-;86;80;10;269;ЕГЭ;Нет;Нет;Нет
288;На общих основаниях;155-275-200 56;93;61;86;80;10;269;ЕГЭ;Нет;Нет;Нет
289;На общих основаниях;176-025-661 67;85;93;84;82;10;269;ЕГЭ;Нет;Нет;Да
290;На общих основаниях;187-004-225 52;93;-;84;82;10;269;ЕГЭ;Нет;Нет;Да
291;На общих основаниях;175-934-329 05;93;-;82;94;0;269;ЕГЭ;Да;Нет;Да
292;На общих основаниях;152-032-920 16;92;-;80;87;10;269;ВИ;Да;Нет;Да
293;На общих основаниях;40472;-;90;90;89;0;269;ВИ;Нет;Нет;Да
294;На общих основаниях;167-824-686 18;90;-;86;91;2;269;ЕГЭ;Нет;Нет;Да
295;На общих основаниях;191-689-826 32;90;-;84;85;10;269;ЕГЭ;Нет;Нет;Нет
296;На общих основаниях;161-331-586 37;90;-;82;87;10;269;ЕГЭ;Нет;Нет;Да
297;На общих основаниях;190-853-762 00;90;-;80;89;10;269;ЕГЭ;Нет;Нет;Нет
298;На общих основаниях;165-446-377 89;90;-;80;89;10;269;ЕГЭ;Нет;Нет;Да
299;На общих основаниях;132-170-764 24;90;66;80;89;10;269;ЕГЭ;Нет;Нет;Да
300;На общих основаниях;203-274-833 34;90;-;78;91;10;269;ЕГЭ;Нет;Нет;Нет
301;На общих основаниях;158-720-779 00;90;-;78;91;10;269;ЕГЭ;Нет;Нет;Да
302;На общих основаниях;181-192-360 59;-;89;76;94;10;269;ЕГЭ;Нет;Нет;Нет
303;На общих основаниях;183-816-269 97;88;-;86;85;10;269;ЕГЭ;Нет;Нет;Нет
304;На общих основаниях;176-148-131 74;88;-;82;94;5;269;ЕГЭ;Нет;Нет;Нет
305;На общих основаниях;184-762-143 94;85;-;80;94;10;269;ЕГЭ;Нет;Нет;Нет
306;На общих основаниях;176-005-121 34;85;-;78;96;10;269;ЕГЭ;Нет;Нет;Да
307;На общих основаниях;172-817-723 87;85;70;78;96;10;269;ЕГЭ;Да;Нет;Нет
308;На общих основаниях;160-056-621 28;85;-;78;96;10;269;ЕГЭ;Нет;Нет;Нет
309;На общих основаниях;195-926-526 27;85;-;76;98;10;269;ЕГЭ;Нет;Нет;Да
310;На общих основаниях;145-994-062 03;85;-;76;98;10;269;ЕГЭ;Нет;Нет;Да
311;На общих основаниях;185-873-811 28;83;-;82;94;10;269;ЕГЭ;Нет;Нет;Нет
312;На общих основаниях;161-073-941 46;83;-;80;96;10;269;ЕГЭ;Да;Да;Да
313;На общих основаниях;156-894-981 42;83;-;80;96;10;269;ЕГЭ;Нет;Нет;Да
314;На общих основаниях;185-016-980 79;80;-;90;94;5;269;ЕГЭ;Нет;Нет;Нет
315;На общих основаниях;133-530-506 19;80;-;88;96;5;269;ЕГЭ;Нет;Нет;Да
316;На общих основаниях;187-270-178 93;98;-;94;76;0;268;ЕГЭ;Нет;Нет;Нет
317;На общих основаниях;186-436-157 97;95;-;88;85;0;268;ЕГЭ;Нет;Нет;Нет
318;На общих основаниях;193-540-867 94;93;-;88;87;0;268;ЕГЭ;Нет;Нет;Нет
319;На общих основаниях;167-533-614 86;93;-;84;91;0;268;ЕГЭ;Нет;Нет;Да
320;На общих основаниях;175-041-153 39;93;-;84;91;0;268;ЕГЭ;Нет;Нет;Да
321;На общих основаниях;183-967-812 32;93;-;82;91;2;268;ЕГЭ;Нет;Нет;Нет
322;На общих основаниях;180-085-040 40;93;-;82;91;2;268;ЕГЭ;Нет;Нет;Нет
323;На общих основаниях;175-494-912 14;93;-;78;87;10;268;ЕГЭ;Нет;Нет;Да
324;На общих основаниях;197-976-335 61;93;-;78;87;10;268;ЕГЭ;Нет;Нет;Да
325;На общих основаниях;152-311-376 18;90;-;86;82;10;268;ЕГЭ;Нет;Нет;Да
326;На общих основаниях;165-523-214 55;90;-;84;94;0;268;ЕГЭ;Нет;Нет;Да
327;На общих основаниях;167-099-164 04;90;-;84;89;5;268;ЕГЭ;Нет;Нет;Нет
328;На общих основаниях;164-521-797 74;90;-;80;88;10;268;ЕГЭ;Нет;Нет;Да
329;На общих основаниях;184-959-592 49;-;89;84;85;10;268;ЕГЭ;Нет;Нет;Нет
330;На общих основаниях;158-271-761 89;-;89;80;89;10;268;ЕГЭ;Нет;Нет;Да
331;На общих основаниях;144-881-922 93;79;89;78;91;10;268;ЕГЭ;Да;Да;Нет
332;На общих основаниях;165-563-614 87;88;-;86;94;0;268;ЕГЭ;Нет;Нет;Да
333;На общих основаниях;169-594-780 46;88;-;84;96;0;268;ЕГЭ;Нет;Нет;Да
334;На общих основаниях;167-954-658 35;88;-;84;94;2;268;ЕГЭ;Нет;Нет;Да
335;На общих основаниях;164-355-288 77;88;-;74;96;10;268;ЕГЭ;Нет;Нет;Да
336;На общих основаниях;200-598-976 71;85;-;84;89;10;268;ЕГЭ;Нет;Нет;Да
337;На общих основаниях;184-796-100 13;85;-;82;96;5;268;ЕГЭ;Нет;Нет;Нет
338;На общих основаниях;178-790-526 31;85;-;82;91;10;268;ЕГЭ;Нет;Нет;Нет
339;На общих основаниях;141-894-425 77;83;-;94;91;0;268;ЕГЭ;Да;Нет;Да
340;На общих основаниях;165-894-473 28;83;83;90;85;10;268;ЕГЭ;Нет;Нет;Да
341;На общих основаниях;207-665-188 79;83;-;84;91;10;268;ЕГЭ;Нет;Нет;Да
342;На общих основаниях;165-916-685 12;80;-;84;94;10;268;ЕГЭ;Нет;Нет;Да
343;На общих основаниях;162-258-239 60;80;-;82;96;10;268;ЕГЭ;Нет;Нет;Да
344;На общих основаниях;166-014-219 36;80;-;78;100;10;268;ЕГЭ;Нет;Нет;Да
345;На общих основаниях;157-368-634 04;95;-;94;78;0;267;ЕГЭ;Да;Нет;Да
346;На общих основаниях;175-882-538 23;95;-;82;80;10;267;ЕГЭ;Нет;Нет;Да
347;На общих основаниях;169-003-200 37;95;78;80;82;10;267;ЕГЭ;Нет;Нет;Да
348;На общих основаниях;147-741-646 87;95;53;78;94;0;267;ЕГЭ;Нет;Нет;Нет
349;На общих основаниях;191-889-974 55;-;95;78;94;0;267;ЕГЭ;Нет;Нет;Да
350;На общих основаниях;171-962-995 12;93;-;92;82;0;267;ЕГЭ;Нет;Нет;Да
351;На общих основаниях;184-291-605 84;93;-;84;85;5;267;ЕГЭ;Нет;Нет;Нет
352;На общих основаниях;165-734-236 82;-;93;84;80;10;267;ЕГЭ;Нет;Нет;Да
353;На общих основаниях;162-241-537 34;93;-;78;96;0;267;ЕГЭ;Нет;Нет;Да
354;На общих основаниях;161-959-957 21;90;-;88;89;0;267;ЕГЭ;Нет;Нет;Да
355;На общих основаниях;164-894-204 02;90;89;88;87;2;267;ЕГЭ;Нет;Нет;Нет
356;На общих основаниях;166-132-171 45;90;-;86;91;0;267;ЕГЭ;Нет;Нет;Да
357;На общих основаниях;136-256-302 46;90;-;82;85;10;267;ЕГЭ;Нет;Нет;Нет
358;На общих основаниях;170-217-458 39;90;-;80;87;10;267;ЕГЭ;Нет;Нет;Нет
359;На общих основаниях;182-894-706 21;90;-;80;87;10;267;ЕГЭ;Да;Да;Да
360;На общих основаниях;160-074-715 35;90;-;78;89;10;267;ЕГЭ;Да;Нет;Да
361;На общих основаниях;165-132-197 48;90;-;78;89;10;267;ЕГЭ;Да;Да;Нет
362;На общих основаниях;146-814-019 62;90;-;76;91;10;267;ЕГЭ;Нет;Нет;Да
363;На общих основаниях;168-798-930 63;90;-;76;91;10;267;ЕГЭ;Нет;Нет;Да
364;На общих основаниях;130-997-213 70;83;89;72;96;10;267;ЕГЭ;Нет;Нет;Нет
365;На общих основаниях;164-575-889 17;88;-;86;91;2;267;ЕГЭ;Да;Нет;Да
366;На общих основаниях;164-586-084 98;88;-;86;91;2;267;ЕГЭ;Нет;Нет;Да
367;На общих основаниях;157-015-274 46;88;-;82;87;10;267;ЕГЭ;Нет;Нет;Да
368;На общих основаниях;189-175-635 24;88;62;82;87;10;267;ЕГЭ;Нет;Нет;Нет
369;На общих основаниях;156-167-100 57;88;-;80;89;10;267;ЕГЭ;Нет;Нет;Да
370;На общих основаниях;159-221-920 68;88;-;80;89;10;267;ЕГЭ;Нет;Нет;Да
371;На общих основаниях;181-372-163 58;88;-;80;89;10;267;ЕГЭ;Нет;Нет;Нет
372;На общих основаниях;165-957-065 14;88;-;80;89;10;267;ЕГЭ;Нет;Нет;Да
373;На общих основаниях;181-470-511 56;88;-;78;91;10;267;ЕГЭ;Нет;Нет;Нет
374;На общих основаниях;157-659-225 08;85;-;86;91;5;267;ЕГЭ;Нет;Нет;Да
375;На общих основаниях;148-032-391 47;85;56;78;94;10;267;ЕГЭ;Нет;Нет;Нет
376;На общих основаниях;158-759-799 54;85;-;78;94;10;267;ЕГЭ;Нет;Нет;Да
377;На общих основаниях;206-305-423 16;85;-;78;94;10;267;ЕГЭ;Нет;Нет;Да
378;На общих основаниях;160-971-259 74;83;-;92;87;5;267;ЕГЭ;Нет;Нет;Да
379;На общих основаниях;183-867-658 34;83;-;86;98;0;267;ЕГЭ;Нет;Нет;Да
380;На общих основаниях;194-331-660 75;83;-;84;100;0;267;ЕГЭ;Нет;Нет;Нет
381;На общих основаниях;150-154-060 07;83;74;78;96;10;267;ЕГЭ;Нет;Нет;Да
382;На общих основаниях;169-106-727 81;83;-;78;96;10;267;ЕГЭ;Нет;Нет;Нет
383;На общих основаниях;178-508-079 04;-;81;88;88;10;267;ЕГЭ;Нет;Нет;Нет
384;На общих основаниях;145-897-993 43;-;81;80;96;10;267;ЕГЭ;Нет;Нет;Да
385;На общих основаниях;156-617-995 08;80;-;88;89;10;267;ЕГЭ;Нет;Нет;Да
386;На общих основаниях;189-412-807 02;80;-;86;91;10;267;ЕГЭ;Нет;Нет;Нет
387;На общих основаниях;143-871-241 63;75;-;84;98;10;267;ЕГЭ;Нет;Нет;Да
388;На общих основаниях;165-799-045 26;90;97;84;85;0;266;ЕГЭ;Нет;Нет;Нет
389;На общих основаниях;192-470-118 66;95;-;84;87;0;266;ЕГЭ;Нет;Нет;Нет
390;На общих основаниях;144-651-010 35;95;-;80;89;2;266;ЕГЭ;Нет;Нет;Да
391;На общих основаниях;173-369-081 86;95;-;72;89;10;266;ЕГЭ;Нет;Нет;Да
392;На общих основаниях;186-770-606 14;93;-;88;85;0;266;ЕГЭ;Нет;Нет;Да
393;На общих основаниях;150-358-891 66;93;-;84;89;0;266;ЕГЭ;Нет;Нет;Да
394;На общих основаниях;166-204-266 50;93;-;84;87;2;266;ЕГЭ;Нет;Нет;Да
395;На общих основаниях;175-203-457 52;93;-;82;91;0;266;ЕГЭ;Нет;Нет;Нет
396;На общих основаниях;167-260-024 55;93;-;82;91;0;266;ЕГЭ;Нет;Нет;Да
397;На общих основаниях;195-997-542 66;93;-;82;91;0;266;ЕГЭ;Нет;Нет;Нет
398;На общих основаниях;166-251-992 86;93;-;80;91;2;266;ЕГЭ;Нет;Нет;Да
399;На общих основаниях;188-273-115 97;93;-;78;85;10;266;ЕГЭ;Нет;Нет;Да
400;На общих основаниях;145-870-019 69;93;-;74;89;10;266;ЕГЭ;Нет;Нет;Да
401;На общих основаниях;165-778-606 23;90;-;86;80;10;266;ЕГЭ;Нет;Нет;Да
402;На общих основаниях;159-773-648 33;90;-;84;82;10;266;ЕГЭ;Нет;Нет;Да
403;На общих основаниях;169-579-316 36;90;-;78;96;2;266;ЕГЭ;Нет;Нет;Нет
404;На общих основаниях;175-547-282 00;90;-;72;94;10;266;ЕГЭ;Нет;Нет;Да
405;На общих основаниях;165-637-805 99;88;-;88;80;10;266;ЕГЭ;Нет;Нет;Да
406;На общих основаниях;136-465-721 74;88;-;86;82;10;266;ЕГЭ;Да;Нет;Да
407;На общих основаниях;142-284-247 43;88;-;82;96;0;266;ЕГЭ;Да;Нет;Да
408;На общих основаниях;206-045-727 31;88;-;82;91;5;266;ЕГЭ;Нет;Нет;Нет
409;На общих основаниях;203-352-671 22;88;-;80;98;0;266;ЕГЭ;Нет;Нет;Да
410;На общих основаниях;148-383-565 98;88;-;78;100;0;266;ЕГЭ;Нет;Нет;Да
411;На общих основаниях;168-736-386 23;88;-;74;94;10;266;ЕГЭ;Нет;Нет;Да
412;На общих основаниях;169-771-388 32;85;-;96;85;0;266;ЕГЭ;Нет;Нет;Да
413;На общих основаниях;166-094-858 00;85;-;96;80;5;266;ЕГЭ;Нет;Нет;Да
414;На общих основаниях;156-344-347 68;85;-;84;87;10;266;ЕГЭ;Нет;Нет;Да
415;На общих основаниях;184-059-003 64;85;80;82;89;10;266;ЕГЭ;Нет;Нет;Нет
416;На общих основаниях;165-423-917 73;85;-;82;89;10;266;ЕГЭ;Нет;Нет;Да
417;На общих основаниях;149-047-834 85;-;85;82;89;10;266;ЕГЭ;Нет;Нет;Да
418;На общих основаниях;170-876-374 98;85;-;80;91;10;266;ЕГЭ;Нет;Нет;Да
419;На общих основаниях;159-306-960 92;84;81;76;96;10;266;ЕГЭ;Нет;Нет;Да
420;На общих основаниях;164-390-633 74;83;-;92;91;0;266;ЕГЭ;Нет;Нет;Да
421;На общих основаниях;179-499-140 42;83;81;86;87;10;266;ЕГЭ;Нет;Нет;Да
422;На общих основаниях;155-098-500 75;83;-;84;89;10;266;ЕГЭ;Нет;Нет;Нет
423;На общих основаниях;152-212-625 14;83;-;84;89;10;266;ЕГЭ;Нет;Нет;Нет
424;На общих основаниях;203-672-233 32;83;-;82;91;10;266;ЕГЭ;Нет;Нет;Да
425;На общих основаниях;175-312-496 66;80;-;80;96;10;266;ЕГЭ;Нет;Нет;Да
426;На общих основаниях;163-365-783 85;80;-;80;96;10;266;ЕГЭ;Нет;Нет;Нет
427;На общих основаниях;172-158-017 50;78;-;84;94;10;266;ЕГЭ;Нет;Нет;Да
428;На общих основаниях;165-938-539 21;100;-;80;85;0;265;ЕГЭ;Нет;Нет;Да
429;На общих основаниях;179-460-900 07;98;-;80;87;0;265;ЕГЭ;Нет;Нет;Да
430;На общих основаниях;156-828-724 08;98;-;74;91;2;265;ЕГЭ;Нет;Нет;Да
431;На общих основаниях;164-331-712 46;95;-;82;78;10;265;ЕГЭ;Нет;Нет;Да
432;На общих основаниях;207-262-174 37;95;-;80;80;10;265;ЕГЭ;Нет;Нет;Нет
433;На общих основаниях;159-596-297 40;95;-;76;94;0;265;ЕГЭ;Нет;Нет;Да
434;На общих основаниях;157-872-159 09;95;-;74;96;0;265;ЕГЭ;Нет;Нет;Да
435;На общих основаниях;150-343-750 29;95;-;74;96;0;265;ЕГЭ;Нет;Нет;Да
436;На общих основаниях;195-170-832 88;93;-;92;80;0;265;ЕГЭ;Нет;Нет;Да
437;На общих основаниях;192-267-751 96;93;-;90;82;0;265;ЕГЭ;Нет;Нет;Да
438;На общих основаниях;157-659-796 38;93;-;80;87;5;265;ЕГЭ;Нет;Нет;Да
439;На общих основаниях;159-282-469 03;90;-;88;87;0;265;ЕГЭ;Нет;Нет;Да
440;На общих основаниях;197-283-528 19;90;74;80;85;10;265;ЕГЭ;Нет;Нет;Да
441;На общих основаниях;166-206-211 43;90;-;78;87;10;265;ЕГЭ;Нет;Нет;Да
442;На общих основаниях;164-853-955 10;90;-;76;89;10;265;ЕГЭ;Нет;Нет;Да
443;На общих основаниях;158-132-456 61;88;-;90;87;0;265;ЕГЭ;Нет;Нет;Да
444;На общих основаниях;169-256-219 97;88;-;90;87;0;265;ЕГЭ;Нет;Нет;Да
445;На общих основаниях;166-057-694 91;88;-;84;91;2;265;ЕГЭ;Нет;Нет;Да
446;На общих основаниях;135-482-519 65;88;-;82;85;10;265;ЕГЭ;Нет;Нет;Да
447;На общих основаниях;156-788-028 15;88;-;80;87;10;265;ЕГЭ;Нет;Нет;Да
448;На общих основаниях;150-071-690 23;88;-;80;87;10;265;ЕГЭ;Нет;Нет;Да
449;На общих основаниях;168-877-675 59;88;-;80;87;10;265;ЕГЭ;Нет;Нет;Да
450;На общих основаниях;188-596-772 63;88;60;78;89;10;265;ЕГЭ;Нет;Нет;Да
451;На общих основаниях;169-188-984 43;88;-;78;89;10;265;ЕГЭ;Нет;Нет;Да
452;На общих основаниях;160-992-713 89;88;-;76;91;10;265;ЕГЭ;Нет;Нет;Да
453;На общих основаниях;165-083-489 80;-;87;80;96;2;265;ЕГЭ;Да;Нет;Нет
454;На общих основаниях;159-783-550 29;85;81;88;82;10;265;ЕГЭ;Нет;Нет;Да
455;На общих основаниях;158-979-446 54;85;-;86;94;0;265;ЕГЭ;Нет;Нет;Да
456;На общих основаниях;158-875-235 23;85;-;86;89;5;265;ЕГЭ;Нет;Нет;Да
457;На общих основаниях;187-975-136 44;85;-;82;98;0;265;ЕГЭ;Нет;Нет;Нет
458;На общих основаниях;206-808-239 60;85;-;76;94;10;265;ЕГЭ;Нет;Нет;Да
459;На общих основаниях;207-164-363 42;85;-;76;94;10;265;ЕГЭ;Нет;Нет;Да
460;На общих основаниях;178-548-204 11;85;-;74;96;10;265;ЕГЭ;Нет;Нет;Нет
461;На общих основаниях;187-569-418 38;85;-;74;96;10;265;ЕГЭ;Нет;Нет;Да
462;На общих основаниях;199-641-675 39;84;78;82;89;10;265;ЕГЭ;Да;Нет;Нет
463;На общих основаниях;155-441-916 66;83;-;86;96;0;265;ЕГЭ;Нет;Нет;Нет
464;На общих основаниях;154-546-575 84;83;58;84;96;2;265;ЕГЭ;Нет;Нет;Да
465;На общих основаниях;169-302-041 54;83;53;78;94;10;265;ЕГЭ;Нет;Нет;Да
466;На общих основаниях;159-172-390 87;83;-;74;98;10;265;ЕГЭ;Нет;Нет;Нет
467;На общих основаниях;162-476-563 83;-;81;76;98;10;265;ЕГЭ;Нет;Нет;Да
468;На общих основаниях;165-612-690 76;80;-;90;85;10;265;ЕГЭ;Да;Нет;Да
469;На общих основаниях;201-515-594 16;80;-;86;89;10;265;ЕГЭ;Нет;Нет;Да
470;На общих основаниях;189-902-683 33;80;-;84;91;10;265;ЕГЭ;Нет;Нет;Нет
471;На общих основаниях;182-260-290 52;75;78;92;85;10;265;ЕГЭ;Нет;Нет;Да
472;На общих основаниях;151-722-409 36;78;64;88;89;10;265;ЕГЭ;Нет;Нет;Да
473;На общих основаниях;168-340-913 82;-;78;86;91;10;265;ЕГЭ;Нет;Нет;Нет
474;На общих основаниях;173-271-046 50;75;-;82;98;10;265;ЕГЭ;Нет;Нет;Нет
475;На общих основаниях;159-262-050 71;-;99;74;91;0;264;ЕГЭ;Нет;Нет;Да
476;На общих основаниях;185-385-935 22;95;55;84;85;0;264;ЕГЭ;Нет;Нет;Да
477;На общих основаниях;198-198-674 54;95;-;84;85;0;264;ЕГЭ;Нет;Нет;Да
478;На общих основаниях;154-438-714 74;95;-;84;85;0;264;ЕГЭ;Нет;Нет;Да
479;На общих основаниях;164-502-055 37;95;-;80;89;0;264;ЕГЭ;Нет;Нет;Да
480;На общих основаниях;155-487-207 88;95;-;80;87;2;264;ЕГЭ;Да;Нет;Да
481;На общих основаниях;147-502-296 57;95;-;78;91;0;264;ЕГЭ;Нет;Нет;Нет
482;На общих основаниях;175-039-694 90;95;-;78;91;0;264;ЕГЭ;Нет;Нет;Нет
483;На общих основаниях;181-515-466 64;95;-;70;89;10;264;ЕГЭ;Нет;Нет;Да
484;На общих основаниях;160-662-028 42;93;89;96;73;2;264;ЕГЭ;Нет;Нет;Да
485;На общих основаниях;181-919-744 06;93;-;84;85;2;264;ЕГЭ;Нет;Нет;Да
486;На общих основаниях;166-274-733 91;93;-;82;89;0;264;ЕГЭ;Нет;Нет;Да
487;На общих основаниях;204-535-269 37;93;-;80;91;0;264;ЕГЭ;Нет;Нет;Нет
488;На общих основаниях;157-757-223 04;93;-;80;91;0;264;ЕГЭ;Нет;Нет;Да
489;На общих основаниях;158-760-683 12;93;-;74;87;10;264;ЕГЭ;Нет;Нет;Да
490;На общих основаниях;206-830-488 58;93;-;74;87;10;264;ЕГЭ;Нет;Нет;Да
491;На общих основаниях;166-504-889 93;90;-;86;78;10;264;ЕГЭ;Нет;Нет;Нет
492;На общих основаниях;148-374-297 96;90;-;84;85;5;264;ЕГЭ;Нет;Нет;Нет
493;На общих основаниях;157-257-557 94;90;-;84;80;10;264;ЕГЭ;Нет;Нет;Да
494;На общих основаниях;178-992-584 61;90;-;78;96;0;264;ЕГЭ;Нет;Нет;Да
495;На общих основаниях;160-191-035 22;90;56;78;94;2;264;ЕГЭ;Нет;Нет;Да
496;На общих основаниях;188-094-293 15;90;-;76;91;7;264;ЕГЭ;Нет;Нет;Нет
497;На общих основаниях;157-373-430 80;-;89;86;89;0;264;ЕГЭ;Нет;Нет;Да
498;На общих основаниях;196-298-635 39;88;-;84;82;10;264;ЕГЭ;Нет;Нет;Да
499;На общих основаниях;190-728-045 77;88;-;84;82;10;264;ЕГЭ;Нет;Нет;Да
500;На общих основаниях;167-330-680 72;88;83;80;96;0;264;ЕГЭ;Нет;Нет;Нет
501;На общих основаниях;199-461-283 25;88;-;80;94;2;264;ЕГЭ;Нет;Нет;Нет
502;На общих основаниях;189-940-693 47;88;-;80;94;2;264;ЕГЭ;Нет;Нет;Нет
503;На общих основаниях;174-655-926 09;88;-;80;94;2;264;ЕГЭ;Нет;Нет;Нет
504;На общих основаниях;161-057-518 41;88;-;72;94;10;264;ЕГЭ;Нет;Нет;Да
505;На общих основаниях;132-033-827 08;64;88;70;96;10;264;ЕГЭ;Нет;Нет;Да
506;На общих основаниях;199-243-226 02;-;87;90;87;0;264;ЕГЭ;Нет;Нет;Да
507;На общих основаниях;168-326-024 72;85;-;90;89;0;264;ЕГЭ;Нет;Нет;Да
508;На общих основаниях;156-134-631 52;-;85;84;91;4;264;ЕГЭ;Нет;Нет;Да
509;На общих основаниях;192-341-319 56;85;-;82;87;10;264;ЕГЭ;Нет;Нет;Нет
510;На общих основаниях;188-939-233 47;85;83;80;89;10;264;ЕГЭ;Нет;Нет;Нет
511;На общих основаниях;158-680-932 14;85;-;80;89;10;264;ЕГЭ;Нет;Нет;Да
512;На общих основаниях;174-671-560 94;85;72;80;89;10;264;ЕГЭ;Да;Нет;Нет
513;На общих основаниях;168-457-636 18;85;-;78;91;10;264;ЕГЭ;Нет;Нет;Да
514;На общих основаниях;186-354-684 10;85;-;78;91;10;264;ЕГЭ;Нет;Нет;Нет
515;На общих основаниях;157-960-688 22;85;-;78;91;10;264;ЕГЭ;Нет;Нет;Да
516;На общих основаниях;169-140-625 72;83;-;98;73;10;264;ЕГЭ;Нет;Нет;Нет
517;На общих основаниях;166-031-918 54;83;64;92;89;0;264;ЕГЭ;Нет;Нет;Да
518;На общих основаниях;187-807-362 19;83;72;92;89;0;264;ЕГЭ;Нет;Нет;Нет
519;На общих основаниях;165-782-410 95;83;-;86;85;10;264;ЕГЭ;Нет;Нет;Да
520;На общих основаниях;158-483-561 07;83;-;86;85;10;264;ЕГЭ;Нет;Нет;Да
521;На общих основаниях;167-615-629 97;83;-;80;91;10;264;ЕГЭ;Нет;Нет;Да
522;На общих основаниях;196-163-573 01;83;-;80;91;10;264;ЕГЭ;Нет;Нет;Да
523;На общих основаниях;191-274-224 64;80;-;92;82;10;264;ЕГЭ;Нет;Нет;Да
524;На общих основаниях;136-565-499 93;78;80;78;96;10;264;ЕГЭ;Нет;Нет;Да
525;На общих основаниях;202-019-594 09;78;-;88;98;0;264;ЕГЭ;Нет;Нет;Нет
526;На общих основаниях;160-286-162 49;-;78;86;90;10;264;ЕГЭ;Нет;Нет;Да
527;На общих основаниях;199-054-811 10;78;-;82;94;10;264;ЕГЭ;Нет;Нет;Нет
528;На общих основаниях;158-441-631 77;78;-;82;94;10;264;ЕГЭ;Нет;Нет;Нет
529;На общих основаниях;178-702-927 07;78;-;80;96;10;264;ЕГЭ;Нет;Нет;Да
530;На общих основаниях;175-773-873 28;-;76;82;96;10;264;ЕГЭ;Нет;Нет;Да
531;На общих основаниях;164-889-423 26;-;74;84;96;10;264;ЕГЭ;Нет;Нет;Да
532;На общих основаниях;161-449-147 61;-;74;84;96;10;264;ЕГЭ;Нет;Нет;Да
533;На общих основаниях;154-804-461 65;67;68;92;94;10;264;ЕГЭ;Нет;Нет;Да
534;На общих основаниях;154-588-156 97;100;-;80;73;10;263;ЕГЭ;Нет;Нет;Да
535;На общих основаниях;143-274-143 38;-;95;86;82;0;263;ЕГЭ;Нет;Нет;Нет
536;На общих основаниях;168-543-704 99;95;-;84;82;2;263;ЕГЭ;Нет;Нет;Нет
537;На общих основаниях;173-308-473 64;95;76;82;76;10;263;ЕГЭ;Нет;Нет;Да
538;На общих основаниях;167-662-719 10;95;-;80;88;0;263;ЕГЭ;Нет;Нет;Да
539;На общих основаниях;167-216-507 68;94;-;80;89;0;263;ЕГЭ;Да;Нет;Нет
540;На общих основаниях;185-418-279 97;93;52;88;82;0;263;ЕГЭ;Нет;Нет;Нет
541;На общих основаниях;207-502-252 22;93;-;88;82;0;263;ЕГЭ;Нет;Нет;Нет
542;На общих основаниях;184-338-031 72;93;78;84;76;10;263;ЕГЭ;Нет;Нет;Да
543;На общих основаниях;197-595-980 66;-;93;82;78;10;263;ЕГЭ;Нет;Нет;Да
544;На общих основаниях;202-410-497 98;93;-;78;82;10;263;ЕГЭ;Нет;Нет;Нет
545;На общих основаниях;174-833-261 86;93;-;76;94;0;263;ЕГЭ;Нет;Нет;Да
546;На общих основаниях;159-748-992 51;88;91;86;86;0;263;ЕГЭ;Нет;Нет;Да
547;На общих основаниях;166-204-826 60;90;-;88;85;0;263;ЕГЭ;Да;Нет;Да
548;На общих основаниях;195-450-312 77;90;-;86;87;0;263;ЕГЭ;Нет;Нет;Да
549;На общих основаниях;207-096-695 76;90;-;86;87;0;263;ЕГЭ;Нет;Нет;Да
550;На общих основаниях;177-492-426 11;90;-;86;87;0;263;ЕГЭ;Нет;Нет;Нет
551;На общих основаниях;168-627-390 12;90;-;86;87;0;263;ЕГЭ;Нет;Нет;Нет
552;На общих основаниях;157-748-010 93;90;-;82;91;0;263;ЕГЭ;Да;Нет;Да
553;На общих основаниях;175-773-299 20;90;-;78;85;10;263;ЕГЭ;Нет;Нет;Да
554;На общих основаниях;163-493-856 98;90;-;78;85;10;263;ЕГЭ;Да;Да;Да
555;На общих основаниях;171-189-366 80;90;-;78;85;10;263;ЕГЭ;Да;Нет;Нет
556;На общих основаниях;157-065-106 56;90;76;78;85;10;263;ЕГЭ;Нет;Нет;Да
557;На общих основаниях;171-209-113 27;90;-;76;87;10;263;ЕГЭ;Да;Нет;Да
558;На общих основаниях;199-665-447 55;90;-;72;91;10;263;ЕГЭ;Нет;Нет;Нет
559;На общих основаниях;204-853-514 51;88;-;90;85;0;263;ЕГЭ;Нет;Нет;Да
560;На общих основаниях;172-794-378 11;88;-;88;87;0;263;ЕГЭ;Нет;Нет;Да
561;На общих основаниях;205-926-159 62;88;-;88;87;0;263;ЕГЭ;Нет;Нет;Да
562;На общих основаниях;160-130-982 22;88;-;86;87;2;263;ЕГЭ;Нет;Нет;Да
563;На общих основаниях;156-657-814 08;88;-;80;85;10;263;ЕГЭ;Да;Да;Да
564;На общих основаниях;187-046-174 86;88;-;78;87;10;263;ЕГЭ;Нет;Нет;Нет
565;На общих основаниях;181-343-136 44;88;-;78;87;10;263;ЕГЭ;Нет;Нет;Да
566;На общих основаниях;194-077-142 84;88;62;78;87;10;263;ЕГЭ;Нет;Нет;Нет
567;На общих основаниях;164-974-011 92;88;-;76;89;10;263;ЕГЭ;Да;Да;Да
568;На общих основаниях;169-143-879 03;88;-;74;91;10;263;ЕГЭ;Нет;Нет;Да
569;На общих основаниях;165-405-365 61;75;85;92;86;0;263;ЕГЭ;Нет;Нет;Да
570;На общих основаниях;161-090-528 35;85;-;86;82;10;263;ЕГЭ;Нет;Нет;Да
571;На общих основаниях;147-305-921 59;85;-;84;94;0;263;ЕГЭ;Нет;Нет;Да
572;На общих основаниях;163-012-624 16;85;-;74;94;10;263;ЕГЭ;Нет;Нет;Нет
573;На общих основаниях;180-205-426 26;85;-;74;94;10;263;ЕГЭ;Да;Нет;Да
574;На общих основаниях;180-159-742 70;83;-;84;94;2;263;ЕГЭ;Да;Да;Да
575;На общих основаниях;180-813-754 72;83;-;84;91;5;263;ЕГЭ;Нет;Нет;Нет
576;На общих основаниях;163-309-328 52;83;-;76;94;10;263;ЕГЭ;Нет;Нет;Да
577;На общих основаниях;145-354-378 65;83;-;76;94;10;263;ЕГЭ;Нет;Нет;Да
578;На общих основаниях;167-489-172 23;80;-;84;89;10;263;ЕГЭ;Нет;Нет;Да
579;На общих основаниях;162-132-633 26;75;-;84;94;10;263;ЕГЭ;Нет;Нет;Да
580;На общих основаниях;179-285-689 41;72;-;90;91;10;263;ЕГЭ;Нет;Нет;Да
581;На общих основаниях;179-261-746 07;100;-;78;82;2;262;ЕГЭ;Нет;Нет;Нет
582;На общих основаниях;163-125-231 26;95;-;80;85;2;262;ЕГЭ;Да;Нет;Да
583;На общих основаниях;186-285-109 98;95;-;78;89;0;262;ЕГЭ;Нет;Нет;Нет
584;На общих основаниях;171-321-730 30;95;-;76;91;0;262;ЕГЭ;Нет;Нет;Да
585;На общих основаниях;159-892-584 46;93;-;84;85;0;262;ЕГЭ;Нет;Нет;Да
586;На общих основаниях;185-540-537 85;93;89;82;87;0;262;ЕГЭ;Нет;Нет;Нет
587;На общих основаниях;171-597-938 14;93;-;80;89;0;262;ЕГЭ;Нет;Нет;Да
588;На общих основаниях;166-342-870 82;93;-;80;89;0;262;ЕГЭ;Да;Нет;Да
589;На общих основаниях;202-639-380 43;93;-;80;89;0;262;ЕГЭ;Нет;Нет;Да
590;На общих основаниях;187-299-119 27;93;-;80;89;0;262;ЕГЭ;Нет;Нет;Нет
591;На общих основаниях;143-036-696 42;93;62;78;91;0;262;ЕГЭ;Да;Нет;Нет
592;На общих основаниях;153-760-257 64;93;-;74;85;10;262;ЕГЭ;Нет;Нет;Да
593;На общих основаниях;159-483-756 23;93;-;74;85;10;262;ЕГЭ;Нет;Нет;Да
594;На общих основаниях;148-275-949 06;-;91;88;73;10;262;ЕГЭ;Нет;Нет;Да
595;На общих основаниях;134-307-512 25;90;-;84;78;10;262;ЕГЭ;Нет;Нет;Да
596;На общих основаниях;178-658-682 48;90;83;82;85;5;262;ЕГЭ;Нет;Нет;Нет
597;На общих основаниях;170-325-490 42;90;-;78;94;0;262;ЕГЭ;Нет;Нет;Да
598;На общих основаниях;164-961-512 91;90;-;78;94;0;262;ЕГЭ;Нет;Нет;Да
599;На общих основаниях;158-763-284 13;90;-;78;89;5;262;ЕГЭ;Нет;Нет;Нет
600;На общих основаниях;158-698-190 37;90;76;76;96;0;262;ЕГЭ;Нет;Нет;Да
601;На общих основаниях;168-643-409 00;-;89;84;89;0;262;ЕГЭ;Нет;Нет;Да
602;На общих основаниях;169-691-602 23;83;89;78;85;10;262;ЕГЭ;Нет;Нет;Да
603;На общих основаниях;160-236-056 23;80;89;74;89;10;262;ЕГЭ;Нет;Нет;Да
604;На общих основаниях;165-446-352 80;88;-;94;80;0;262;ЕГЭ;Нет;Нет;Да
605;На общих основаниях;177-805-083 00;88;-;80;94;0;262;ЕГЭ;Нет;Нет;Нет
606;На общих основаниях;180-208-224 30;88;64;80;94;0;262;ЕГЭ;Нет;Нет;Нет
607;На общих основаниях;158-141-343 54;88;-;80;94;0;262;ЕГЭ;Да;Нет;Нет
608;На общих основаниях;168-348-728 14;88;-;80;89;5;262;ЕГЭ;Нет;Нет;Нет
609;На общих основаниях;185-105-973 77;88;-;78;96;0;262;ЕГЭ;Нет;Нет;Нет
610;На общих основаниях;201-185-432 10;85;87;84;89;2;262;ЕГЭ;Нет;Нет;Да
611;На общих основаниях;161-748-099 84;85;-;86;91;0;262;ЕГЭ;Нет;Нет;Да
612;На общих основаниях;149-672-498 19;85;-;86;91;0;262;ЕГЭ;Нет;Нет;Да
613;На общих основаниях;167-202-119 39;85;-;82;85;10;262;ЕГЭ;Нет;Нет;Да
614;На общих основаниях;171-397-240 76;85;-;80;87;10;262;ЕГЭ;Нет;Нет;Нет
615;На общих основаниях;185-755-452 17;85;-;80;87;10;262;ЕГЭ;Нет;Нет;Нет
616;На общих основаниях;156-997-376 45;83;85;80;87;10;262;ЕГЭ;Нет;Нет;Да
617;На общих основаниях;147-642-197 81;85;-;80;87;10;262;ЕГЭ;Нет;Нет;Нет
618;На общих основаниях;196-564-287 26;85;-;78;94;5;262;ЕГЭ;Нет;Нет;Нет
619;На общих основаниях;152-249-057 47;85;-;78;89;10;262;ЕГЭ;Нет;Нет;Да
620;На общих основаниях;183-636-004 72;85;-;78;89;10;262;ЕГЭ;Нет;Нет;Нет
621;На общих основаниях;162-573-004 51;85;-;78;89;10;262;ЕГЭ;Нет;Нет;Да
622;На общих основаниях;167-994-529 47;85;-;78;89;10;262;ЕГЭ;Нет;Нет;Нет
623;На общих основаниях;207-125-155 20;85;-;78;89;10;262;ЕГЭ;Нет;Нет;Да
624;На общих основаниях;193-921-023 76;85;-;76;91;10;262;ЕГЭ;Нет;Нет;Да
625;На общих основаниях;168-310-839 74;85;83;76;91;10;262;ЕГЭ;Нет;Нет;Да
626;На общих основаниях;167-082-282 77;83;-;92;87;0;262;ЕГЭ;Да;Нет;Да
627;На общих основаниях;184-632-882 00;83;-;90;89;0;262;ЕГЭ;Нет;Нет;Нет
628;На общих основаниях;196-504-690 03;-;83;84;85;10;262;ЕГЭ;Нет;Нет;Нет
629;На общих основаниях;132-610-353 09;83;44;82;87;10;262;ЕГЭ;Нет;Нет;Да
630;На общих основаниях;158-651-090 87;83;-;80;89;10;262;ЕГЭ;Нет;Нет;Да
631;На общих основаниях;141-973-357 74;83;-;80;89;10;262;ЕГЭ;Нет;Нет;Нет
632;На общих основаниях;202-294-780 41;83;-;80;89;10;262;ЕГЭ;Нет;Нет;Да
633;На общих основаниях;175-671-192 97;83;-;78;91;10;262;ЕГЭ;Нет;Нет;Нет
634;На общих основаниях;164-062-735 54;83;-;78;91;10;262;ЕГЭ;Нет;Нет;Да
635;На общих основаниях;201-763-858 50;-;83;78;91;10;262;ЕГЭ;Нет;Нет;Да
636;На общих основаниях;175-462-336 82;83;-;78;91;10;262;ЕГЭ;Нет;Нет;Нет
637;На общих основаниях;165-249-836 95;80;-;86;91;5;262;ЕГЭ;Нет;Нет;Нет
638;На общих основаниях;153-320-597 37;78;-;98;76;10;262;ЕГЭ;Нет;Нет;Да
639;На общих основаниях;149-344-830 87;78;-;84;98;2;262;ЕГЭ;Нет;Нет;Да
640;На общих основаниях;150-078-070 29;78;-;80;94;10;262;ЕГЭ;Нет;Нет;Да
641;На общих основаниях;138-031-187 33;-;76;80;96;10;262;ЕГЭ;Да;Нет;Нет
